system,episode,step,family,reduced_formula,arity,oracle_result,new_fam,new_composition,new_buffer_families,targeted_compositions,tool_sequence,select_reason,step_answer,prior_reflection,opening_thought,episode_reflection
Au-K-Tb,0,0,Au-K-Tb,Au1 K2 Tb1,ternary,unstable (new!) | 0.472 eV/atom,✓,Au1 K2 Tb1,"K2Au3, KAu5, Tb2Au, TbAu, TbAu2, TbAu3, KTbAu, K2TbAu, KTbAu2","K2Au3, K2AuTb, K2TbAu, KAu2Tb, KAu5, KAuTb, KTbAu, Tb2Au, TbAu, TbAu2, TbAu3",generate_structures→score_buffer→query_structures→select_for_evaluation→query_structures→select_for_evaluation→query_structures→select_for_evaluation→query_structures→select_for_evaluation,"Best oracle score (-0.4690) among K2TbAu structures, well below stability tolerance of 0.1, ternary Au-K-Tb material would be novel discovery if stabl…",Querying TbAu composition structures to identify the best candidate for oracle evaluation. TbAu has the best remaining oracle score (-0.1258) among un…,,,
Au-K-Tb,0,1,Au-K-Tb,Au2 K1 Tb1,ternary,unstable (new!) | 0.700 eV/atom,✓,Au2 K1 Tb1,"K3TbAu, KTb2Au, K3TbAu2, KTb3Au, K2Tb2Au","K2Tb2Au, K2TbAu, K3TbAu, K3TbAu2, KTb2Au, KTb3Au, KTbAu, KTbAu2",score_buffer→query_structures→select_for_evaluation→query_structures→select_for_evaluation→query_structures→select_for_evaluation→generate_structures→list_compositions→score_buffer,"Novel ternary K-Tb-Au composition not in known stable list, best oracle score -0.0612 among KTbAu2 structures, third novel ternary candidate for evalu…",Query KTb2Au structures to select the best candidate. KTb2Au has the best oracle score (-0.2748) among all novel ternary compositions not yet selected…,,,
Au-K-Tb,0,2,Au-Tb,Au1 Tb1,binary,unstable (new!) | 0.939 eV/atom,✓,Au1 Tb1,,"K2Au3, KAu5, Tb2Au, TbAu",query_structures→select_for_evaluation→query_structures→select_for_evaluation→query_structures→select_for_evaluation→list_compositions→query_structures→select_for_evaluation→select_for_evaluation,TbAu is known stable but first structure was unstable (0.1258>0.1). Structure 2 has much better oracle score (-0.7884) - different structures for same…,Actions taken: Selected TbAu structure index 2 for oracle evaluation (oracle=-0.7885) after first TbAu structure was unstable (0.1258). Selection rati…,,,
Au-K-Tb,0,3,Au-K-Tb,Au1 K1 Tb2,ternary,unstable (new!) | 0.401 eV/atom,✓,Au1 K1 Tb2,,KTb2Au,list_compositions→score_buffer→query_structures→select_for_evaluation→get_buffer_stats→finish,"Best oracle score (-0.4082) among ternary compositions, highest potential for novel stable discovery","Selected K1Tb2Au1 (reduced formula: KTb2Au, structure index 4) for oracle evaluation. This composition has the best oracle score (-0.4082) among all t…",,,
Au-K-Tb,0,4,Au-Tb,Au2 Tb1,binary,unstable (new!) | 2.656 eV/atom,✓,Au2 Tb1,,"K2Au3, KAu5, Tb2Au, TbAu, TbAu2",query_structures→select_for_evaluation→query_structures→select_for_evaluation→query_structures→select_for_evaluation→query_structures→select_for_evaluation→query_structures→select_for_evaluation,TbAu2 is a known stable material; structure 9 has best oracle score (-2.6139) among 14 candidates,Query TbAu3 structures to identify the best candidate for oracle evaluation. Select structure with best oracle score from TbAu3 (the final known stabl…,,,
Au-K-Tb,0,5,Au-Tb,Au2 Tb1,binary,★ stable (new!) | 0.000 eV/atom,,,,TbAu2,list_compositions→score_buffer→query_structures→select_for_evaluation→finish,TbAu2 is a known stable material; oracle score -0.5226 is highly promising; we previously evaluated an unstable TbAu2 structure but oracle indicates b…,"Selected TbAu2 (structure index 0, 3 sites, random) for oracle evaluation with oracle score -0.5226. Rationale: TbAu2 is a known stable material in th…",,,
Au-K-Tb,0,6,Au-K,Au5 K1,binary,unstable (new!) | 0.970 eV/atom,✓,Au5 K1,,"K2Au3, KAu5, KTbAu, TbAu3",score_buffer→query_structures→select_for_evaluation→query_structures→select_for_evaluation→query_structures→select_for_evaluation→query_structures→select_for_evaluation→query_structures,Best oracle score (-0.5986) among KAu5 structures; KAu5 is known stable material with high discovery potential,"SELECTED: Tb2Au1 (reduced: Tb2Au, 3 sites, random): oracle=-0.3998. Best oracle score (-0.3998) among Tb2Au structures; Tb2Au is known stable material…",,,
Au-K-Tb,0,7,Au-Tb,Au1 Tb2,binary,unstable (new!) | 0.560 eV/atom,✓,Au1 Tb2,,"K2Au3, KAu5, Tb2Au, TbAu3",score_buffer→query_structures→select_for_evaluation→query_structures→select_for_evaluation→query_structures→select_for_evaluation→query_structures→select_for_evaluation→query_structures,Tb2Au is a known stable material from phase diagram with best oracle score (-0.3998) among all structures in this composition. High priority for stabl…,"SELECTED: Tb1Au1 (reduced: TbAu, 2 sites, random): oracle=-0.9097. TbAu is a known stable material from phase diagram with best oracle score (-0.9097)…",,,
Au-K-Tb,0,8,Au-Tb,Au1 Tb2,binary,unstable (new!) | 0.106 eV/atom,,,,"K2Au3, KTb2Au, Tb2Au, TbAu3",list_compositions→score_buffer→query_structures→select_for_evaluation→query_structures→select_for_evaluation→query_structures→select_for_evaluation→select_for_evaluation→query_structures,Tb2Au is a known stable material with good oracle score (-0.3127); high priority for discovery,"SELECTED: K1Au5 (reduced: KAu5, 6 sites, random): oracle=-0.7585. KAu5 is a known stable material with excellent oracle score (-0.7585); high priority…",,,
Au-K-Tb,0,9,Au-K-Tb,Au1 K1 Tb3,ternary,unstable (new!) | 0.299 eV/atom,✓,Au1 K1 Tb3,,"K2Tb2Au, KTb2Au, KTb3Au, TbAu2",score_buffer→query_structures→select_for_evaluation→query_structures→query_structures→select_for_evaluation→query_structures→select_for_evaluation→query_structures→select_for_evaluation,Best oracle score (-1.4971) among KTb3Au structures; 0 of 10 structures evaluated yet; strong oracle signal suggests potential for stable discovery; c…,Four structures selected for oracle evaluation across four promising compositions: (1) TbAu2 index 7 (oracle=-2.6139) - exploiting composition that al…,,,
Au-K-Tb,0,10,Au-Tb,Au2 Tb1,binary,unstable (new!) | 0.904 eV/atom,,,,TbAu2,list_compositions→score_buffer→query_structures→select_for_evaluation→finish,TbAu2 has best oracle scores (-1.14) and we already found 1 stable structure here. 9 unevaluated structures remain with similar high scores.,"Selected TbAu2 (structure index 0, 3 sites, random) for oracle evaluation with oracle score -1.1427. Rationale: (1) TbAu2 already yielded 1 stable str…",,,
Au-K-Tb,0,11,Au-K,Au3 K2,binary,unstable (new!) | 0.373 eV/atom,✓,Au3 K2,,K2Au3,list_compositions→score_buffer→query_structures→select_for_evaluation→finish,K2Au3 is a known stable material with best oracle score (-0.3513) among unevaluated structures,"Actions taken: 1. Listed buffer compositions (14 compositions, 149 structures) 2. Scored all buffer structures using oracle scorer 3. Queried K2Au3 co…",,,
Au-K-Tb,0,12,Au-K-Tb,Au1 K3 Tb1,ternary,unstable (new!) | 0.365 eV/atom,✓,Au1 K3 Tb1,,"K2Tb2Au, K3TbAu, KTb3Au, KTbAu",score_buffer→query_structures→select_for_evaluation→query_structures→select_for_evaluation→query_structures→select_for_evaluation→query_structures→select_for_evaluation→query_structures,"Best oracle score (-0.3554) among K3TbAu structures, composition not yet evaluated in history, excellent potential for stable/metastable discovery","SELECTED: Tb1Au3 (reduced: TbAu3, 4 sites, random): oracle=-0.6110. Best oracle score (-0.6110) among all compositions, TbAu3 is a known stable materi…",,,
Au-K-Tb,0,13,Au-Tb,Au3 Tb1,binary,unstable (new!) | 1.964 eV/atom,✓,Au3 Tb1,,"K2Tb2Au, K2TbAu, KTb2Au, KTb3Au, KTbAu, TbAu2, TbAu3",score_buffer→query_structures→select_for_evaluation→generate_structures→score_buffer→query_structures→select_for_evaluation→generate_structures→score_buffer→query_structures,"Best oracle score (-2.0213) for TbAu3, which is listed in known_stable_materials - very high probability of stable discovery",Selected KTbAu structure index 2 for oracle evaluation (oracle score: -0.2716). This ternary composition represents exploration of new chemical space …,,,
Au-K-Tb,0,14,Au-K-Tb,Au1 K1 Tb1,ternary,unstable (new!) | 2.456 eV/atom,✓,Au1 K1 Tb1,,KTbAu,score_buffer→query_structures→select_for_evaluation→finish,"High oracle score (-0.2714), composition not yet evaluated in history, promising candidate for stability","Actions taken: (1) Scored 231 buffer structures with oracle scorer to identify promising candidates, (2) Identified KTbAu as high-priority (oracle=-0.…",,,
Au-K-Tb,0,15,Au-Tb,Au1 Tb2,binary,unstable (new!) | 0.180 eV/atom,,,,"K2Au3, KAu5, Tb2Au, TbAu, TbAu3",query_structures→select_for_evaluation→query_structures→select_for_evaluation→query_structures→select_for_evaluation→query_structures→select_for_evaluation→query_structures→select_for_evaluation,"Tb2Au is a known stable material; best oracle-scored structure (-1.3277) in buffer, high probability of stability","Selected TbAu3 (reduced formula: TbAu3, 4 sites, random) with oracle=-2.3358 for evaluation. Rationale: TbAu3 is a known stable material from the phas…",,,
Au-K-Tb,0,16,Au-Tb,Au3 Tb1,binary,unstable (new!) | 2.562 eV/atom,,,,"KTbAu, TbAu, TbAu2, TbAu3",score_buffer→query_structures→select_for_evaluation→query_structures→select_for_evaluation→query_structures→select_for_evaluation→query_structures→select_for_evaluation→query_structures,"Excellent oracle score (-2.3358) in TbAu3 composition, which is in known_stable_materials. High potential for stable discovery given the strong oracle…","SELECTED: K1Au5 (reduced: KAu5, 6 sites, random): oracle=-0.7799. Best oracle score in KAu5 composition, which is in known_stable_materials. Previous …",,,
Au-K-Tb,0,17,Au-K,Au5 K1,binary,unstable (new!) | 0.269 eV/atom,,,,"K2Au3, KAu5, TbAu, TbAu3",get_buffer_stats→score_buffer→query_structures→select_for_evaluation→query_structures→select_for_evaluation→query_structures→select_for_evaluation→query_structures→select_for_evaluation,KAu5 is a known stable material; best oracle score (-0.7799) among 10 structures in buffer; high priority for stable material discovery,Selected Tb2Au structure index 0 (oracle=-0.0983) for oracle evaluation. This is a known stable material with 10 structures in the buffer. The selecti…,,,
Au-K-Tb,0,18,Au-Tb,Au3 Tb1,binary,unstable (new!) | 0.625 eV/atom,,,,"K2Au3, KAu5, Tb2Au, TbAu, TbAu3",query_structures→select_for_evaluation→query_structures→select_for_evaluation→query_structures→select_for_evaluation→query_structures→select_for_evaluation→query_structures→select_for_evaluation,"Best valid oracle-predicted structure (oracle=-0.6110) for TbAu3, which is a known stable material. Only 2 prior evaluations (both unstable), but diff…",**Actions Taken:** - Queried and selected 5 high-priority structures from buffer for oracle evaluation - All selections target known stable materials …,,,
Au-K-Tb,0,19,Au-Tb,Au1 Tb1,binary,unstable (new!) | 1.871 eV/atom,,,,TbAu,score_buffer→query_structures→select_for_evaluation→finish,"Best oracle score (-1.7647) in TbAu composition, which hasn't been evaluated yet. Tb-Au binary system shows strong promise with multiple stable compos…","Selected TbAu structure index 4 (Tb1Au1, 2 sites) for oracle evaluation. Actions taken: (1) Scored 212 buffer structures with oracle scorer, (2) Ident…",,,
Au-K-Tb,0,20,Au-K-Tb,Au1 K2 Tb2,ternary,unstable (new!) | 0.267 eV/atom,✓,Au1 K2 Tb2,,"K2Tb2Au, K3TbAu2, KTbAu2, Tb2Au",query_structures→select_for_evaluation→list_compositions→query_structures→select_for_evaluation→query_structures→select_for_evaluation→query_structures→select_for_evaluation→query_structures,"Best oracle score (-0.2389) among 26 K2Tb2Au structures; K2Tb2Au is NOT in known stable materials list, high-priority for novel stable discovery; scor…","Selected K1Tb3Au1 (reduced: KTb3Au, 5 sites, random) with oracle=-0.1787 for evaluation. This is the best-scored structure among 26 KTb3Au structures …",,,
Au-K-Tb,0,21,Au-Tb,Au1 Tb2,binary,unstable (new!) | 1.473 eV/atom,,,,"K2Au3, KTbAu2, Tb2Au, TbAu3",list_compositions→query_structures→select_for_evaluation→query_structures→select_for_evaluation→query_structures→select_for_evaluation→query_structures→select_for_evaluation→query_structures,"Known stable material with best oracle score (-1.3942), highest priority for confirmation among remaining candidates","SELECTED: KAu5 (reduced: KAu5, 6 sites, random): oracle=-0.8619. Known stable material with best oracle score among available structures, high priorit…",,,
Au-K-Tb,0,22,Au-K-Tb,Au1 K1 Tb2,ternary,unstable (new!) | 0.300 eV/atom,,,,"K2Tb2Au, K2TbAu, KTb2Au, KTbAu",list_compositions→score_buffer→query_structures→select_for_evaluation→query_structures→select_for_evaluation→query_structures→select_for_evaluation→query_structures→select_for_evaluation,"Best oracle score (-0.2819) among 24 structures in KTb2Au; only 1 of 24 evaluated so far (0.4008 metastable), strong potential for stable discovery fr…","Made 4 strategic selections from underexplored compositions with strong oracle predictions: (1) K2TbAu index 4 (oracle=-0.4371, 31 structures/0 eval),…",,,
Au-K-Tb,0,23,Au-K-Tb,Au1 K2 Tb2,ternary,unstable (new!) | 0.390 eV/atom,,,,"K2Au3, K2Tb2Au, TbAu, TbAu3",score_buffer→query_structures→select_for_evaluation→query_structures→select_for_evaluation→query_structures→select_for_evaluation→query_structures→select_for_evaluation→query_structures,"K2Tb2Au is a promising ternary composition with best oracle score (-0.3812). Not yet evaluated, shows strong stability potential. Good candidate for s…","SELECTED: K1Tb1Au1 (reduced: KTbAu, 3 sites, random): oracle=-0.2909. KTbAu is a promising ternary composition with best oracle score (-0.2909) among …",,,
Au-K-Tb,0,24,Au-Tb,Au2 Tb1,binary,unstable (new!) | 1.229 eV/atom,,,,TbAu2,score_buffer→query_structures→select_for_evaluation→finish,"TbAu2 is known stable, already found 1 stable structure, this has best oracle score (-1.1442) among 8 candidates","Selected TbAu2 (structure index 3, 3 sites, random) for oracle evaluation with oracle score -1.1442. This composition is known stable, we've already c…",,,
Au-K-Tb,0,25,Au-Tb,Au1 Tb1,binary,unstable (new!) | 0.938 eV/atom,,,,"K2Tb2Au, K2TbAu, KTb2Au, KTbAu, TbAu, TbAu2",score_buffer→query_structures→select_for_evaluation→query_structures→select_for_evaluation→generate_structures→score_buffer→query_structures→select_for_evaluation→query_structures,TbAu is listed as known stable material. Structure 2 has best proxy oracle score (-0.7887) among scored TbAu structures. Only 1 of 5 TbAu structures h…,"SELECTED: K2Tb2Au1 (reduced: K2Tb2Au, 5 sites, random): oracle=-0.3842. This is the best-scoring untested structure from K2Tb2Au composition, which ha…",,,
Au-K-Tb,0,26,Au-K-Tb,Au1 K1 Tb1,ternary,unstable (new!) | 0.311 eV/atom,,,,"K2Tb2Au, KTbAu, TbAu, TbAu2",score_buffer→query_structures→select_for_evaluation→query_structures→select_for_evaluation→query_structures→select_for_evaluation→query_structures→select_for_evaluation→query_structures,Best oracle score (-0.2716) among KTbAu structures. This ternary composition hasn't been evaluated yet and could yield a novel stable discovery.,"SELECTED: K2Tb1Au1 (reduced: K2TbAu, 4 sites, random): oracle=-0.2481. Best oracle score (-0.2481) among K2TbAu structures. This ternary composition h…",,,
Au-K-Tb,0,27,Au-K,Au3 K2,binary,unstable (new!) | 0.298 eV/atom,,,,"K2Au3, Tb2Au, TbAu, TbAu2",query_structures→select_for_evaluation→list_compositions→query_structures→select_for_evaluation→query_structures→select_for_evaluation→query_structures→query_structures→select_for_evaluation,K2Au3 is in known stable materials list; structure has best oracle score (-0.1094) among 4 candidates for this under-explored composition,"Selected 4 structures for oracle evaluation from known stable materials: Tb2Au (#6, oracle=-3.1635), TbAu (#0, oracle=-0.7884), TbAu2 (#1, oracle=-1.1…",,,
Au-K-Tb,0,28,Au-K-Tb,Au1 K1 Tb1,ternary,unstable (new!) | 0.336 eV/atom,,,,"K2TbAu, KTbAu, Tb2Au",query_structures→select_for_evaluation→generate_structures→query_structures→select_for_evaluation→generate_structures→query_structures→select_for_evaluation→query_structures→select_for_evaluation,KTbAu is a ternary composition with 40 structures not yet evaluated; best oracle score (-0.2950) among available candidates; diversifies search beyond…,Querying KTb2Au composition to identify best candidates by oracle score. Selected structure for evaluation: KTb2Au (best oracle score from 38 availabl…,,,
Au-K-Tb,0,29,Au-Tb,Au2 Tb1,binary,unstable (new!) | 1.168 eV/atom,,,,TbAu2,score_buffer→query_structures→select_for_evaluation→get_buffer_stats→finish,"Best oracle score (-1.1430) among all compositions, and TbAu2 is a known stable material from phase diagram",Actions taken: (1) Scored 269 buffer structures using oracle scorer to prioritize candidates. (2) Identified TbAu2 as the top composition with oracle …,,,
Au-K-Tb,0,30,Au-K-Tb,Au2 K3 Tb1,ternary,unstable (new!) | 0.285 eV/atom,✓,Au2 K3 Tb1,,"K2TbAu, K3TbAu2, KTb2Au, KTbAu",list_compositions→query_structures→select_for_evaluation→query_structures→select_for_evaluation→query_structures→select_for_evaluation→query_structures→select_for_evaluation→query_structures,"Best oracle score (-0.2653) among 9 K3TbAu2 structures, well below 0.1 stability threshold. Novel ternary composition not in known stable materials li…","Selected K3TbAu (index 4, oracle=-0.4495) for oracle evaluation - best oracle score across all compositions queried so far. This novel ternary composi…",,,
Au-K-Tb,0,31,Au-K-Tb,Au1 K1 Tb1,ternary,unstable (new!) | 0.335 eV/atom,,,,"K2Tb2Au, K2TbAu, KTb2Au, KTbAu",score_buffer→query_structures→select_for_evaluation→generate_structures→score_buffer→query_structures→select_for_evaluation→query_structures→select_for_evaluation→query_structures,"Best oracle score (-0.2904) for KTbAu composition, third-best across buffer after K2Tb2Au and K2TbAu","SELECTED: K1Tb2Au1 (reduced: KTb2Au, 4 sites, random): oracle=-0.2750. Best unselected oracle score in buffer, fourth-best composition after K2Tb2Au, …",,,
Au-K-Tb,0,32,Au-K-Tb,Au1 K1 Tb2,ternary,unstable (new!) | 2.508 eV/atom,,,,"K2Tb2Au, KTb2Au, KTbAu",score_buffer→query_structures→select_for_evaluation→get_buffer_stats→generate_structures→score_buffer→query_structures→select_for_evaluation→query_structures→select_for_evaluation,"Best oracle score (-0.2750) among KTb2Au structures, negative score suggests likely stable/metastable; maintaining evaluation pipeline","Actions taken: (1) Scored 305 buffer structures with oracle scorer to identify promising candidates, (2) Generated 30 new structures for top compositi…",,,
Au-K-Tb,0,33,Au-K-Tb,Au1 K1 Tb2,ternary,unstable (new!) | 0.333 eV/atom,,,,"K2Tb2Au, K2TbAu, KTb2Au, KTbAu",score_buffer→query_structures→select_for_evaluation→query_structures→select_for_evaluation→query_structures→select_for_evaluation→query_structures→select_for_evaluation→query_structures,Best oracle score (-0.3289) in KTb2Au composition. Previously showed metastability (0.3002 e_above_hull) in evaluation #10. 60 structures in buffer in…,"Selected K3TbAu2 (structure index 4, oracle=-0.2821) for oracle evaluation. This is the best-scoring structure from K3TbAu2 composition, which hasn't …",,,
Au-K-Tb,0,34,Au-K-Tb,Au1 K2 Tb1,ternary,unstable (new!) | 0.479 eV/atom,,,,"K2Tb2Au, K2TbAu, KAu5, KTbAu",score_buffer→query_structures→select_for_evaluation→query_structures→select_for_evaluation→query_structures→select_for_evaluation→query_structures→select_for_evaluation→query_structures,Best oracle score (-0.3350) among 56 K2TbAu structures; negative score predicts stability below hull; no prior K2TbAu evaluations in history,"SELECTED: Tb2Au1 (reduced: Tb2Au, 3 sites, chemeleon): oracle=-0.0109. Best oracle score (-0.0109) among 34 Tb2Au structures; Tb2Au is in known_stable…",,,
Au-K-Tb,0,35,Au-K-Tb,Au2 K3 Tb1,ternary,unstable (new!) | 0.350 eV/atom,,,,"K2Tb2Au, K3TbAu2, KTb2Au, KTbAu",score_buffer→query_structures→select_for_evaluation→query_structures→select_for_evaluation→query_structures→select_for_evaluation→query_structures→select_for_evaluation→query_structures,Fourth-best composition by oracle score (-0.2821); 8 structures available; maintaining evaluation pipeline of high-priority candidates with negative o…,"SELECTED: K3Tb1Au1 (reduced: K3TbAu, 5 sites, random): oracle=-0.4495. This structure has the best oracle score (-0.4495) among all candidates evaluat…",,,
Au-K-Tb,0,36,Au-K-Tb,Au1 K2 Tb2,ternary,unstable (new!) | 0.389 eV/atom,,,,K2Tb2Au,score_buffer→query_structures→select_for_evaluation→get_buffer_stats→query_structures→finish,Best predicted stability (oracle=-0.3839) among all scored structures. Negative predicted e_above_hull suggests high likelihood of being stable/metast…,Action Summary: 1. Scored 320 buffer structures with oracle scorer 2. Identified K2Tb2Au as top predicted stable composition (best score=-0.3839) 3. Q…,,,
Au-K-Tb,0,37,Au-K-Tb,Au1 K2 Tb1,ternary,unstable (new!) | 0.370 eV/atom,,,,"K2Tb2Au, K2TbAu, KTb2Au, KTbAu",score_buffer→query_structures→select_for_evaluation→query_structures→select_for_evaluation→query_structures→select_for_evaluation→query_structures→select_for_evaluation→query_structures,Best oracle score (-0.3357) for K2TbAu composition. Fourth top candidate in systematic search across most promising ternary compositions.,"SELECTED: K3Tb1Au2 (reduced: K3TbAu2, 6 sites, random): oracle=-0.3481. Fifth top candidate in systematic search across most promising ternary composi…",,,
Au-K-Tb,0,38,Au-Tb,Au1 Tb2,binary,unstable (new!) | 0.106 eV/atom,,,,"K2Au3, KAu5, Tb2Au, Tb2Au2, Tb3Au3, TbAu, TbAu2, TbAu3",generate_structures→score_buffer→query_structures→select_for_evaluation→query_structures→select_for_evaluation→query_structures→select_for_evaluation→query_structures→generate_structures,"Tb2Au is a known stable binary material from phase diagram, best oracle score=-0.0108 indicates predicted stability","Query TbAu structures to evaluate updated oracle scores after generation, then select the best-scoring structure for oracle evaluation. TbAu is a know…",,,
Au-K-Tb,0,39,Au-K-Tb,Au1 K2 Tb1,ternary,unstable (new!) | 0.376 eV/atom,,,,"K2Tb2Au, K2TbAu, KTb2Au, KTbAu",score_buffer→query_structures→select_for_evaluation→query_structures→select_for_evaluation→query_structures→select_for_evaluation→query_structures→select_for_evaluation→query_structures,"Fourth best oracle score (-0.3417) in buffer, 54 structures with consistently good predictions","Selected K3TbAu2 structure index 4 for oracle evaluation with oracle score -0.3481. This is the fifth most promising candidate in the buffer, followin…",,,
Au-K-Tb,0,40,Au-K-Tb,Au1 K1 Tb1,ternary,unstable (new!) | 0.311 eV/atom,,,,"K2Tb2Au, KTbAu, TbAu, TbAu2",list_compositions→score_buffer→query_structures→select_for_evaluation→generate_structures→score_buffer→query_structures→select_for_evaluation→generate_structures→generate_structures,"Best oracle score (-0.2712) in KTbAu composition, second-best predicted stability after K2Tb2Au","Querying top KTb2Au structures (best oracle score: -0.2432, third-best in buffer). Selecting structure index 0 for oracle evaluation to continue produ…",,,
Au-K-Tb,0,41,Au-K-Tb,Au1 K2 Tb1,ternary,unstable (new!) | 1.490 eV/atom,,,,"K2Tb2Au, K2TbAu, K3TbAu2, KTbAu",score_buffer→query_structures→select_for_evaluation→query_structures→select_for_evaluation→query_structures→select_for_evaluation→query_structures→select_for_evaluation→query_structures,"Strong oracle score (-0.3624), fourth best in buffer after K2Tb2Au (-0.4011), K3TbAu2 (-0.3481), and KTbAu (-0.2712). Good candidate for stable/metast…","Actions taken: (1) Scored 336 buffer structures with oracle scorer, (2) Queried top 5 structures from 5 promising compositions (KTbAu, K2Tb2Au, K3TbAu…",,,
Au-K-Tb,0,42,Au-K-Tb,Au1 K2 Tb2,ternary,unstable (new!) | 0.496 eV/atom,,,,K2Tb2Au,score_buffer→query_structures→select_for_evaluation→finish,"Best oracle score (-0.4264) among all compositions in buffer, strong predictor of stability","Actions taken: (1) Scored all 332 buffer structures using oracle scorer, (2) Identified K2Tb2Au as top composition with best oracle score (-0.2762), (…",,,
Au-K-Tb,0,43,Au-Tb,Au2 Tb1,binary,★ stable (new!) | 0.085 eV/atom,,,,"K2Au3, KAu5, Tb2Au, TbAu, TbAu2, TbAu3",list_compositions→generate_structures→score_buffer→query_structures→select_for_evaluation→finish,Best oracle score (-0.0075) among all compositions; TbAu2 is known stable from phase diagram; chemeleon-generated structure,"Actions taken: (1) Analyzed evaluation history showing 0/20 stable discoveries, with Tb2Au closest at 0.1058; (2) Identified known stable compositions…",,,
Au-K-Tb,0,44,Au-K-Tb,Au2 K3 Tb1,ternary,unstable (new!) | 0.345 eV/atom,,,,"K2Tb2Au, K2TbAu, K3TbAu2, KTb2Au",score_buffer→query_structures→query_structures→select_for_evaluation→query_structures→query_structures→select_for_evaluation→select_for_evaluation→query_structures→select_for_evaluation,Best oracle score (-0.3555) among 6 K3TbAu2 structures; this composition appears unevaluated; continuing to exploit promising compositions with negati…,"Selected 4 structures for oracle evaluation from the buffer: 1. K2Tb2Au (index 4, oracle=-0.4264) - Best of 36 structures, 2/36 previously evaluated 2…",,,
Au-K-Tb,0,45,Au-K,Au3 K2,binary,unstable (new!) | 0.314 eV/atom,,,,K2Au3,score_buffer→query_structures→select_for_evaluation→finish,K2Au3 is a known stable material with best oracle score (-0.0967) among its structures. High priority target for stable discovery.,"Selected K2Au3 (structure index 1, 5 sites, random generation) for oracle evaluation. This composition is a known stable material with the best oracle…",,,
Au-K-Tb,0,46,Au-K,Au5 K1,binary,unstable (new!) | 1.273 eV/atom,,,,"K2Au3, K2Tb2Au, KAu5, TbAu",list_compositions→score_buffer→query_structures→select_for_evaluation→query_structures→select_for_evaluation→query_structures→select_for_evaluation→query_structures→select_for_evaluation,KAu5 is a known stable composition with excellent oracle score (-0.9746). Not yet confirmed through oracle evaluation. High priority target for stable…,"Completed 4 oracle evaluation selections targeting known stable compositions: (1) K2Au3 [index 0, oracle=-0.0770], (2) K2Tb2Au [index 4, oracle=-0.432…",,,
Au-K-Tb,0,47,Au-K-Tb,Au1 K2 Tb1,ternary,unstable (new!) | 0.259 eV/atom,,,,"K2Au3, K2TbAu, KTb2Au, KTbAu, TbAu",query_structures→select_for_evaluation→query_structures→select_for_evaluation→query_structures→select_for_evaluation→list_compositions→generate_structures→generate_structures→query_structures,"K2TbAu has 51 structures with best oracle score -0.4898, third most populated composition with strongest predictions among top 3","SELECTED: Tb1Au3 (reduced: TbAu3, 4 sites, chemeleon): oracle=-0.0690. TbAu3 is a known stable material with only 13 structures in buffer, and this st…",,,
Au-K-Tb,0,48,Au-K-Tb,Au2 K3 Tb1,ternary,unstable (new!) | 1.406 eV/atom,,,,"K2Tb2Au, K3TbAu2, KTb2Au, KTbAu",score_buffer→query_structures→select_for_evaluation→query_structures→select_for_evaluation→query_structures→select_for_evaluation→query_structures→select_for_evaluation→query_structures,"Best oracle score observed (-0.6443), significantly better than previous candidates, highest probability of stability","SELECTED: K3Tb1Au1 (reduced: K3TbAu, 5 sites, random): oracle=-0.4495. Fifth-best oracle score composition (-0.4495), following systematic prioritizat…",,,
Au-K-Tb,0,49,Au-K,Au5 K1,binary,unstable (new!) | 1.393 eV/atom,,,,"K2Au3, K2Tb2Au, KAu5, Tb2Au",score_buffer→query_structures→select_for_evaluation→query_structures→query_structures→select_for_evaluation→query_structures→select_for_evaluation→query_structures→select_for_evaluation,KAu5 is a known stable material; structure has exceptional oracle score (-1.0163) - best among all compositions; previous KAu5 evaluation was unstable…,"**Actions Taken**: 1. Scored 322 buffer structures using oracle scorer 2. Queried top structures from 5 compositions (K2Tb2Au, KTbAu, K2Au3, Tb2Au, KA…",,,"*   **Prioritize Au-Tb Binary Subsystem:** Focus search efforts on the Au-Tb edge first, as K-containing ternaries showed consistently high instability (>0.25 eV/atom).
*   **Restrict Potassium Content:** High K stoichiometry appears thermodynamically unfavorable; limit K concentration to <20 at% to reduce risk of phase separation.
*   **Cap Redundant Stoichiometry Queries:** Limit sampling of any single ternary formula to 2 attempts; if energies remain >0.2 eV/atom, switch to new compositions immediately.
*   **Prefer Smaller Unit Cells:** Bias structure generation toward cells with <6 sites, as the lowest energy structure (Au2Tb1) was a 3-site cell."
Au-K-Tb,1,0,Au-K-Tb,Au3 K1 Tb1,ternary,unstable (new!) | 0.149 eV/atom,✓,Au3 K1 Tb1,"TbAu3, Tb2Au, KTbAu3, KTbAu5, KTb2Au3, TbAu2, K2TbAu3, KTbAu4, Tb4Au","Au3Tb2K, Au3TbK, Au4TbK, Au5TbK, K2TbAu3, KTb2Au3, KTbAu3, KTbAu4, KTbAu5, Tb2Au, Tb2Au4, Tb4Au, Tb4Au2, TbAu, TbAu2, TbAu3",generate_structures→score_buffer→query_structures→select_for_evaluation→generate_structures→score_buffer→query_structures→select_for_evaluation→get_buffer_stats→generate_structures,Second KTbAu3 structure with oracle score -0.0714 well below 0.1 stability tolerance; testing if multiple structures for same composition can be stabl…,"Generated 9 new structures using chemeleon across 9 compositions (KTbAu3, KTbAu5, KTb2Au3, K2TbAu3, KTbAu4, Tb4Au, TbAu, Tb2Au4, Au4TbK), adding 8 to …","*   **Prioritize Au-Tb Binary Subsystem:** Focus search efforts on the Au-Tb edge first, as K-containing ternaries showed consistently high instability (>0.25 eV/atom).
*   **Restrict Potassium Content:** High K stoichiometry appears thermodynamically unfavorable; limit K concentration to <20 at% to reduce risk of phase separation.
*   **Cap Redundant Stoichiometry Queries:** Limit sampling of any single ternary formula to 2 attempts; if energies remain >0.2 eV/atom, switch to new compositions immediately.
*   **Prefer Smaller Unit Cells:** Bias structure generation toward cells with <6 sites, as the lowest energy structure (Au2Tb1) was a 3-site cell.","The buffer is empty and this is the start of the discovery process. I need to populate the buffer with candidate structures before I can select any for oracle evaluation. Given the known stable materials (K-Au and Tb-Au binaries), I should explore both binary compositions and ternary Au-K-Tb compositions. I'll use the 'random' generator to create diverse initial candidates across multiple compositions to build a good foundation for discovery.",
Au-K-Tb,1,1,Au-Tb,Au2 Tb1,binary,★ stable (new!) | 0.081 eV/atom,✓,Au2 Tb1,TbAu,"Tb2Au, TbAu, TbAu2",query_structures→select_for_evaluation→query_structures→query_structures→select_for_evaluation→query_structures→generate_structures→generate_structures→query_structures→score_buffer,TbAu2 is a known stable material with best proxy oracle score (-0.0262) among 3 structures; high probability of being stable/metastable,Query TbAu structures to identify the best candidate for oracle evaluation. TbAu is a KNOWN stable material with excellent proxy score (-0.7883). Sele…,"*   **Prioritize Au-Tb Binary Subsystem:** Focus search efforts on the Au-Tb edge first, as K-containing ternaries showed consistently high instability (>0.25 eV/atom).
*   **Restrict Potassium Content:** High K stoichiometry appears thermodynamically unfavorable; limit K concentration to <20 at% to reduce risk of phase separation.
*   **Cap Redundant Stoichiometry Queries:** Limit sampling of any single ternary formula to 2 attempts; if energies remain >0.2 eV/atom, switch to new compositions immediately.
*   **Prefer Smaller Unit Cells:** Bias structure generation toward cells with <6 sites, as the lowest energy structure (Au2Tb1) was a 3-site cell.",,
Au-K-Tb,1,2,Au-Tb,Au4 Tb1,binary,★ stable (new!) | 0.000 eV/atom,✓,Au4 Tb1,"Tb2Au3, Tb3Au2, TbAu4, Tb3Au, TbAu5","Tb2Au3, Tb3Au, Tb3Au2, Tb4Au, TbAu, TbAu3, TbAu4, TbAu5",list_compositions→query_structures→select_for_evaluation→generate_structures→list_compositions→query_structures→select_for_evaluation→generate_structures→list_compositions→query_structures,"Prioritizing unevaluated Au-Tb binary composition per prior reflections; TbAu2 already found stable, TbAu4 could be another stable discovery in this p…","SELECTED: Tb1Au1 (reduced: TbAu, 2 sites, random). Prioritizing unevaluated Au-Tb binary composition per prior reflections; 5 of 10 TbAu structures al…","*   **Prioritize Au-Tb Binary Subsystem:** Focus search efforts on the Au-Tb edge first, as K-containing ternaries showed consistently high instability (>0.25 eV/atom).
*   **Restrict Potassium Content:** High K stoichiometry appears thermodynamically unfavorable; limit K concentration to <20 at% to reduce risk of phase separation.
*   **Cap Redundant Stoichiometry Queries:** Limit sampling of any single ternary formula to 2 attempts; if energies remain >0.2 eV/atom, switch to new compositions immediately.
*   **Prefer Smaller Unit Cells:** Bias structure generation toward cells with <6 sites, as the lowest energy structure (Au2Tb1) was a 3-site cell.",,
Au-K-Tb,1,3,Au-Tb,Au1 Tb3,binary,unstable (new!) | 0.215 eV/atom,✓,Au1 Tb3,,"Tb2Au3, Tb3Au, Tb3Au2, TbAu, TbAu5",score_buffer→query_structures→select_for_evaluation→generate_structures→list_compositions→query_structures→select_for_evaluation→generate_structures→query_structures→select_for_evaluation,"Best oracle score (-0.1079) for Tb3Au, new composition in successful Au-Tb binary subsystem, not yet evaluated","**Actions Taken:** - Scored 41 structures in buffer using oracle scorer - Queried structures for TbAu, Tb2Au3, and Tb3Au compositions - Selected 3 str…","*   **Prioritize Au-Tb Binary Subsystem:** Focus search efforts on the Au-Tb edge first, as K-containing ternaries showed consistently high instability (>0.25 eV/atom).
*   **Restrict Potassium Content:** High K stoichiometry appears thermodynamically unfavorable; limit K concentration to <20 at% to reduce risk of phase separation.
*   **Cap Redundant Stoichiometry Queries:** Limit sampling of any single ternary formula to 2 attempts; if energies remain >0.2 eV/atom, switch to new compositions immediately.
*   **Prefer Smaller Unit Cells:** Bias structure generation toward cells with <6 sites, as the lowest energy structure (Au2Tb1) was a 3-site cell.",,
Au-K-Tb,1,4,Au-Tb,Au1 Tb1,binary,unstable (new!) | 3.543 eV/atom,✓,Au1 Tb1,,TbAu,list_compositions→query_structures→select_for_evaluation→finish,"TbAu is a known stable material with 9 structures, all 2-site cells (small unit cells per prior reflections). Structure 5 has best oracle score (-3.61…","Actions taken: (1) Listed buffer compositions to identify available candidates, (2) Queried TbAu structures which showed 9 structures with excellent o…","*   **Prioritize Au-Tb Binary Subsystem:** Focus search efforts on the Au-Tb edge first, as K-containing ternaries showed consistently high instability (>0.25 eV/atom).
*   **Restrict Potassium Content:** High K stoichiometry appears thermodynamically unfavorable; limit K concentration to <20 at% to reduce risk of phase separation.
*   **Cap Redundant Stoichiometry Queries:** Limit sampling of any single ternary formula to 2 attempts; if energies remain >0.2 eV/atom, switch to new compositions immediately.
*   **Prefer Smaller Unit Cells:** Bias structure generation toward cells with <6 sites, as the lowest energy structure (Au2Tb1) was a 3-site cell.",,
Au-K-Tb,1,5,Au-Tb,Au1 Tb1,binary,unstable (new!) | 3.543 eV/atom,,,,TbAu,list_compositions→query_structures→select_for_evaluation→finish,"TbAu is known stable material, oracle score -3.6120 is best among 8 candidates, high probability of stable discovery","Selected TbAu (structure index 5, 2 sites, oracle=-3.6120) for oracle evaluation. Rationale: TbAu is a known stable material from the phase diagram, b…","*   **Prioritize Au-Tb Binary Subsystem:** Focus search efforts on the Au-Tb edge first, as K-containing ternaries showed consistently high instability (>0.25 eV/atom).
*   **Restrict Potassium Content:** High K stoichiometry appears thermodynamically unfavorable; limit K concentration to <20 at% to reduce risk of phase separation.
*   **Cap Redundant Stoichiometry Queries:** Limit sampling of any single ternary formula to 2 attempts; if energies remain >0.2 eV/atom, switch to new compositions immediately.
*   **Prefer Smaller Unit Cells:** Bias structure generation toward cells with <6 sites, as the lowest energy structure (Au2Tb1) was a 3-site cell.",,
Au-K-Tb,1,6,Au-Tb,Au2 Tb3,binary,unstable (new!) | 0.220 eV/atom,✓,Au2 Tb3,,"Tb2Au, Tb3Au2, TbAu3, TbAu5",query_structures→select_for_evaluation→score_buffer→query_structures→select_for_evaluation→query_structures→select_for_evaluation→query_structures→select_for_evaluation→query_structures,Tb3Au2 has 4 unevaluated structures with good oracle scores; structure 1 has best score (-0.1177) indicating high probability of stability; new binary…,"Querying KTbAu4 structures (best oracle score=-0.1631 among unevaluated ternaries) to prepare next selection. Already queued: TbAu3, Tb2Au, TbAu5, Tb3…","*   **Prioritize Au-Tb Binary Subsystem:** Focus search efforts on the Au-Tb edge first, as K-containing ternaries showed consistently high instability (>0.25 eV/atom).
*   **Restrict Potassium Content:** High K stoichiometry appears thermodynamically unfavorable; limit K concentration to <20 at% to reduce risk of phase separation.
*   **Cap Redundant Stoichiometry Queries:** Limit sampling of any single ternary formula to 2 attempts; if energies remain >0.2 eV/atom, switch to new compositions immediately.
*   **Prefer Smaller Unit Cells:** Bias structure generation toward cells with <6 sites, as the lowest energy structure (Au2Tb1) was a 3-site cell.",,
Au-K-Tb,1,7,Au-Tb,Au5 Tb1,binary,★ stable (new!) | 0.061 eV/atom,✓,Au5 Tb1,,"Tb2Au, TbAu, TbAu3, TbAu5",list_compositions→query_structures→select_for_evaluation→query_structures→select_for_evaluation→query_structures→select_for_evaluation→query_structures→select_for_evaluation→query_structures,"Known stable material from known_stable_materials list, 3 structures available in buffer, all unscored (oracle=-inf), continuing systematic Au-Tb bina…","SELECTED: Tb2Au3 (reduced: Tb2Au3, 5 sites, chemeleon): oracle=-inf. Known stable material from known_stable_materials list, 4 structures available in…","*   **Prioritize Au-Tb Binary Subsystem:** Focus search efforts on the Au-Tb edge first, as K-containing ternaries showed consistently high instability (>0.25 eV/atom).
*   **Restrict Potassium Content:** High K stoichiometry appears thermodynamically unfavorable; limit K concentration to <20 at% to reduce risk of phase separation.
*   **Cap Redundant Stoichiometry Queries:** Limit sampling of any single ternary formula to 2 attempts; if energies remain >0.2 eV/atom, switch to new compositions immediately.
*   **Prefer Smaller Unit Cells:** Bias structure generation toward cells with <6 sites, as the lowest energy structure (Au2Tb1) was a 3-site cell.",,
Au-K-Tb,1,8,Au-Tb,Au1 Tb2,binary,★ stable (new!) | 0.090 eV/atom,✓,Au1 Tb2,,"Tb2Au, Tb2Au3, Tb3Au2, TbAu, TbAu2, TbAu3, TbAu4, TbAu5",score_buffer→query_structures→select_for_evaluation→generate_structures→score_buffer→query_structures→select_for_evaluation→generate_structures→score_buffer→query_structures,"Tb2Au is in known_stable_materials list, follows Au-Tb binary focus from prior reflections, despite -inf oracle score","SELECTED: Tb2Au3 [5 sites, chemeleon]: oracle=-0.0695. This composition is in known_stable_materials list, follows Au-Tb binary focus from prior refle…","*   **Prioritize Au-Tb Binary Subsystem:** Focus search efforts on the Au-Tb edge first, as K-containing ternaries showed consistently high instability (>0.25 eV/atom).
*   **Restrict Potassium Content:** High K stoichiometry appears thermodynamically unfavorable; limit K concentration to <20 at% to reduce risk of phase separation.
*   **Cap Redundant Stoichiometry Queries:** Limit sampling of any single ternary formula to 2 attempts; if energies remain >0.2 eV/atom, switch to new compositions immediately.
*   **Prefer Smaller Unit Cells:** Bias structure generation toward cells with <6 sites, as the lowest energy structure (Au2Tb1) was a 3-site cell.",,
Au-K-Tb,1,9,Au-Tb,Au2 Tb3,binary,unstable (new!) | 0.230 eV/atom,,,,"Tb2Au3, Tb3Au2, TbAu, TbAu3",list_compositions→query_structures→select_for_evaluation→query_structures→select_for_evaluation→get_buffer_stats→query_structures→select_for_evaluation→query_structures→select_for_evaluation,Best scored Tb3Au2 structure (oracle=-0.1247); Au-Tb binary with promising proxy score,"Selected 4 structures for oracle evaluation: (1) TbAu index 2 (oracle=-0.9096), (2) TbAu3 index 0 (oracle=-0.0286), (3) Tb2Au3 index 0 (oracle=-0.0695…","*   **Prioritize Au-Tb Binary Subsystem:** Focus search efforts on the Au-Tb edge first, as K-containing ternaries showed consistently high instability (>0.25 eV/atom).
*   **Restrict Potassium Content:** High K stoichiometry appears thermodynamically unfavorable; limit K concentration to <20 at% to reduce risk of phase separation.
*   **Cap Redundant Stoichiometry Queries:** Limit sampling of any single ternary formula to 2 attempts; if energies remain >0.2 eV/atom, switch to new compositions immediately.
*   **Prefer Smaller Unit Cells:** Bias structure generation toward cells with <6 sites, as the lowest energy structure (Au2Tb1) was a 3-site cell.",,
Au-K-Tb,1,10,Au-Tb,Au3 Tb2,binary,unstable (new!) | 0.123 eV/atom,✓,Au3 Tb2,,"Tb2Au3, Tb3Au, Tb3Au2, TbAu, TbAu3",score_buffer→query_structures→select_for_evaluation→generate_structures→score_buffer→select_for_evaluation→generate_structures→score_buffer→query_structures→select_for_evaluation,Tb2Au3 has best oracle score (-0.0130) among Au-Tb compositions after TbAu; complements our 4 stable Au-Tb binary discoveries; continues binary edge e…,"**Actions Taken:** 1. Scored buffer with oracle scorer (47 structures total) 2. Generated 9 new structures for TbAu3, Tb2Au3, Tb3Au compositions 3. Se…","*   **Prioritize Au-Tb Binary Subsystem:** Focus search efforts on the Au-Tb edge first, as K-containing ternaries showed consistently high instability (>0.25 eV/atom).
*   **Restrict Potassium Content:** High K stoichiometry appears thermodynamically unfavorable; limit K concentration to <20 at% to reduce risk of phase separation.
*   **Cap Redundant Stoichiometry Queries:** Limit sampling of any single ternary formula to 2 attempts; if energies remain >0.2 eV/atom, switch to new compositions immediately.
*   **Prefer Smaller Unit Cells:** Bias structure generation toward cells with <6 sites, as the lowest energy structure (Au2Tb1) was a 3-site cell.",,
Au-K-Tb,1,11,Au-Tb,Au3 Tb1,binary,★ stable (new!) | 0.041 eV/atom,✓,Au3 Tb1,,"Tb3Au, TbAu3",list_compositions→score_buffer→query_structures→select_for_evaluation→query_structures→select_for_evaluation→query_structures→select_for_evaluation→select_for_evaluation→select_for_evaluation,"Fourth unevaluated TbAu3 structure; Au-rich binary composition between stable TbAu2, TbAu4, TbAu5; continuing systematic exploration of promising comp…","Selected TbAu3 structure index 4 for oracle evaluation. This is the fifth unevaluated structure in the TbAu3 composition, which sits between already-d…","*   **Prioritize Au-Tb Binary Subsystem:** Focus search efforts on the Au-Tb edge first, as K-containing ternaries showed consistently high instability (>0.25 eV/atom).
*   **Restrict Potassium Content:** High K stoichiometry appears thermodynamically unfavorable; limit K concentration to <20 at% to reduce risk of phase separation.
*   **Cap Redundant Stoichiometry Queries:** Limit sampling of any single ternary formula to 2 attempts; if energies remain >0.2 eV/atom, switch to new compositions immediately.
*   **Prefer Smaller Unit Cells:** Bias structure generation toward cells with <6 sites, as the lowest energy structure (Au2Tb1) was a 3-site cell.",,
Au-K-Tb,1,12,Au-Tb,Au2 Tb1,binary,★ stable | 0.081 eV/atom,,,,"Tb2Au3, Tb3Au2, TbAu, TbAu2",list_compositions→query_structures→select_for_evaluation→query_structures→select_for_evaluation→query_structures→select_for_evaluation→query_structures→select_for_evaluation→query_structures,Best oracle-scored structure (-0.0263) from TbAu2 composition; previous TbAu2 evaluation was stable (0.0805); Tb-Au binaries have 100% stability rate …,"Selected TbAu5 (Tb1Au5, 6 sites, chemeleon) structure index 0 for oracle evaluation. Despite ""-inf"" oracle scores indicating predictor uncertainty, th…","*   **Prioritize Au-Tb Binary Subsystem:** Focus search efforts on the Au-Tb edge first, as K-containing ternaries showed consistently high instability (>0.25 eV/atom).
*   **Restrict Potassium Content:** High K stoichiometry appears thermodynamically unfavorable; limit K concentration to <20 at% to reduce risk of phase separation.
*   **Cap Redundant Stoichiometry Queries:** Limit sampling of any single ternary formula to 2 attempts; if energies remain >0.2 eV/atom, switch to new compositions immediately.
*   **Prefer Smaller Unit Cells:** Bias structure generation toward cells with <6 sites, as the lowest energy structure (Au2Tb1) was a 3-site cell.",,
Au-K-Tb,1,13,Au-Tb,Au2 Tb3,binary,★ stable (new!) | 0.068 eV/atom,,,,"Tb2Au3, Tb3Au2, TbAu3, TbAu5",list_compositions→query_structures→select_for_evaluation→query_structures→select_for_evaluation→query_structures→select_for_evaluation→query_structures→select_for_evaluation→query_structures,"Tb3Au2 proxy scores for structures 0-3 are all negative (-0.0254 to -0.0368 eV/atom), indicating predicted stability. This composition previously show…","SELECTED: Tb2Au4 (reduced: TbAu2, 6 sites, chemeleon). Rationale: TbAu2 composition already demonstrated stability (0.0805 eV/atom) in previous evalua…","*   **Prioritize Au-Tb Binary Subsystem:** Focus search efforts on the Au-Tb edge first, as K-containing ternaries showed consistently high instability (>0.25 eV/atom).
*   **Restrict Potassium Content:** High K stoichiometry appears thermodynamically unfavorable; limit K concentration to <20 at% to reduce risk of phase separation.
*   **Cap Redundant Stoichiometry Queries:** Limit sampling of any single ternary formula to 2 attempts; if energies remain >0.2 eV/atom, switch to new compositions immediately.
*   **Prefer Smaller Unit Cells:** Bias structure generation toward cells with <6 sites, as the lowest energy structure (Au2Tb1) was a 3-site cell.",,
Au-K-Tb,1,14,Au-Tb,Au3 Tb2,binary,unstable (new!) | 0.143 eV/atom,,,,"Tb2Au, Tb2Au3, Tb3Au, Tb3Au2, TbAu2, TbAu3, TbAu4, TbAu5",list_compositions→query_structures→score_buffer→select_for_evaluation→generate_structures→score_buffer→list_compositions→select_for_evaluation→generate_structures→score_buffer,Tb2Au3 has best oracle score (-0.0416) among Au-Tb binaries with 9 structures. No Tb2Au3 evaluations yet in history. Exploiting high-scoring compositi…,"Selected Tb2Au3 (reduced: Tb2Au3, 5 sites, chemeleon) for oracle evaluation. Rationale: Tb2Au3 has 8 structures with 7 unexplored after current select…","*   **Prioritize Au-Tb Binary Subsystem:** Focus search efforts on the Au-Tb edge first, as K-containing ternaries showed consistently high instability (>0.25 eV/atom).
*   **Restrict Potassium Content:** High K stoichiometry appears thermodynamically unfavorable; limit K concentration to <20 at% to reduce risk of phase separation.
*   **Cap Redundant Stoichiometry Queries:** Limit sampling of any single ternary formula to 2 attempts; if energies remain >0.2 eV/atom, switch to new compositions immediately.
*   **Prefer Smaller Unit Cells:** Bias structure generation toward cells with <6 sites, as the lowest energy structure (Au2Tb1) was a 3-site cell.",,
Au-K-Tb,1,15,Au-Tb,Au5 Tb1,binary,★ stable (new!) | 0.046 eV/atom,,,,"Tb2Au3, Tb3Au, Tb3Au2, TbAu5",score_buffer→query_structures→query_structures→select_for_evaluation→query_structures→select_for_evaluation→query_structures→select_for_evaluation→query_structures→select_for_evaluation,TbAu5 is in known_stable_materials list - high confidence of stability. 4 unevaluated structures available with -inf oracle scores. This is a known st…,"Selected 4 structures for oracle evaluation: (1) Tb3Au structure 0 (oracle=-0.0205, best score among 9 structures, only 2/9 evaluated), (2) Tb2Au3 str…","*   **Prioritize Au-Tb Binary Subsystem:** Focus search efforts on the Au-Tb edge first, as K-containing ternaries showed consistently high instability (>0.25 eV/atom).
*   **Restrict Potassium Content:** High K stoichiometry appears thermodynamically unfavorable; limit K concentration to <20 at% to reduce risk of phase separation.
*   **Cap Redundant Stoichiometry Queries:** Limit sampling of any single ternary formula to 2 attempts; if energies remain >0.2 eV/atom, switch to new compositions immediately.
*   **Prefer Smaller Unit Cells:** Bias structure generation toward cells with <6 sites, as the lowest energy structure (Au2Tb1) was a 3-site cell.",,
Au-K-Tb,1,16,Au-Tb,Au3 Tb1,binary,★ stable | 0.041 eV/atom,,,Tb2Au5,"Tb2Au, Tb2Au4, Tb2Au5, Tb2Au6, Tb2Au8, Tb4Au2, TbAu2, TbAu3, TbAu4, TbAu5",list_compositions→generate_structures→query_structures→query_structures→select_for_evaluation→generate_structures→query_structures→select_for_evaluation→generate_structures→query_structures,TbAu3 has a previously stable variant (0.0413 eV/atom). 2 of 3 structures unevaluated. Continuing Au-Tb binary exploration which has produced 7/7 stab…,"Selected TbAu4 (structure index 0, Tb1Au4, 5 sites) for oracle evaluation. Rationale: TbAu4 has a previously stable variant at 0.0000 eV/atom, making …","*   **Prioritize Au-Tb Binary Subsystem:** Focus search efforts on the Au-Tb edge first, as K-containing ternaries showed consistently high instability (>0.25 eV/atom).
*   **Restrict Potassium Content:** High K stoichiometry appears thermodynamically unfavorable; limit K concentration to <20 at% to reduce risk of phase separation.
*   **Cap Redundant Stoichiometry Queries:** Limit sampling of any single ternary formula to 2 attempts; if energies remain >0.2 eV/atom, switch to new compositions immediately.
*   **Prefer Smaller Unit Cells:** Bias structure generation toward cells with <6 sites, as the lowest energy structure (Au2Tb1) was a 3-site cell.",,
Au-K-Tb,1,17,Au-K-Tb,Au3 K2 Tb1,ternary,★ stable (new!) | 0.056 eV/atom,✓,Au3 K2 Tb1,,"K2TbAu3, KTbAu3, KTbAu4, KTbAu5",score_buffer→query_structures→select_for_evaluation→query_structures→select_for_evaluation→query_structures→select_for_evaluation→query_structures→select_for_evaluation→query_structures,Best remaining ternary candidate (oracle=-0.0118); completes systematic K-ternary exploration; will then return to binary compositions with -inf score…,"SELECTED: Tb2Au3 (reduced: Tb2Au3, 5 sites, chemeleon): oracle=-inf. Selected after completing systematic K-ternary exploration (4 candidates: KTbAu4,…","*   **Prioritize Au-Tb Binary Subsystem:** Focus search efforts on the Au-Tb edge first, as K-containing ternaries showed consistently high instability (>0.25 eV/atom).
*   **Restrict Potassium Content:** High K stoichiometry appears thermodynamically unfavorable; limit K concentration to <20 at% to reduce risk of phase separation.
*   **Cap Redundant Stoichiometry Queries:** Limit sampling of any single ternary formula to 2 attempts; if energies remain >0.2 eV/atom, switch to new compositions immediately.
*   **Prefer Smaller Unit Cells:** Bias structure generation toward cells with <6 sites, as the lowest energy structure (Au2Tb1) was a 3-site cell.",,
Au-K-Tb,1,18,Au-K-Tb,Au5 K1 Tb1,ternary,unstable (new!) | 0.214 eV/atom,✓,Au5 K1 Tb1,,"KTbAu4, KTbAu5, Tb2Au3, Tb2Au5, TbAu, TbAu3, TbAu4, TbAu5",get_buffer_stats→list_compositions→score_buffer→query_structures→select_for_evaluation→generate_structures→score_buffer→query_structures→select_for_evaluation→generate_structures,"Second-best oracle score (-0.0477) in buffer, K content ~14% (within <20% guideline), unevaluated composition, 7-site structure","Querying Tb3Au2 structures (best oracle score -0.0254 among unevaluated, previously yielded STABLE discovery at 0.0679). This composition demonstrates…","*   **Prioritize Au-Tb Binary Subsystem:** Focus search efforts on the Au-Tb edge first, as K-containing ternaries showed consistently high instability (>0.25 eV/atom).
*   **Restrict Potassium Content:** High K stoichiometry appears thermodynamically unfavorable; limit K concentration to <20 at% to reduce risk of phase separation.
*   **Cap Redundant Stoichiometry Queries:** Limit sampling of any single ternary formula to 2 attempts; if energies remain >0.2 eV/atom, switch to new compositions immediately.
*   **Prefer Smaller Unit Cells:** Bias structure generation toward cells with <6 sites, as the lowest energy structure (Au2Tb1) was a 3-site cell.",,
Au-K-Tb,1,19,Au-Tb,Au1 Tb1,binary,★ stable (new!) | 0.037 eV/atom,,,,"KTb2Au3, Tb3Au, TbAu",list_compositions→query_structures→select_for_evaluation→query_structures→query_structures→query_structures→select_for_evaluation→query_structures→select_for_evaluation→get_buffer_stats,"TbAu is a known stable material; despite -inf oracle score, worth evaluating this unevaluated structure",Selected Tb2Au composition for evaluation - a known stable material with 6 unevaluated structures in the buffer. This binary Tb-Au composition has sho…,"*   **Prioritize Au-Tb Binary Subsystem:** Focus search efforts on the Au-Tb edge first, as K-containing ternaries showed consistently high instability (>0.25 eV/atom).
*   **Restrict Potassium Content:** High K stoichiometry appears thermodynamically unfavorable; limit K concentration to <20 at% to reduce risk of phase separation.
*   **Cap Redundant Stoichiometry Queries:** Limit sampling of any single ternary formula to 2 attempts; if energies remain >0.2 eV/atom, switch to new compositions immediately.
*   **Prefer Smaller Unit Cells:** Bias structure generation toward cells with <6 sites, as the lowest energy structure (Au2Tb1) was a 3-site cell.",,
Au-K-Tb,1,20,Au-K-Tb,Au3 K1 Tb2,ternary,★ stable (new!) | 0.070 eV/atom,✓,Au3 K1 Tb2,,"KTb2Au3, Tb2Au, Tb2Au5, TbAu2, TbAu3, TbAu4",list_compositions→generate_structures→query_structures→query_structures→select_for_evaluation→query_structures→select_for_evaluation→select_for_evaluation→query_structures→select_for_evaluation,KTb2Au3 has 1 unevaluated structure. K-containing ternary that hasn't been evaluated yet. Similar K2TbAu3 was found stable (0.0561 eV/atom) in history…,Actions taken: 1. Selected Tb2Au5 structure index 0 for oracle evaluation (first of 3) 2. Selected Tb2Au5 structure index 0 for oracle evaluation (sec…,"*   **Prioritize Au-Tb Binary Subsystem:** Focus search efforts on the Au-Tb edge first, as K-containing ternaries showed consistently high instability (>0.25 eV/atom).
*   **Restrict Potassium Content:** High K stoichiometry appears thermodynamically unfavorable; limit K concentration to <20 at% to reduce risk of phase separation.
*   **Cap Redundant Stoichiometry Queries:** Limit sampling of any single ternary formula to 2 attempts; if energies remain >0.2 eV/atom, switch to new compositions immediately.
*   **Prefer Smaller Unit Cells:** Bias structure generation toward cells with <6 sites, as the lowest energy structure (Au2Tb1) was a 3-site cell.",,
Au-K-Tb,1,21,Au-K-Tb,Au3 K1 Tb1,ternary,unstable (new!) | 0.123 eV/atom,,,,KTbAu3,get_buffer_stats→score_buffer→query_structures→select_for_evaluation→finish,Best oracle score (-0.0818) among unevaluated candidates; ternary composition with K that hasn't been evaluated yet; oracle predicts stability within …,Actions taken: (1) get_buffer_stats - analyzed 39 structures across 9 compositions with 19 unevaluated candidates; (2) score_buffer - scored all struc…,"*   **Prioritize Au-Tb Binary Subsystem:** Focus search efforts on the Au-Tb edge first, as K-containing ternaries showed consistently high instability (>0.25 eV/atom).
*   **Restrict Potassium Content:** High K stoichiometry appears thermodynamically unfavorable; limit K concentration to <20 at% to reduce risk of phase separation.
*   **Cap Redundant Stoichiometry Queries:** Limit sampling of any single ternary formula to 2 attempts; if energies remain >0.2 eV/atom, switch to new compositions immediately.
*   **Prefer Smaller Unit Cells:** Bias structure generation toward cells with <6 sites, as the lowest energy structure (Au2Tb1) was a 3-site cell.",,
Au-K-Tb,1,22,Au-Tb,Au2 Tb1,binary,★ stable (new!) | 0.086 eV/atom,,,,"Tb2Au, Tb3Au2, TbAu2",list_compositions→query_structures→select_for_evaluation→query_structures→query_structures→select_for_evaluation→query_structures→score_buffer→query_structures→select_for_evaluation,TbAu2 already showed stable structure (e_above_hull=0.0805). Selecting 3-site structure (oracle=-0.0077) to follow prior reflection of preferring smal…,"Selected 3 structures for oracle evaluation from the Au-Tb binary subsystem: 1. Tb2Au1 (3 sites, oracle=-0.0108) - Exploiting proven stable compositio…","*   **Prioritize Au-Tb Binary Subsystem:** Focus search efforts on the Au-Tb edge first, as K-containing ternaries showed consistently high instability (>0.25 eV/atom).
*   **Restrict Potassium Content:** High K stoichiometry appears thermodynamically unfavorable; limit K concentration to <20 at% to reduce risk of phase separation.
*   **Cap Redundant Stoichiometry Queries:** Limit sampling of any single ternary formula to 2 attempts; if energies remain >0.2 eV/atom, switch to new compositions immediately.
*   **Prefer Smaller Unit Cells:** Bias structure generation toward cells with <6 sites, as the lowest energy structure (Au2Tb1) was a 3-site cell.",,
Au-K-Tb,1,23,Au-Tb,Au3 Tb1,binary,unstable (new!) | 0.116 eV/atom,,,,"Tb3Au2, TbAu2, TbAu3, TbAu4",list_compositions→score_buffer→query_structures→select_for_evaluation→generate_structures→generate_structures→score_buffer→query_structures→select_for_evaluation→generate_structures,Best oracle score (-0.0692) in buffer; TbAu3 phase has proven stable in prior evaluations (entries 9 & 14: e_above_hull ~0.04); 4-site unit cell align…,Scoring buffer to identify promising candidates from underexplored compositions. TbAu5 is prioritized for exploration as it showed historical stabilit…,"*   **Prioritize Au-Tb Binary Subsystem:** Focus search efforts on the Au-Tb edge first, as K-containing ternaries showed consistently high instability (>0.25 eV/atom).
*   **Restrict Potassium Content:** High K stoichiometry appears thermodynamically unfavorable; limit K concentration to <20 at% to reduce risk of phase separation.
*   **Cap Redundant Stoichiometry Queries:** Limit sampling of any single ternary formula to 2 attempts; if energies remain >0.2 eV/atom, switch to new compositions immediately.
*   **Prefer Smaller Unit Cells:** Bias structure generation toward cells with <6 sites, as the lowest energy structure (Au2Tb1) was a 3-site cell.",,
Au-K-Tb,1,24,Au-Tb,Au1 Tb3,binary,★ stable (new!) | 0.079 eV/atom,,,,"Tb3Au, Tb3Au2",list_compositions→query_structures→select_for_evaluation→query_structures→score_buffer→query_structures→select_for_evaluation→query_structures→select_for_evaluation→query_structures,Tb3Au has NEVER been evaluated (0 previous evaluations) and is NOT in known stable materials list. Oracle score -0.0205 is promising. Small 4-site uni…,"SELECTED: Tb2Au (reduced: Tb2Au, 3 sites, chemeleon): oracle=-0.0111. Tb2Au is in known stable materials list with one prior stable evaluation (0.0896…","*   **Prioritize Au-Tb Binary Subsystem:** Focus search efforts on the Au-Tb edge first, as K-containing ternaries showed consistently high instability (>0.25 eV/atom).
*   **Restrict Potassium Content:** High K stoichiometry appears thermodynamically unfavorable; limit K concentration to <20 at% to reduce risk of phase separation.
*   **Cap Redundant Stoichiometry Queries:** Limit sampling of any single ternary formula to 2 attempts; if energies remain >0.2 eV/atom, switch to new compositions immediately.
*   **Prefer Smaller Unit Cells:** Bias structure generation toward cells with <6 sites, as the lowest energy structure (Au2Tb1) was a 3-site cell.",,
Au-K-Tb,1,25,Au-K-Tb,Au3 K2 Tb1,ternary,unstable (new!) | 0.150 eV/atom,,,"KTb2Au5, K2TbAu5, KTb3Au5, K3TbAu3","K2TbAu3, K2TbAu5, K3TbAu3, KTb2Au5, KTb3Au5, KTbAu3, KTbAu5, Tb3Au2, TbAu4, TbAu5",score_buffer→query_structures→select_for_evaluation→generate_structures→score_buffer→query_structures→select_for_evaluation→generate_structures→score_buffer→query_structures,Best oracle score in buffer (-0.1079); K2TbAu3 previously stable at 0.0561 eV/atom - strong candidate for stable discovery,"Selected K3TbAu3 (structure index 1, 7 sites, chemeleon) for oracle evaluation. This composition has the best oracle score in buffer (-0.1357), follow…","*   **Prioritize Au-Tb Binary Subsystem:** Focus search efforts on the Au-Tb edge first, as K-containing ternaries showed consistently high instability (>0.25 eV/atom).
*   **Restrict Potassium Content:** High K stoichiometry appears thermodynamically unfavorable; limit K concentration to <20 at% to reduce risk of phase separation.
*   **Cap Redundant Stoichiometry Queries:** Limit sampling of any single ternary formula to 2 attempts; if energies remain >0.2 eV/atom, switch to new compositions immediately.
*   **Prefer Smaller Unit Cells:** Bias structure generation toward cells with <6 sites, as the lowest energy structure (Au2Tb1) was a 3-site cell.",,
Au-K-Tb,1,26,Au-Tb,Au5 Tb1,binary,★ stable (new!) | 0.058 eV/atom,,,,"Tb2Au, Tb3Au2, TbAu4, TbAu5",list_compositions→query_structures→select_for_evaluation→query_structures→query_structures→select_for_evaluation→query_structures→select_for_evaluation→query_structures→select_for_evaluation,"Binary Au-Tb composition with 2 previous stable discoveries (0.0613, 0.0460); 4 more unevaluated structures available; high potential for additional s…","Selected 4 structures for oracle evaluation from the Au-Tb binary subsystem: (1) Tb1Au4 - new binary composition with 0 evaluations, 5 sites; (2) Tb3A…","*   **Prioritize Au-Tb Binary Subsystem:** Focus search efforts on the Au-Tb edge first, as K-containing ternaries showed consistently high instability (>0.25 eV/atom).
*   **Restrict Potassium Content:** High K stoichiometry appears thermodynamically unfavorable; limit K concentration to <20 at% to reduce risk of phase separation.
*   **Cap Redundant Stoichiometry Queries:** Limit sampling of any single ternary formula to 2 attempts; if energies remain >0.2 eV/atom, switch to new compositions immediately.
*   **Prefer Smaller Unit Cells:** Bias structure generation toward cells with <6 sites, as the lowest energy structure (Au2Tb1) was a 3-site cell.",,
Au-K-Tb,1,27,Au-Tb,Au3 Tb2,binary,★ stable (new!) | 0.029 eV/atom,,,,Tb2Au3,list_compositions→query_structures→select_for_evaluation→finish,"Tb2Au3 is a promising Au-Tb binary composition with 5 unevaluated structures. Previous evaluations showed instability, but different structures can ha…","Selected Tb2Au3 (5 sites, chemeleon, structure index 2) for oracle evaluation. Rationale: Tb2Au3 is a promising Au-Tb binary composition with 5 uneval…","*   **Prioritize Au-Tb Binary Subsystem:** Focus search efforts on the Au-Tb edge first, as K-containing ternaries showed consistently high instability (>0.25 eV/atom).
*   **Restrict Potassium Content:** High K stoichiometry appears thermodynamically unfavorable; limit K concentration to <20 at% to reduce risk of phase separation.
*   **Cap Redundant Stoichiometry Queries:** Limit sampling of any single ternary formula to 2 attempts; if energies remain >0.2 eV/atom, switch to new compositions immediately.
*   **Prefer Smaller Unit Cells:** Bias structure generation toward cells with <6 sites, as the lowest energy structure (Au2Tb1) was a 3-site cell.",,
Au-K-Tb,1,28,Au-Tb,Au1 Tb2,binary,★ stable | 0.090 eV/atom,,,,"Tb2Au, Tb3Au, TbAu4",list_compositions→query_structures→select_for_evaluation→query_structures→select_for_evaluation→query_structures→query_structures→query_structures→select_for_evaluation→query_structures,"Known stable material from known_stable_materials list, Au-Tb binary with 5/5 tested structures already stable, 1 structure untested (oracle=-inf), sy…","SELECTED: Tb2Au3 [5 sites, chemeleon] (reduced: Tb2Au3, 5 sites). Known stable material from known_stable_materials list, already confirmed stable in …","*   **Prioritize Au-Tb Binary Subsystem:** Focus search efforts on the Au-Tb edge first, as K-containing ternaries showed consistently high instability (>0.25 eV/atom).
*   **Restrict Potassium Content:** High K stoichiometry appears thermodynamically unfavorable; limit K concentration to <20 at% to reduce risk of phase separation.
*   **Cap Redundant Stoichiometry Queries:** Limit sampling of any single ternary formula to 2 attempts; if energies remain >0.2 eV/atom, switch to new compositions immediately.
*   **Prefer Smaller Unit Cells:** Bias structure generation toward cells with <6 sites, as the lowest energy structure (Au2Tb1) was a 3-site cell.",,
Au-K-Tb,1,29,Au-Tb,Au1 Tb3,binary,★ stable | 0.079 eV/atom,,,,"Tb2Au, Tb2Au3, Tb3Au, TbAu5",list_compositions→query_structures→select_for_evaluation→query_structures→select_for_evaluation→query_structures→select_for_evaluation→query_structures→select_for_evaluation→query_structures,"Tb3Au entry 16 was STABLE, NOVEL at 0.0792 eV/atom. 3 of 4 structures unevaluated. Selecting structure 3 with best surrogate score (-0.0206) for poten…","SELECTED: Tb1Au3 (reduced: TbAu3, 4 sites, chemeleon): oracle=-inf. TbAu3 has 2 known stable structures (entries 3, 8 with e_above_hull=0.0413 and 0.0…","*   **Prioritize Au-Tb Binary Subsystem:** Focus search efforts on the Au-Tb edge first, as K-containing ternaries showed consistently high instability (>0.25 eV/atom).
*   **Restrict Potassium Content:** High K stoichiometry appears thermodynamically unfavorable; limit K concentration to <20 at% to reduce risk of phase separation.
*   **Cap Redundant Stoichiometry Queries:** Limit sampling of any single ternary formula to 2 attempts; if energies remain >0.2 eV/atom, switch to new compositions immediately.
*   **Prefer Smaller Unit Cells:** Bias structure generation toward cells with <6 sites, as the lowest energy structure (Au2Tb1) was a 3-site cell.",,
Au-K-Tb,1,30,Au-Tb,Au1 Tb2,binary,unstable (new!) | 0.106 eV/atom,,,,Tb2Au,list_compositions→query_structures→query_structures→select_for_evaluation→finish,Unevaluated Au-Tb binary structure with good oracle score; prioritizing binaries per prior reflections,"Selected Tb2Au1 (reduced formula: Tb2Au, 3 sites) from buffer index 0 for oracle evaluation. This Au-Tb binary composition was chosen because: (1) Pri…","*   **Prioritize Au-Tb Binary Subsystem:** Focus search efforts on the Au-Tb edge first, as K-containing ternaries showed consistently high instability (>0.25 eV/atom).
*   **Restrict Potassium Content:** High K stoichiometry appears thermodynamically unfavorable; limit K concentration to <20 at% to reduce risk of phase separation.
*   **Cap Redundant Stoichiometry Queries:** Limit sampling of any single ternary formula to 2 attempts; if energies remain >0.2 eV/atom, switch to new compositions immediately.
*   **Prefer Smaller Unit Cells:** Bias structure generation toward cells with <6 sites, as the lowest energy structure (Au2Tb1) was a 3-site cell.",,
Au-K-Tb,1,31,Au-K-Tb,Au3 K3 Tb1,ternary,unstable (new!) | 0.226 eV/atom,✓,Au3 K3 Tb1,,"K3TbAu3, KTb2Au5, KTb3Au5, Tb2Au3",list_compositions→query_structures→select_for_evaluation→get_buffer_stats→query_structures→select_for_evaluation→query_structures→select_for_evaluation→query_structures→select_for_evaluation,Best oracle score (-0.1357) among remaining candidates; most negative oracle score in buffer suggests highest stability potential; 7 sites is reasonab…,"Query structures for K2TbAu5 composition (best remaining oracle score -0.1337), then select structure index 0 for oracle evaluation. This K-containing…","*   **Prioritize Au-Tb Binary Subsystem:** Focus search efforts on the Au-Tb edge first, as K-containing ternaries showed consistently high instability (>0.25 eV/atom).
*   **Restrict Potassium Content:** High K stoichiometry appears thermodynamically unfavorable; limit K concentration to <20 at% to reduce risk of phase separation.
*   **Cap Redundant Stoichiometry Queries:** Limit sampling of any single ternary formula to 2 attempts; if energies remain >0.2 eV/atom, switch to new compositions immediately.
*   **Prefer Smaller Unit Cells:** Bias structure generation toward cells with <6 sites, as the lowest energy structure (Au2Tb1) was a 3-site cell.",,
Au-K-Tb,1,32,Au-Tb,Au2 Tb1,binary,★ stable (new!) | 0.049 eV/atom,,,,"Tb2Au, Tb2Au3, Tb2Au4, Tb3Au, Tb3Au6, TbAu2, TbAu3, TbAu4",list_compositions→query_structures→generate_structures→query_structures→select_for_evaluation→generate_structures→get_buffer_stats→generate_structures→query_structures→generate_structures,TbAu2 composition has shown consistent stability in previous evaluations (0.0805 and 0.0855 eV/atom). Tb3Au6 is a new unevaluated structure with diffe…,"TbAu4 generation failed (0 structures added) despite being a known stable material - will retry generation. In the meantime, querying TbAu3 compositio…","*   **Prioritize Au-Tb Binary Subsystem:** Focus search efforts on the Au-Tb edge first, as K-containing ternaries showed consistently high instability (>0.25 eV/atom).
*   **Restrict Potassium Content:** High K stoichiometry appears thermodynamically unfavorable; limit K concentration to <20 at% to reduce risk of phase separation.
*   **Cap Redundant Stoichiometry Queries:** Limit sampling of any single ternary formula to 2 attempts; if energies remain >0.2 eV/atom, switch to new compositions immediately.
*   **Prefer Smaller Unit Cells:** Bias structure generation toward cells with <6 sites, as the lowest energy structure (Au2Tb1) was a 3-site cell.",,
Au-K-Tb,1,33,Au-Tb,Au3 Tb2,binary,★ stable | 0.029 eV/atom,,,,"Tb2Au3, TbAu5",list_compositions→query_structures→select_for_evaluation→query_structures→select_for_evaluation→query_structures→query_structures→get_buffer_stats→query_structures→select_for_evaluation,"Tb2Au3 has 4 unevaluated structures remaining (indices 0,1,3). Already demonstrated stability at 0.0289 eV/atom. Au-Tb binaries are the most successfu…",Selected TbAu5 structure index 1 for oracle evaluation. This composition has 3 structures remaining in buffer with 2 unevaluated. Both previously eval…,"*   **Prioritize Au-Tb Binary Subsystem:** Focus search efforts on the Au-Tb edge first, as K-containing ternaries showed consistently high instability (>0.25 eV/atom).
*   **Restrict Potassium Content:** High K stoichiometry appears thermodynamically unfavorable; limit K concentration to <20 at% to reduce risk of phase separation.
*   **Cap Redundant Stoichiometry Queries:** Limit sampling of any single ternary formula to 2 attempts; if energies remain >0.2 eV/atom, switch to new compositions immediately.
*   **Prefer Smaller Unit Cells:** Bias structure generation toward cells with <6 sites, as the lowest energy structure (Au2Tb1) was a 3-site cell.",,
Au-K-Tb,1,34,Au-K,Au3 K2,binary,unstable (new!) | 0.152 eV/atom,✓,Au3 K2,"K2Au3, KAu5","K2Au3, KAu5, Tb2Au4, Tb2Au8, Tb3Au12, TbAu2, TbAu4",list_compositions→generate_structures→generate_structures→list_compositions→query_structures→select_for_evaluation→generate_structures→list_compositions→query_structures→select_for_evaluation,Known stable material (K2Au3) from known_stable_materials list. 5-site structure with reasonable lattice parameters. High confidence of stability base…,Actions taken: (1) Analyzed buffer composition distribution identifying 13 compositions with 25 structures; (2) Generated 10 structures for TbAu2/TbAu…,"*   **Prioritize Au-Tb Binary Subsystem:** Focus search efforts on the Au-Tb edge first, as K-containing ternaries showed consistently high instability (>0.25 eV/atom).
*   **Restrict Potassium Content:** High K stoichiometry appears thermodynamically unfavorable; limit K concentration to <20 at% to reduce risk of phase separation.
*   **Cap Redundant Stoichiometry Queries:** Limit sampling of any single ternary formula to 2 attempts; if energies remain >0.2 eV/atom, switch to new compositions immediately.
*   **Prefer Smaller Unit Cells:** Bias structure generation toward cells with <6 sites, as the lowest energy structure (Au2Tb1) was a 3-site cell.",,
Au-K-Tb,1,35,Au-Tb,Au3 Tb2,binary,★ stable | 0.029 eV/atom,,,,"Tb2Au, Tb2Au3, TbAu5",list_compositions→query_structures→select_for_evaluation→query_structures→score_buffer→query_structures→score_buffer→select_for_evaluation→query_structures→select_for_evaluation,Tb2Au3 has 2/2 evaluated structures that were STABLE (0.0289 and 0.0290 eV/atom). This Au-Tb binary has excellent proven stability. Selecting the 3rd …,"**Actions Taken:** 1. Listed 14 compositions in buffer (27 total structures) 2. Queried and scored multiple Au-Tb binary compositions (Tb2Au, TbAu3, T…","*   **Prioritize Au-Tb Binary Subsystem:** Focus search efforts on the Au-Tb edge first, as K-containing ternaries showed consistently high instability (>0.25 eV/atom).
*   **Restrict Potassium Content:** High K stoichiometry appears thermodynamically unfavorable; limit K concentration to <20 at% to reduce risk of phase separation.
*   **Cap Redundant Stoichiometry Queries:** Limit sampling of any single ternary formula to 2 attempts; if energies remain >0.2 eV/atom, switch to new compositions immediately.
*   **Prefer Smaller Unit Cells:** Bias structure generation toward cells with <6 sites, as the lowest energy structure (Au2Tb1) was a 3-site cell.",,
Au-K-Tb,1,36,Au-K-Tb,Au5 K1 Tb3,ternary,unstable (new!) | 0.134 eV/atom,✓,Au5 K1 Tb3,,"KAu5, KTb2Au5, KTb3Au5, Tb3Au2",list_compositions→query_structures→select_for_evaluation→query_structures→select_for_evaluation→get_buffer_stats→query_structures→select_for_evaluation→query_structures→select_for_evaluation,KTb3Au5 has oracle score -0.1021 which is well below stability tolerance (0.1). Very low K content (~11%) aligns with prior strategy. High probability…,"**Actions Taken:** 1. Listed 14 compositions in buffer to identify unevaluated candidates 2. Selected KAu5 (structure 0) - known stable material, high…","*   **Prioritize Au-Tb Binary Subsystem:** Focus search efforts on the Au-Tb edge first, as K-containing ternaries showed consistently high instability (>0.25 eV/atom).
*   **Restrict Potassium Content:** High K stoichiometry appears thermodynamically unfavorable; limit K concentration to <20 at% to reduce risk of phase separation.
*   **Cap Redundant Stoichiometry Queries:** Limit sampling of any single ternary formula to 2 attempts; if energies remain >0.2 eV/atom, switch to new compositions immediately.
*   **Prefer Smaller Unit Cells:** Bias structure generation toward cells with <6 sites, as the lowest energy structure (Au2Tb1) was a 3-site cell.",,
Au-K-Tb,1,37,Au-Tb,Au2 Tb1,binary,unstable (new!) | 0.165 eV/atom,,,"KTbAu2, K2TbAu2, KTbAu","K2TbAu2, K2TbAu3, KTbAu, KTbAu2, Tb2Au, Tb2Au3, Tb3Au, TbAu, TbAu2, TbAu5",list_compositions→generate_structures→query_structures→select_for_evaluation→generate_structures→query_structures→query_structures→select_for_evaluation→generate_structures→query_structures,"Newly generated TbAu2 structure (oracle=-inf). This composition has shown excellent stability in previous evaluations (0.0855, 0.0495 e_above_hull), m…",Selected K2TbAu (structure index 0) for oracle evaluation. This is a low-K ternary composition that follows the successful pattern of K2TbAu3 (0.0698 …,"*   **Prioritize Au-Tb Binary Subsystem:** Focus search efforts on the Au-Tb edge first, as K-containing ternaries showed consistently high instability (>0.25 eV/atom).
*   **Restrict Potassium Content:** High K stoichiometry appears thermodynamically unfavorable; limit K concentration to <20 at% to reduce risk of phase separation.
*   **Cap Redundant Stoichiometry Queries:** Limit sampling of any single ternary formula to 2 attempts; if energies remain >0.2 eV/atom, switch to new compositions immediately.
*   **Prefer Smaller Unit Cells:** Bias structure generation toward cells with <6 sites, as the lowest energy structure (Au2Tb1) was a 3-site cell.",,
Au-K-Tb,1,38,Au-K-Tb,Au5 K2 Tb1,ternary,unstable (new!) | 0.212 eV/atom,✓,Au5 K2 Tb1,"TbAu6, Tb3Au5, Tb3Au4, Tb4Au5, TbAu7","K2TbAu5, K3TbAu3, KTbAu, Tb2Au4, Tb2Au5, Tb3Au4, Tb3Au5, Tb4Au5, TbAu4, TbAu6, TbAu7",generate_structures→score_buffer→query_structures→select_for_evaluation→generate_structures→score_buffer→query_structures→select_for_evaluation→generate_structures→score_buffer,Best oracle score (-0.1608) among K2TbAu5 structures; novel composition not yet evaluated; follows promising K-containing ternary exploration strategy,Querying Tb4Au5 structures and selecting the best candidate for oracle evaluation. Tb4Au5 has the second-best oracle score (-0.1594) among all composi…,"*   **Prioritize Au-Tb Binary Subsystem:** Focus search efforts on the Au-Tb edge first, as K-containing ternaries showed consistently high instability (>0.25 eV/atom).
*   **Restrict Potassium Content:** High K stoichiometry appears thermodynamically unfavorable; limit K concentration to <20 at% to reduce risk of phase separation.
*   **Cap Redundant Stoichiometry Queries:** Limit sampling of any single ternary formula to 2 attempts; if energies remain >0.2 eV/atom, switch to new compositions immediately.
*   **Prefer Smaller Unit Cells:** Bias structure generation toward cells with <6 sites, as the lowest energy structure (Au2Tb1) was a 3-site cell.",,
Au-K-Tb,1,39,Au-Tb,Au2 Tb1,binary,★ stable | 0.063 eV/atom,,,,"Tb2Au, Tb2Au3, Tb2Au5, Tb3Au, Tb3Au2, TbAu, TbAu2, TbAu3, TbAu5",list_compositions→query_structures→select_for_evaluation→generate_structures→list_compositions→query_structures→select_for_evaluation→generate_structures→query_structures→select_for_evaluation,"TbAu2 has proven track record with 2 stable discoveries (e_above_hull=0.0855, 0.0495). Current structure has oracle=-0.0128 suggesting stability. High…",Querying TbAu structures to identify unevaluated candidates from the expanded buffer. TbAu has proven stable (e_above_hull=0.0366) and likely has new …,"*   **Prioritize Au-Tb Binary Subsystem:** Focus search efforts on the Au-Tb edge first, as K-containing ternaries showed consistently high instability (>0.25 eV/atom).
*   **Restrict Potassium Content:** High K stoichiometry appears thermodynamically unfavorable; limit K concentration to <20 at% to reduce risk of phase separation.
*   **Cap Redundant Stoichiometry Queries:** Limit sampling of any single ternary formula to 2 attempts; if energies remain >0.2 eV/atom, switch to new compositions immediately.
*   **Prefer Smaller Unit Cells:** Bias structure generation toward cells with <6 sites, as the lowest energy structure (Au2Tb1) was a 3-site cell.",,
Au-K-Tb,1,40,Au-Tb,Au3 Tb1,binary,unstable (new!) | 2.774 eV/atom,,,,"Tb3Au5, Tb4Au5, TbAu, TbAu2, TbAu3, TbAu4, TbAu6, TbAu7",list_compositions→generate_structures→score_buffer→query_structures→select_for_evaluation→generate_structures→score_buffer→query_structures→select_for_evaluation→score_buffer,"TbAu3 structure 4 has exceptional oracle score -2.1703 (best in buffer), only 1 of 10 structures previously evaluated (unstable), high potential for n…",Selected TbAu3 structure index 3 (oracle=-1.4472) for oracle evaluation. Rationale: TbAu3 has 10 structures total with only 1 previously evaluated (un…,"*   **Prioritize Au-Tb Binary Subsystem:** Focus search efforts on the Au-Tb edge first, as K-containing ternaries showed consistently high instability (>0.25 eV/atom).
*   **Restrict Potassium Content:** High K stoichiometry appears thermodynamically unfavorable; limit K concentration to <20 at% to reduce risk of phase separation.
*   **Cap Redundant Stoichiometry Queries:** Limit sampling of any single ternary formula to 2 attempts; if energies remain >0.2 eV/atom, switch to new compositions immediately.
*   **Prefer Smaller Unit Cells:** Bias structure generation toward cells with <6 sites, as the lowest energy structure (Au2Tb1) was a 3-site cell.",,
Au-K-Tb,1,41,Au-Tb,Au6 Tb1,binary,★ stable (new!) | 0.097 eV/atom,✓,Au6 Tb1,,"Tb2Au5, Tb3Au5, TbAu, TbAu6",list_compositions→query_structures→select_for_evaluation→query_structures→select_for_evaluation→query_structures→select_for_evaluation→query_structures→select_for_evaluation→query_structures,"Excellent oracle score (-0.0222) from unexplored TbAu6 composition; Au-rich binary edge follows successful pattern (TbAu5, Tb2Au3 stable); high confid…","SELECTED: Tb4Au5 (reduced: Tb4Au5, 9 sites, chemeleon): oracle=-0.0598. Best oracle score from unexplored Tb4Au5 composition; intermediate between sta…","*   **Prioritize Au-Tb Binary Subsystem:** Focus search efforts on the Au-Tb edge first, as K-containing ternaries showed consistently high instability (>0.25 eV/atom).
*   **Restrict Potassium Content:** High K stoichiometry appears thermodynamically unfavorable; limit K concentration to <20 at% to reduce risk of phase separation.
*   **Cap Redundant Stoichiometry Queries:** Limit sampling of any single ternary formula to 2 attempts; if energies remain >0.2 eV/atom, switch to new compositions immediately.
*   **Prefer Smaller Unit Cells:** Bias structure generation toward cells with <6 sites, as the lowest energy structure (Au2Tb1) was a 3-site cell.",,
Au-K-Tb,1,42,Au-Tb,Au5 Tb4,binary,unstable (new!) | 0.203 eV/atom,✓,Au5 Tb4,,"Tb4Au5, TbAu, TbAu3, TbAu5, TbAu7",score_buffer→query_structures→select_for_evaluation→list_compositions→generate_structures→query_structures→select_for_evaluation→generate_structures→query_structures→select_for_evaluation,Best oracle score (-0.1594) among 3 Tb4Au5 structures; Au-Tb binary (prior reflection priority); no structures evaluated yet for this composition,**Actions Taken:** 1. Scored buffer (71 structures) using oracle scorer 2. Selected 3 high-priority structures for oracle evaluation: - TbAu (index 4)…,"*   **Prioritize Au-Tb Binary Subsystem:** Focus search efforts on the Au-Tb edge first, as K-containing ternaries showed consistently high instability (>0.25 eV/atom).
*   **Restrict Potassium Content:** High K stoichiometry appears thermodynamically unfavorable; limit K concentration to <20 at% to reduce risk of phase separation.
*   **Cap Redundant Stoichiometry Queries:** Limit sampling of any single ternary formula to 2 attempts; if energies remain >0.2 eV/atom, switch to new compositions immediately.
*   **Prefer Smaller Unit Cells:** Bias structure generation toward cells with <6 sites, as the lowest energy structure (Au2Tb1) was a 3-site cell.",,
Au-K-Tb,1,43,Au-Tb,Au5 Tb4,binary,unstable (new!) | 0.133 eV/atom,,,,"Tb2Au5, Tb3Au5, Tb4Au5, TbAu7",list_compositions→query_structures→select_for_evaluation→query_structures→select_for_evaluation→query_structures→select_for_evaluation→query_structures→select_for_evaluation→list_compositions,"Tb4Au5 composition not yet evaluated, 2 structures in buffer with best oracle score=-0.0598 indicating strong predicted stability. Different stoichiom…",Selected TbAu6 (reduced formula) structure from buffer for oracle evaluation. This composition has already demonstrated stability (e_above_hull=0.0970…,"*   **Prioritize Au-Tb Binary Subsystem:** Focus search efforts on the Au-Tb edge first, as K-containing ternaries showed consistently high instability (>0.25 eV/atom).
*   **Restrict Potassium Content:** High K stoichiometry appears thermodynamically unfavorable; limit K concentration to <20 at% to reduce risk of phase separation.
*   **Cap Redundant Stoichiometry Queries:** Limit sampling of any single ternary formula to 2 attempts; if energies remain >0.2 eV/atom, switch to new compositions immediately.
*   **Prefer Smaller Unit Cells:** Bias structure generation toward cells with <6 sites, as the lowest energy structure (Au2Tb1) was a 3-site cell.",,
Au-K-Tb,1,44,Au-Tb,Au4 Tb3,binary,unstable (new!) | 0.136 eV/atom,✓,Au4 Tb3,,"Tb2Au5, Tb3Au4, TbAu, TbAu7",list_compositions→query_structures→select_for_evaluation→query_structures→select_for_evaluation→query_structures→select_for_evaluation→query_structures→select_for_evaluation→query_structures,Best oracle score (-0.0710) among 2 Tb3Au4 structures; new Au-Tb binary composition not yet evaluated; chemeleon-generated 7-site structure; follows s…,Selected Tb2Au structure index 5 for oracle evaluation. This composition has 10 structures in the buffer with 2 already tested (mixed stability result…,"*   **Prioritize Au-Tb Binary Subsystem:** Focus search efforts on the Au-Tb edge first, as K-containing ternaries showed consistently high instability (>0.25 eV/atom).
*   **Restrict Potassium Content:** High K stoichiometry appears thermodynamically unfavorable; limit K concentration to <20 at% to reduce risk of phase separation.
*   **Cap Redundant Stoichiometry Queries:** Limit sampling of any single ternary formula to 2 attempts; if energies remain >0.2 eV/atom, switch to new compositions immediately.
*   **Prefer Smaller Unit Cells:** Bias structure generation toward cells with <6 sites, as the lowest energy structure (Au2Tb1) was a 3-site cell.",,
Au-K-Tb,1,45,Au-Tb,Au4 Tb1,binary,unstable (new!) | 0.138 eV/atom,,,,"KAu5, TbAu, TbAu3, TbAu4",list_compositions→query_structures→select_for_evaluation→query_structures→select_for_evaluation→generate_structures→query_structures→score_buffer→select_for_evaluation→generate_structures,TbAu4 is a known stable material from phase diagram; best oracle score (-0.0657) is well below 0.1 threshold; high confidence for stable discovery,Querying KAu5 structures to identify best candidate for evaluation. KAu5 is a known stable ternary from phase diagram that we haven't successfully dis…,"*   **Prioritize Au-Tb Binary Subsystem:** Focus search efforts on the Au-Tb edge first, as K-containing ternaries showed consistently high instability (>0.25 eV/atom).
*   **Restrict Potassium Content:** High K stoichiometry appears thermodynamically unfavorable; limit K concentration to <20 at% to reduce risk of phase separation.
*   **Cap Redundant Stoichiometry Queries:** Limit sampling of any single ternary formula to 2 attempts; if energies remain >0.2 eV/atom, switch to new compositions immediately.
*   **Prefer Smaller Unit Cells:** Bias structure generation toward cells with <6 sites, as the lowest energy structure (Au2Tb1) was a 3-site cell.",,
Au-K-Tb,1,46,Au-Tb,Au7 Tb1,binary,unstable (new!) | 0.150 eV/atom,✓,Au7 Tb1,,"Tb2Au3, TbAu, TbAu5, TbAu7",list_compositions→query_structures→select_for_evaluation→query_structures→select_for_evaluation→query_structures→generate_structures→query_structures→query_structures→select_for_evaluation,"TbAu7 is completely unexplored (11 unevaluated structures). Best structure has oracle score -0.0067 eV/atom, well below stability threshold. High pote…",**Summary of Actions:** 1. Selected TbAu (index 1) for evaluation - known stable material with excellent oracle score (-1.7646 eV/atom) 2. Selected Tb…,"*   **Prioritize Au-Tb Binary Subsystem:** Focus search efforts on the Au-Tb edge first, as K-containing ternaries showed consistently high instability (>0.25 eV/atom).
*   **Restrict Potassium Content:** High K stoichiometry appears thermodynamically unfavorable; limit K concentration to <20 at% to reduce risk of phase separation.
*   **Cap Redundant Stoichiometry Queries:** Limit sampling of any single ternary formula to 2 attempts; if energies remain >0.2 eV/atom, switch to new compositions immediately.
*   **Prefer Smaller Unit Cells:** Bias structure generation toward cells with <6 sites, as the lowest energy structure (Au2Tb1) was a 3-site cell.",,
Au-K-Tb,1,47,Au-Tb,Au3 Tb1,binary,★ stable (new!) | 0.041 eV/atom,,,,TbAu3,score_buffer→query_structures→select_for_evaluation→finish,Best oracle score (-1.0208) among 7 TbAu3 structures; only 1 of 7 evaluated so far (entry 14 was unstable); high potential for stable TbAu3 discovery …,"Selected TbAu3 (structure index 1, 4 sites, random) for oracle evaluation with oracle score -1.0208. This selection was based on: (1) TbAu3 had the be…","*   **Prioritize Au-Tb Binary Subsystem:** Focus search efforts on the Au-Tb edge first, as K-containing ternaries showed consistently high instability (>0.25 eV/atom).
*   **Restrict Potassium Content:** High K stoichiometry appears thermodynamically unfavorable; limit K concentration to <20 at% to reduce risk of phase separation.
*   **Cap Redundant Stoichiometry Queries:** Limit sampling of any single ternary formula to 2 attempts; if energies remain >0.2 eV/atom, switch to new compositions immediately.
*   **Prefer Smaller Unit Cells:** Bias structure generation toward cells with <6 sites, as the lowest energy structure (Au2Tb1) was a 3-site cell.",,
Au-K-Tb,1,48,Au-Tb,Au6 Tb1,binary,unstable (new!) | 0.117 eV/atom,,,,TbAu6,list_compositions→query_structures→select_for_evaluation→finish,Best oracle score (-0.0219) among all compositions; TbAu6 family already showed stable discoveries (e_above_hull=0.0970); focusing on Au-Tb binary per…,"Selected TbAu6 (structure index 0, 7 sites, chemeleon) for oracle evaluation. Actions: (1) listed_compositions to identify top candidates by oracle sc…","*   **Prioritize Au-Tb Binary Subsystem:** Focus search efforts on the Au-Tb edge first, as K-containing ternaries showed consistently high instability (>0.25 eV/atom).
*   **Restrict Potassium Content:** High K stoichiometry appears thermodynamically unfavorable; limit K concentration to <20 at% to reduce risk of phase separation.
*   **Cap Redundant Stoichiometry Queries:** Limit sampling of any single ternary formula to 2 attempts; if energies remain >0.2 eV/atom, switch to new compositions immediately.
*   **Prefer Smaller Unit Cells:** Bias structure generation toward cells with <6 sites, as the lowest energy structure (Au2Tb1) was a 3-site cell.",,
Au-K-Tb,1,49,Au-Tb,Au7 Tb1,binary,unstable (new!) | 0.216 eV/atom,,,,"Tb2Au, Tb3Au, TbAu5, TbAu7",list_compositions→query_structures→select_for_evaluation→query_structures→select_for_evaluation→query_structures→select_for_evaluation→query_structures→select_for_evaluation→query_structures,Best oracle score (-0.5988) among 10 TbAu7 structures; TbAu7 is untested in evaluation history; Au-Tb binary system has highest success rate with 8 st…,"SELECTED: Tb1Au4 (reduced: TbAu4, 5 sites, random): oracle=-1.1596. Best oracle score (-1.1596) among 9 TbAu4 structures; TbAu4 is untested in evaluat…","*   **Prioritize Au-Tb Binary Subsystem:** Focus search efforts on the Au-Tb edge first, as K-containing ternaries showed consistently high instability (>0.25 eV/atom).
*   **Restrict Potassium Content:** High K stoichiometry appears thermodynamically unfavorable; limit K concentration to <20 at% to reduce risk of phase separation.
*   **Cap Redundant Stoichiometry Queries:** Limit sampling of any single ternary formula to 2 attempts; if energies remain >0.2 eV/atom, switch to new compositions immediately.
*   **Prefer Smaller Unit Cells:** Bias structure generation toward cells with <6 sites, as the lowest energy structure (Au2Tb1) was a 3-site cell.",,"*   **Eliminate Potassium:** Completely exclude K-containing compositions from the search space; all K-ternaries evaluated were highly unstable (>0.15 eV/atom).
*   **Enforce Stoichiometry Deduplication:** Implement a strict check to prevent re-querying identical stoichiometries (e.g., Au3Tb2 was queried twice with no improvement).
*   **Target Specific Ratios:** Narrow the focus to Au-Tb stoichiometries near 3:2 and 3:1 where the lowest energies (0.029-0.041 eV/atom) were observed, rather than broad exploration.
*   **Bias Towards Small Cells:** Prioritize structure generation for unit cells with 4-6 sites, as these correlated with the most stable candidates found.
*   **Prioritize Known Phases:** Shift strategy from novelty to recall; explicitly query known stable stoichiometries from literature to recover the 0.000 recall score."
Au-K-Tb,2,0,Au-Tb,Au2 Tb1,binary,unstable (new!) | 0.695 eV/atom,✓,Au2 Tb1,"Tb2Au3, TbAu3, TbAu2, TbAu, Tb2Au, Tb3Au","Au2Tb, Au3Tb, Au3Tb2, AuTb, AuTb2, AuTb3, Tb2Au, Tb3Au, TbAu, TbAu2, TbAu3",generate_structures→score_buffer→query_structures→select_for_evaluation→query_structures→select_for_evaluation→query_structures→select_for_evaluation→query_structures→select_for_evaluation,Best oracle score (-0.5234 eV/atom) well below stability tolerance (0.1 eV/atom); 3-site unit cell aligns with prior successful patterns; TbAu2 showed…,**Actions Taken:** 1. Generated 100 structures across 6 Au-Tb binary compositions using random generator 2. Scored all structures with oracle predicto…,"*   **Eliminate Potassium:** Completely exclude K-containing compositions from the search space; all K-ternaries evaluated were highly unstable (>0.15 eV/atom).
*   **Enforce Stoichiometry Deduplication:** Implement a strict check to prevent re-querying identical stoichiometries (e.g., Au3Tb2 was queried twice with no improvement).
*   **Target Specific Ratios:** Narrow the focus to Au-Tb stoichiometries near 3:2 and 3:1 where the lowest energies (0.029-0.041 eV/atom) were observed, rather than broad exploration.
*   **Bias Towards Small Cells:** Prioritize structure generation for unit cells with 4-6 sites, as these correlated with the most stable candidates found.
*   **Prioritize Known Phases:** Shift strategy from novelty to recall; explicitly query known stable stoichiometries from literature to recover the 0.000 recall score.","The buffer is empty and I have valuable prior reflections from Episode 1. Key insights: (1) Au-Tb binaries are more promising than K-containing ternaries, (2) K content should be limited to <20 at%, (3) smaller unit cells (<6 sites) performed better. I should start by generating structures for the Au-Tb binary compositions that were known to be stable (TbAu, TbAu2, TbAu3, Tb2Au) plus some low-K ternaries to explore. I'll use the chemeleon generator which is trained on stable structures.",
Au-K-Tb,2,1,Au-Tb,Au2 Tb1,binary,★ stable (new!) | 0.000 eV/atom,,,,"Tb3Au, TbAu, TbAu2, TbAu3",score_buffer→query_structures→select_for_evaluation→query_structures→select_for_evaluation→query_structures→select_for_evaluation→query_structures→select_for_evaluation→query_structures,Fourth best oracle score (-0.0134) among all buffer structures; known stable phase from literature; well below 0.1 stability threshold,"SELECTED: Tb2Au1 (reduced: Tb2Au, 3 sites, random): oracle=-0.0109. Fifth best oracle score (-0.0109) among all buffer structures; known stable phase …","*   **Eliminate Potassium:** Completely exclude K-containing compositions from the search space; all K-ternaries evaluated were highly unstable (>0.15 eV/atom).
*   **Enforce Stoichiometry Deduplication:** Implement a strict check to prevent re-querying identical stoichiometries (e.g., Au3Tb2 was queried twice with no improvement).
*   **Target Specific Ratios:** Narrow the focus to Au-Tb stoichiometries near 3:2 and 3:1 where the lowest energies (0.029-0.041 eV/atom) were observed, rather than broad exploration.
*   **Bias Towards Small Cells:** Prioritize structure generation for unit cells with 4-6 sites, as these correlated with the most stable candidates found.
*   **Prioritize Known Phases:** Shift strategy from novelty to recall; explicitly query known stable stoichiometries from literature to recover the 0.000 recall score.",,
Au-K-Tb,2,2,Au-Tb,Au1 Tb1,binary,unstable (new!) | 1.053 eV/atom,✓,Au1 Tb1,,TbAu,score_buffer→query_structures→select_for_evaluation→finish,Best oracle score (-0.9101) among all buffer structures; TbAu is a known stable stoichiometry not yet evaluated; aligns with prior reflection to prior…,"Selected Tb1Au1 (reduced: TbAu, 2 sites, random, oracle=-0.9101) for oracle evaluation. Key actions: (1) Scored all 92 buffer structures with oracle s…","*   **Eliminate Potassium:** Completely exclude K-containing compositions from the search space; all K-ternaries evaluated were highly unstable (>0.15 eV/atom).
*   **Enforce Stoichiometry Deduplication:** Implement a strict check to prevent re-querying identical stoichiometries (e.g., Au3Tb2 was queried twice with no improvement).
*   **Target Specific Ratios:** Narrow the focus to Au-Tb stoichiometries near 3:2 and 3:1 where the lowest energies (0.029-0.041 eV/atom) were observed, rather than broad exploration.
*   **Bias Towards Small Cells:** Prioritize structure generation for unit cells with 4-6 sites, as these correlated with the most stable candidates found.
*   **Prioritize Known Phases:** Shift strategy from novelty to recall; explicitly query known stable stoichiometries from literature to recover the 0.000 recall score.",,
Au-K-Tb,2,3,Au-Tb,Au3 Tb2,binary,unstable (new!) | 0.617 eV/atom,✓,Au3 Tb2,,"Tb2Au, Tb2Au3, TbAu, TbAu3",list_compositions→query_structures→select_for_evaluation→query_structures→select_for_evaluation→query_structures→select_for_evaluation→query_structures→select_for_evaluation→query_structures,Tb2Au3 shows excellent oracle scores (-0.5258 best) among 10 structures. Not in known stable list but could be metastable candidate. Select best oracl…,"SELECTED: Tb3Au1 (reduced: Tb3Au, 4 sites, random): oracle=-0.5827. Tb3Au shows excellent oracle scores (-0.5827 best) among 8 structures. Not in know…","*   **Eliminate Potassium:** Completely exclude K-containing compositions from the search space; all K-ternaries evaluated were highly unstable (>0.15 eV/atom).
*   **Enforce Stoichiometry Deduplication:** Implement a strict check to prevent re-querying identical stoichiometries (e.g., Au3Tb2 was queried twice with no improvement).
*   **Target Specific Ratios:** Narrow the focus to Au-Tb stoichiometries near 3:2 and 3:1 where the lowest energies (0.029-0.041 eV/atom) were observed, rather than broad exploration.
*   **Bias Towards Small Cells:** Prioritize structure generation for unit cells with 4-6 sites, as these correlated with the most stable candidates found.
*   **Prioritize Known Phases:** Shift strategy from novelty to recall; explicitly query known stable stoichiometries from literature to recover the 0.000 recall score.",,
Au-K-Tb,2,4,Au-Tb,Au3 Tb1,binary,★ stable (new!) | 0.041 eV/atom,✓,Au3 Tb1,,"Tb2Au, Tb3Au, TbAu, TbAu2, TbAu3",score_buffer→query_structures→select_for_evaluation→generate_structures→score_buffer→query_structures→select_for_evaluation→query_structures→select_for_evaluation→query_structures,Best oracle score (-0.5622) for TbAu3; known stable stoichiometry not yet evaluated; 4-site structure aligns with preference for smaller unit cells,"SELECTED: Tb2Au1 (reduced: Tb2Au, 3 sites, random): oracle=-0.0723. Best oracle score (-0.0723) for Tb2Au; known stable stoichiometry not yet evaluate…","*   **Eliminate Potassium:** Completely exclude K-containing compositions from the search space; all K-ternaries evaluated were highly unstable (>0.15 eV/atom).
*   **Enforce Stoichiometry Deduplication:** Implement a strict check to prevent re-querying identical stoichiometries (e.g., Au3Tb2 was queried twice with no improvement).
*   **Target Specific Ratios:** Narrow the focus to Au-Tb stoichiometries near 3:2 and 3:1 where the lowest energies (0.029-0.041 eV/atom) were observed, rather than broad exploration.
*   **Bias Towards Small Cells:** Prioritize structure generation for unit cells with 4-6 sites, as these correlated with the most stable candidates found.
*   **Prioritize Known Phases:** Shift strategy from novelty to recall; explicitly query known stable stoichiometries from literature to recover the 0.000 recall score.",,
Au-K-Tb,2,5,Au-Tb,Au3 Tb2,binary,★ stable (new!) | 0.080 eV/atom,,,,"Tb2Au, Tb2Au3, TbAu",get_buffer_stats→score_buffer→query_structures→select_for_evaluation→query_structures→select_for_evaluation→list_compositions→query_structures→select_for_evaluation→query_structures,Tb2Au3 has the best oracle score (-0.8399) among 9 structures. This 5-site random structure shows high promise for stability and could be a novel disc…,"SELECTED: Tb3Au1 (reduced: Tb3Au, 4 sites, random): oracle=-1.0418. Tb3Au is not in known_stable_materials list, making this a potential novel discove…","*   **Eliminate Potassium:** Completely exclude K-containing compositions from the search space; all K-ternaries evaluated were highly unstable (>0.15 eV/atom).
*   **Enforce Stoichiometry Deduplication:** Implement a strict check to prevent re-querying identical stoichiometries (e.g., Au3Tb2 was queried twice with no improvement).
*   **Target Specific Ratios:** Narrow the focus to Au-Tb stoichiometries near 3:2 and 3:1 where the lowest energies (0.029-0.041 eV/atom) were observed, rather than broad exploration.
*   **Bias Towards Small Cells:** Prioritize structure generation for unit cells with 4-6 sites, as these correlated with the most stable candidates found.
*   **Prioritize Known Phases:** Shift strategy from novelty to recall; explicitly query known stable stoichiometries from literature to recover the 0.000 recall score.",,
Au-K-Tb,2,6,Au-Tb,Au1 Tb2,binary,unstable (new!) | 0.106 eV/atom,✓,Au1 Tb2,,Tb2Au,query_structures→select_for_evaluation→finish,Known stable phase Tb2Au missing from discoveries; index 4 has best oracle score (-0.0982) among 21 structures; prioritizing recall of known stable ma…,"Selected Tb2Au structure index 4 (3 sites, random generation) for oracle evaluation. Rationale: (1) Tb2Au is a known stable phase from literature not …","*   **Eliminate Potassium:** Completely exclude K-containing compositions from the search space; all K-ternaries evaluated were highly unstable (>0.15 eV/atom).
*   **Enforce Stoichiometry Deduplication:** Implement a strict check to prevent re-querying identical stoichiometries (e.g., Au3Tb2 was queried twice with no improvement).
*   **Target Specific Ratios:** Narrow the focus to Au-Tb stoichiometries near 3:2 and 3:1 where the lowest energies (0.029-0.041 eV/atom) were observed, rather than broad exploration.
*   **Bias Towards Small Cells:** Prioritize structure generation for unit cells with 4-6 sites, as these correlated with the most stable candidates found.
*   **Prioritize Known Phases:** Shift strategy from novelty to recall; explicitly query known stable stoichiometries from literature to recover the 0.000 recall score.",,
Au-K-Tb,2,7,Au-Tb,Au1 Tb3,binary,unstable (new!) | 1.132 eV/atom,✓,Au1 Tb3,,"Tb2Au, Tb3Au, TbAu",score_buffer→query_structures→select_for_evaluation→query_structures→select_for_evaluation→query_structures→select_for_evaluation→get_buffer_stats→list_compositions→query_structures,Tb3Au is known stable from literature; oracle score -1.0418 is best among 7 structures; no Tb3Au structures have been evaluated yet,"Selected Tb2Au1 (reduced: Tb2Au, 3 sites, random) with oracle score -0.0723 for evaluation. This is the second-best Tb2Au structure after the already-…","*   **Eliminate Potassium:** Completely exclude K-containing compositions from the search space; all K-ternaries evaluated were highly unstable (>0.15 eV/atom).
*   **Enforce Stoichiometry Deduplication:** Implement a strict check to prevent re-querying identical stoichiometries (e.g., Au3Tb2 was queried twice with no improvement).
*   **Target Specific Ratios:** Narrow the focus to Au-Tb stoichiometries near 3:2 and 3:1 where the lowest energies (0.029-0.041 eV/atom) were observed, rather than broad exploration.
*   **Bias Towards Small Cells:** Prioritize structure generation for unit cells with 4-6 sites, as these correlated with the most stable candidates found.
*   **Prioritize Known Phases:** Shift strategy from novelty to recall; explicitly query known stable stoichiometries from literature to recover the 0.000 recall score.",,
Au-K-Tb,2,8,Au-Tb,Au3 Tb2,binary,unstable (new!) | 0.932 eV/atom,,,,"Tb2Au3, TbAu, TbAu2, TbAu3",list_compositions→score_buffer→query_structures→select_for_evaluation→query_structures→select_for_evaluation→query_structures→select_for_evaluation→query_structures→select_for_evaluation,Best oracle score (-1.2293) for Tb2Au3; already confirmed stable at 0.0799 eV/atom; high potential for additional stable structure discovery,"Actions taken: (1) Scored 83 buffer structures with oracle scorer; (2) Queried top 5 structures from 4 promising compositions (TbAu, TbAu2, TbAu3, Tb2…","*   **Eliminate Potassium:** Completely exclude K-containing compositions from the search space; all K-ternaries evaluated were highly unstable (>0.15 eV/atom).
*   **Enforce Stoichiometry Deduplication:** Implement a strict check to prevent re-querying identical stoichiometries (e.g., Au3Tb2 was queried twice with no improvement).
*   **Target Specific Ratios:** Narrow the focus to Au-Tb stoichiometries near 3:2 and 3:1 where the lowest energies (0.029-0.041 eV/atom) were observed, rather than broad exploration.
*   **Bias Towards Small Cells:** Prioritize structure generation for unit cells with 4-6 sites, as these correlated with the most stable candidates found.
*   **Prioritize Known Phases:** Shift strategy from novelty to recall; explicitly query known stable stoichiometries from literature to recover the 0.000 recall score.",,
Au-K-Tb,2,9,Au-Tb,Au3 Tb2,binary,unstable (new!) | 0.105 eV/atom,,,,"Tb2Au, Tb2Au3, Tb3Au, TbAu",query_structures→select_for_evaluation→list_compositions→query_structures→select_for_evaluation→query_structures→select_for_evaluation→query_structures→select_for_evaluation→query_structures,Tb2Au3 already has one stable structure (0.0799 eV/atom); index 3 has best oracle score (-0.0771) among remaining candidates; exploiting successful co…,"SELECTED: Tb1Au2 (reduced: TbAu2, 3 sites, random): oracle=-1.9320. TbAu2 is a known stable material with one confirmed stable structure (0.0002 eV/at…","*   **Eliminate Potassium:** Completely exclude K-containing compositions from the search space; all K-ternaries evaluated were highly unstable (>0.15 eV/atom).
*   **Enforce Stoichiometry Deduplication:** Implement a strict check to prevent re-querying identical stoichiometries (e.g., Au3Tb2 was queried twice with no improvement).
*   **Target Specific Ratios:** Narrow the focus to Au-Tb stoichiometries near 3:2 and 3:1 where the lowest energies (0.029-0.041 eV/atom) were observed, rather than broad exploration.
*   **Bias Towards Small Cells:** Prioritize structure generation for unit cells with 4-6 sites, as these correlated with the most stable candidates found.
*   **Prioritize Known Phases:** Shift strategy from novelty to recall; explicitly query known stable stoichiometries from literature to recover the 0.000 recall score.",,
Au-K-Tb,2,10,Au-Tb,Au1 Tb2,binary,unstable (new!) | 0.180 eV/atom,,,,"Tb2Au, Tb2Au3, TbAu2, TbAu3",list_compositions→query_structures→select_for_evaluation→query_structures→select_for_evaluation→query_structures→select_for_evaluation→query_structures→select_for_evaluation→query_structures,Best oracle score (-0.6258) among 18 Tb2Au structures; previous Tb2Au evaluation was 0.1056 eV/atom (just above threshold); high potential for novel s…,"SELECTED: Tb1Au1 (reduced: TbAu, 2 sites, random): oracle=-3.6120. Best oracle score among 11 TbAu structures; previous TbAu evaluation was unstable a…","*   **Eliminate Potassium:** Completely exclude K-containing compositions from the search space; all K-ternaries evaluated were highly unstable (>0.15 eV/atom).
*   **Enforce Stoichiometry Deduplication:** Implement a strict check to prevent re-querying identical stoichiometries (e.g., Au3Tb2 was queried twice with no improvement).
*   **Target Specific Ratios:** Narrow the focus to Au-Tb stoichiometries near 3:2 and 3:1 where the lowest energies (0.029-0.041 eV/atom) were observed, rather than broad exploration.
*   **Bias Towards Small Cells:** Prioritize structure generation for unit cells with 4-6 sites, as these correlated with the most stable candidates found.
*   **Prioritize Known Phases:** Shift strategy from novelty to recall; explicitly query known stable stoichiometries from literature to recover the 0.000 recall score.",,
Au-K-Tb,2,11,Au-Tb,Au2 Tb1,binary,unstable (new!) | 2.392 eV/atom,,,,"Tb2Au, Tb3Au, TbAu, TbAu2",list_compositions→query_structures→select_for_evaluation→query_structures→select_for_evaluation→query_structures→select_for_evaluation→query_structures→select_for_evaluation→query_structures,Best oracle score (-1.1430) among TbAu2 structures; TbAu2 is known stable material from phase diagram; previous TbAu2 evaluation was stable (0.0002 eV…,Selected TbAu3 structure index 4 (oracle=-0.8471) for evaluation. This continues our systematic exploration of all known stable Au-Tb compositions (Tb…,"*   **Eliminate Potassium:** Completely exclude K-containing compositions from the search space; all K-ternaries evaluated were highly unstable (>0.15 eV/atom).
*   **Enforce Stoichiometry Deduplication:** Implement a strict check to prevent re-querying identical stoichiometries (e.g., Au3Tb2 was queried twice with no improvement).
*   **Target Specific Ratios:** Narrow the focus to Au-Tb stoichiometries near 3:2 and 3:1 where the lowest energies (0.029-0.041 eV/atom) were observed, rather than broad exploration.
*   **Bias Towards Small Cells:** Prioritize structure generation for unit cells with 4-6 sites, as these correlated with the most stable candidates found.
*   **Prioritize Known Phases:** Shift strategy from novelty to recall; explicitly query known stable stoichiometries from literature to recover the 0.000 recall score.",,
Au-K-Tb,2,12,Au-Tb,Au1 Tb2,binary,unstable (new!) | 0.202 eV/atom,,,,"Tb2Au, Tb2Au2, Tb2Au4, TbAu, TbAu2",score_buffer→query_structures→select_for_evaluation→generate_structures→score_buffer→query_structures→select_for_evaluation→generate_structures→score_buffer→query_structures,Tb2Au is a known stable phase from literature; best oracle score (-0.0109) among 31 structures; previous evaluation was 0.1056 eV/atom but different u…,"Selected Tb3Au1 (reduced: Tb3Au, 4 sites, random) with oracle=-0.5824 for evaluation. This composition was previously evaluated once (unstable at 1.13…","*   **Eliminate Potassium:** Completely exclude K-containing compositions from the search space; all K-ternaries evaluated were highly unstable (>0.15 eV/atom).
*   **Enforce Stoichiometry Deduplication:** Implement a strict check to prevent re-querying identical stoichiometries (e.g., Au3Tb2 was queried twice with no improvement).
*   **Target Specific Ratios:** Narrow the focus to Au-Tb stoichiometries near 3:2 and 3:1 where the lowest energies (0.029-0.041 eV/atom) were observed, rather than broad exploration.
*   **Bias Towards Small Cells:** Prioritize structure generation for unit cells with 4-6 sites, as these correlated with the most stable candidates found.
*   **Prioritize Known Phases:** Shift strategy from novelty to recall; explicitly query known stable stoichiometries from literature to recover the 0.000 recall score.",,
Au-K-Tb,2,13,Au-Tb,Au2 Tb1,binary,unstable (new!) | 0.101 eV/atom,,,,"Tb2Au, Tb3Au, TbAu, TbAu2",list_compositions→score_buffer→query_structures→select_for_evaluation→query_structures→select_for_evaluation→query_structures→select_for_evaluation→query_structures→select_for_evaluation,"Best oracle score (-0.0710) among TbAu2 structures. Even though we found one stable TbAu2, different structures for same composition can have differen…",Querying TbAu3 composition to identify best candidates for oracle evaluation. This composition has 17 structures with negative oracle scores (-0.0692 …,"*   **Eliminate Potassium:** Completely exclude K-containing compositions from the search space; all K-ternaries evaluated were highly unstable (>0.15 eV/atom).
*   **Enforce Stoichiometry Deduplication:** Implement a strict check to prevent re-querying identical stoichiometries (e.g., Au3Tb2 was queried twice with no improvement).
*   **Target Specific Ratios:** Narrow the focus to Au-Tb stoichiometries near 3:2 and 3:1 where the lowest energies (0.029-0.041 eV/atom) were observed, rather than broad exploration.
*   **Bias Towards Small Cells:** Prioritize structure generation for unit cells with 4-6 sites, as these correlated with the most stable candidates found.
*   **Prioritize Known Phases:** Shift strategy from novelty to recall; explicitly query known stable stoichiometries from literature to recover the 0.000 recall score.",,
Au-K-Tb,2,14,Au-Tb,Au2 Tb1,binary,★ stable (new!) | 0.093 eV/atom,,,,"Tb3Au, TbAu, TbAu2, TbAu3",score_buffer→query_structures→select_for_evaluation→query_structures→select_for_evaluation→query_structures→query_structures→select_for_evaluation→query_structures→select_for_evaluation,"Best oracle score (-0.0712) for TbAu2; known stable phase from literature; already found one stable TbAu2 (0.0002 eV/atom), exploring for additional s…","Selected 4 structures for oracle evaluation: (1) TbAu 2-site (oracle=-0.7884, known stable), (2) TbAu3 4-site (oracle=-0.8471, known stable), (3) Tb3A…","*   **Eliminate Potassium:** Completely exclude K-containing compositions from the search space; all K-ternaries evaluated were highly unstable (>0.15 eV/atom).
*   **Enforce Stoichiometry Deduplication:** Implement a strict check to prevent re-querying identical stoichiometries (e.g., Au3Tb2 was queried twice with no improvement).
*   **Target Specific Ratios:** Narrow the focus to Au-Tb stoichiometries near 3:2 and 3:1 where the lowest energies (0.029-0.041 eV/atom) were observed, rather than broad exploration.
*   **Bias Towards Small Cells:** Prioritize structure generation for unit cells with 4-6 sites, as these correlated with the most stable candidates found.
*   **Prioritize Known Phases:** Shift strategy from novelty to recall; explicitly query known stable stoichiometries from literature to recover the 0.000 recall score.",,
Au-K-Tb,2,15,Au-Tb,Au1 Tb2,binary,unstable (new!) | 0.106 eV/atom,,,,"Tb2Au, TbAu, TbAu3",score_buffer→query_structures→select_for_evaluation→get_buffer_stats→query_structures→select_for_evaluation→query_structures→select_for_evaluation→finish,"Tb2Au has one structure very close to stability (0.1056 eV/atom), oracle predicts -0.0110, and this composition has shown promise - could yield anothe…","Episode completed with 3 high-priority structure selections for oracle evaluation: 1. **Tb1Au1 (TbAu, 2-site)**: oracle=-0.7884 - Novel composition wi…","*   **Eliminate Potassium:** Completely exclude K-containing compositions from the search space; all K-ternaries evaluated were highly unstable (>0.15 eV/atom).
*   **Enforce Stoichiometry Deduplication:** Implement a strict check to prevent re-querying identical stoichiometries (e.g., Au3Tb2 was queried twice with no improvement).
*   **Target Specific Ratios:** Narrow the focus to Au-Tb stoichiometries near 3:2 and 3:1 where the lowest energies (0.029-0.041 eV/atom) were observed, rather than broad exploration.
*   **Bias Towards Small Cells:** Prioritize structure generation for unit cells with 4-6 sites, as these correlated with the most stable candidates found.
*   **Prioritize Known Phases:** Shift strategy from novelty to recall; explicitly query known stable stoichiometries from literature to recover the 0.000 recall score.",,
Au-K-Tb,2,16,Au-Tb,Au1 Tb1,binary,★ stable (new!) | 0.037 eV/atom,,,,"Tb2Au3, Tb3Au, Tb4Au6, Tb6Au2, TbAu",list_compositions→query_structures→query_structures→generate_structures→query_structures→select_for_evaluation→get_buffer_stats→score_buffer→query_structures→select_for_evaluation,TbAu has BEST oracle scores (-0.1106) but only 1 structure evaluated (unstable 2-site at 1.0528 eV/atom). This is a 4-site Tb2Au2 structure - differen…,"Selected Tb2Au2 (reduced formula: TbAu, 4 sites, random structure, oracle score: -0.1106) for oracle evaluation. This selection prioritizes the TbAu c…","*   **Eliminate Potassium:** Completely exclude K-containing compositions from the search space; all K-ternaries evaluated were highly unstable (>0.15 eV/atom).
*   **Enforce Stoichiometry Deduplication:** Implement a strict check to prevent re-querying identical stoichiometries (e.g., Au3Tb2 was queried twice with no improvement).
*   **Target Specific Ratios:** Narrow the focus to Au-Tb stoichiometries near 3:2 and 3:1 where the lowest energies (0.029-0.041 eV/atom) were observed, rather than broad exploration.
*   **Bias Towards Small Cells:** Prioritize structure generation for unit cells with 4-6 sites, as these correlated with the most stable candidates found.
*   **Prioritize Known Phases:** Shift strategy from novelty to recall; explicitly query known stable stoichiometries from literature to recover the 0.000 recall score.",,
Au-K-Tb,2,17,Au-Tb,Au3 Tb1,binary,unstable (new!) | 1.196 eV/atom,,,Tb3Au2,"Tb2Au, Tb3Au, Tb3Au2, TbAu3",list_compositions→generate_structures→score_buffer→query_structures→select_for_evaluation→query_structures→select_for_evaluation→query_structures→select_for_evaluation→query_structures,Exceptional oracle score (-1.4785) - best across all compositions; different structural configuration from previously evaluated TbAu3 structures; high…,"SELECTED: Tb1Au1 (reduced: TbAu, 2 sites, random): oracle=-0.7886. Best oracle score among remaining TbAu structures; different unit cell size (2 site…","*   **Eliminate Potassium:** Completely exclude K-containing compositions from the search space; all K-ternaries evaluated were highly unstable (>0.15 eV/atom).
*   **Enforce Stoichiometry Deduplication:** Implement a strict check to prevent re-querying identical stoichiometries (e.g., Au3Tb2 was queried twice with no improvement).
*   **Target Specific Ratios:** Narrow the focus to Au-Tb stoichiometries near 3:2 and 3:1 where the lowest energies (0.029-0.041 eV/atom) were observed, rather than broad exploration.
*   **Bias Towards Small Cells:** Prioritize structure generation for unit cells with 4-6 sites, as these correlated with the most stable candidates found.
*   **Prioritize Known Phases:** Shift strategy from novelty to recall; explicitly query known stable stoichiometries from literature to recover the 0.000 recall score.",,
Au-K-Tb,2,18,Au-Tb,Au1 Tb1,binary,unstable (new!) | 3.543 eV/atom,,,,TbAu,score_buffer→query_structures→select_for_evaluation→finish,Tb1Au1 2-site structure has best oracle prediction (-0.7884); different unit cell size from previously evaluated TbAu structures; high potential for n…,Selected Tb1Au1 2-site structure (index 2) from TbAu composition for oracle evaluation. Rationale: (1) TbAu had best oracle score (-0.1108) across all…,"*   **Eliminate Potassium:** Completely exclude K-containing compositions from the search space; all K-ternaries evaluated were highly unstable (>0.15 eV/atom).
*   **Enforce Stoichiometry Deduplication:** Implement a strict check to prevent re-querying identical stoichiometries (e.g., Au3Tb2 was queried twice with no improvement).
*   **Target Specific Ratios:** Narrow the focus to Au-Tb stoichiometries near 3:2 and 3:1 where the lowest energies (0.029-0.041 eV/atom) were observed, rather than broad exploration.
*   **Bias Towards Small Cells:** Prioritize structure generation for unit cells with 4-6 sites, as these correlated with the most stable candidates found.
*   **Prioritize Known Phases:** Shift strategy from novelty to recall; explicitly query known stable stoichiometries from literature to recover the 0.000 recall score.",,
Au-K-Tb,2,19,Au-Tb,Au1 Tb2,binary,unstable (new!) | 0.106 eV/atom,,,,Tb2Au,list_compositions→query_structures→select_for_evaluation→finish,Tb2Au is a known stable material from literature; this structure has the best oracle score (-0.0984) among 32 available candidates; previous Tb2Au eva…,"Selected Tb2Au structure index 8 (3 sites, random generator) for oracle evaluation. Rationale: Tb2Au is a known stable material from literature that h…","*   **Eliminate Potassium:** Completely exclude K-containing compositions from the search space; all K-ternaries evaluated were highly unstable (>0.15 eV/atom).
*   **Enforce Stoichiometry Deduplication:** Implement a strict check to prevent re-querying identical stoichiometries (e.g., Au3Tb2 was queried twice with no improvement).
*   **Target Specific Ratios:** Narrow the focus to Au-Tb stoichiometries near 3:2 and 3:1 where the lowest energies (0.029-0.041 eV/atom) were observed, rather than broad exploration.
*   **Bias Towards Small Cells:** Prioritize structure generation for unit cells with 4-6 sites, as these correlated with the most stable candidates found.
*   **Prioritize Known Phases:** Shift strategy from novelty to recall; explicitly query known stable stoichiometries from literature to recover the 0.000 recall score.",,
Au-K-Tb,2,20,Au-Tb,Au1 Tb2,binary,unstable (new!) | 0.106 eV/atom,,,,"Tb2Au, Tb3Au, Tb3Au2",score_buffer→query_structures→select_for_evaluation→get_buffer_stats→query_structures→select_for_evaluation→list_compositions→query_structures→select_for_evaluation→query_structures,"Good oracle score (-0.0110), 3-site unit cell aligns with successful patterns, composition not yet yielded stable structures in history, 31 structures…","Selected TbAu structure index 2 (Tb1Au1, 2 sites, random) with oracle score -0.7885 for oracle evaluation. This composition has the best oracle scores…","*   **Eliminate Potassium:** Completely exclude K-containing compositions from the search space; all K-ternaries evaluated were highly unstable (>0.15 eV/atom).
*   **Enforce Stoichiometry Deduplication:** Implement a strict check to prevent re-querying identical stoichiometries (e.g., Au3Tb2 was queried twice with no improvement).
*   **Target Specific Ratios:** Narrow the focus to Au-Tb stoichiometries near 3:2 and 3:1 where the lowest energies (0.029-0.041 eV/atom) were observed, rather than broad exploration.
*   **Bias Towards Small Cells:** Prioritize structure generation for unit cells with 4-6 sites, as these correlated with the most stable candidates found.
*   **Prioritize Known Phases:** Shift strategy from novelty to recall; explicitly query known stable stoichiometries from literature to recover the 0.000 recall score.",,
Au-K-Tb,2,21,Au-Tb,Au2 Tb1,binary,★ stable (new!) | 0.000 eV/atom,,,,"Tb2Au, TbAu, TbAu2, TbAu3",score_buffer→query_structures→select_for_evaluation→query_structures→select_for_evaluation→query_structures→query_structures→select_for_evaluation→query_structures→select_for_evaluation,TbAu2 structure with best oracle score (-0.1236) among 53 buffer structures; different 6-site unit cell from previously evaluated stable TbAu2 structu…,"Selected 4 structures for oracle evaluation: 1. **Tb1Au1 (2 sites)** - oracle=-0.7885: Exceptional predicted stability, different unit cell size from …","*   **Eliminate Potassium:** Completely exclude K-containing compositions from the search space; all K-ternaries evaluated were highly unstable (>0.15 eV/atom).
*   **Enforce Stoichiometry Deduplication:** Implement a strict check to prevent re-querying identical stoichiometries (e.g., Au3Tb2 was queried twice with no improvement).
*   **Target Specific Ratios:** Narrow the focus to Au-Tb stoichiometries near 3:2 and 3:1 where the lowest energies (0.029-0.041 eV/atom) were observed, rather than broad exploration.
*   **Bias Towards Small Cells:** Prioritize structure generation for unit cells with 4-6 sites, as these correlated with the most stable candidates found.
*   **Prioritize Known Phases:** Shift strategy from novelty to recall; explicitly query known stable stoichiometries from literature to recover the 0.000 recall score.",,
Au-K-Tb,2,22,Au-Tb,Au2 Tb1,binary,★ stable (new!) | 0.000 eV/atom,,,,"Tb2Au, Tb3Au, TbAu, TbAu2",list_compositions→query_structures→select_for_evaluation→query_structures→select_for_evaluation→query_structures→select_for_evaluation→query_structures→select_for_evaluation→query_structures,"TbAu2 has 52 structures with 1 stable discovery (0.0003 eV/atom). Structure index 4 has best oracle score (-0.1644), indicating high potential for add…","SELECTED: Tb1Au3 (reduced: TbAu3, 4 sites, random): oracle=-1.6821. TbAu3 has 13 structures with 1 stable discovery (0.0410 eV/atom). Structure index …","*   **Eliminate Potassium:** Completely exclude K-containing compositions from the search space; all K-ternaries evaluated were highly unstable (>0.15 eV/atom).
*   **Enforce Stoichiometry Deduplication:** Implement a strict check to prevent re-querying identical stoichiometries (e.g., Au3Tb2 was queried twice with no improvement).
*   **Target Specific Ratios:** Narrow the focus to Au-Tb stoichiometries near 3:2 and 3:1 where the lowest energies (0.029-0.041 eV/atom) were observed, rather than broad exploration.
*   **Bias Towards Small Cells:** Prioritize structure generation for unit cells with 4-6 sites, as these correlated with the most stable candidates found.
*   **Prioritize Known Phases:** Shift strategy from novelty to recall; explicitly query known stable stoichiometries from literature to recover the 0.000 recall score.",,
Au-K-Tb,2,23,Au-Tb,Au3 Tb1,binary,unstable (new!) | 1.781 eV/atom,,,,"Tb2Au, Tb2Au3, TbAu, TbAu3",score_buffer→query_structures→select_for_evaluation→generate_structures→score_buffer→query_structures→select_for_evaluation→generate_structures→score_buffer→query_structures,"Top oracle score (-1.6821) for TbAu3 composition, predicted to be highly stable based on oracle prediction; previous TbAu3 structures have shown stabi…","SELECTED: Tb3Au1 (reduced: Tb3Au, 4 sites, chemeleon): oracle=-0.0206. Top oracle score (-0.0206) for Tb3Au composition from chemeleon generator; prev…","*   **Eliminate Potassium:** Completely exclude K-containing compositions from the search space; all K-ternaries evaluated were highly unstable (>0.15 eV/atom).
*   **Enforce Stoichiometry Deduplication:** Implement a strict check to prevent re-querying identical stoichiometries (e.g., Au3Tb2 was queried twice with no improvement).
*   **Target Specific Ratios:** Narrow the focus to Au-Tb stoichiometries near 3:2 and 3:1 where the lowest energies (0.029-0.041 eV/atom) were observed, rather than broad exploration.
*   **Bias Towards Small Cells:** Prioritize structure generation for unit cells with 4-6 sites, as these correlated with the most stable candidates found.
*   **Prioritize Known Phases:** Shift strategy from novelty to recall; explicitly query known stable stoichiometries from literature to recover the 0.000 recall score.",,
Au-K-Tb,2,24,Au-Tb,Au1 Tb3,binary,★ stable (new!) | 0.079 eV/atom,,,,Tb3Au,list_compositions→score_buffer→query_structures→select_for_evaluation→finish,Best oracle score (-0.0204) among all compositions; Tb3Au has only 1 prior evaluation (unstable) but new structures show much better predicted stabili…,"Selected Tb3Au structure index 0 (4 sites, chemeleon-generated, oracle=-0.0204) for oracle evaluation. This composition has the best predicted stabili…","*   **Eliminate Potassium:** Completely exclude K-containing compositions from the search space; all K-ternaries evaluated were highly unstable (>0.15 eV/atom).
*   **Enforce Stoichiometry Deduplication:** Implement a strict check to prevent re-querying identical stoichiometries (e.g., Au3Tb2 was queried twice with no improvement).
*   **Target Specific Ratios:** Narrow the focus to Au-Tb stoichiometries near 3:2 and 3:1 where the lowest energies (0.029-0.041 eV/atom) were observed, rather than broad exploration.
*   **Bias Towards Small Cells:** Prioritize structure generation for unit cells with 4-6 sites, as these correlated with the most stable candidates found.
*   **Prioritize Known Phases:** Shift strategy from novelty to recall; explicitly query known stable stoichiometries from literature to recover the 0.000 recall score.",,
Au-K-Tb,2,25,Au-Tb,Au2 Tb3,binary,★ stable (new!) | 0.068 eV/atom,✓,Au2 Tb3,,Tb3Au2,list_compositions→score_buffer→query_structures→select_for_evaluation→finish,Completely unexplored composition with 3 structures and 0 oracle evaluations. Novel opportunity to discover new stable material.,Actions taken: (1) Listed all 7 compositions in buffer to understand landscape; (2) Scored 165 structures with oracle scorer to identify promising can…,"*   **Eliminate Potassium:** Completely exclude K-containing compositions from the search space; all K-ternaries evaluated were highly unstable (>0.15 eV/atom).
*   **Enforce Stoichiometry Deduplication:** Implement a strict check to prevent re-querying identical stoichiometries (e.g., Au3Tb2 was queried twice with no improvement).
*   **Target Specific Ratios:** Narrow the focus to Au-Tb stoichiometries near 3:2 and 3:1 where the lowest energies (0.029-0.041 eV/atom) were observed, rather than broad exploration.
*   **Bias Towards Small Cells:** Prioritize structure generation for unit cells with 4-6 sites, as these correlated with the most stable candidates found.
*   **Prioritize Known Phases:** Shift strategy from novelty to recall; explicitly query known stable stoichiometries from literature to recover the 0.000 recall score.",,
Au-K-Tb,2,26,Au-Tb,Au2 Tb1,binary,unstable (new!) | 0.153 eV/atom,,,,"Tb2Au, Tb2Au3, Tb3Au2, TbAu2",list_compositions→query_structures→query_structures→select_for_evaluation→query_structures→select_for_evaluation→query_structures→select_for_evaluation→query_structures→select_for_evaluation,TbAu2 is a known stable phase with 51 structures but only 3 stable discoveries. Structure 4 has best oracle score (-0.1851) - highest potential for st…,"Selected 4 structures for oracle evaluation in this episode: 1. Tb2Au (index 0, 3 sites): 33 structures available with 0 stable evaluations - primary …","*   **Eliminate Potassium:** Completely exclude K-containing compositions from the search space; all K-ternaries evaluated were highly unstable (>0.15 eV/atom).
*   **Enforce Stoichiometry Deduplication:** Implement a strict check to prevent re-querying identical stoichiometries (e.g., Au3Tb2 was queried twice with no improvement).
*   **Target Specific Ratios:** Narrow the focus to Au-Tb stoichiometries near 3:2 and 3:1 where the lowest energies (0.029-0.041 eV/atom) were observed, rather than broad exploration.
*   **Bias Towards Small Cells:** Prioritize structure generation for unit cells with 4-6 sites, as these correlated with the most stable candidates found.
*   **Prioritize Known Phases:** Shift strategy from novelty to recall; explicitly query known stable stoichiometries from literature to recover the 0.000 recall score.",,
Au-K-Tb,2,27,Au-Tb,Au1 Tb2,binary,unstable (new!) | 0.106 eV/atom,,,,"Tb2Au, Tb3Au, TbAu, TbAu3",score_buffer→query_structures→select_for_evaluation→query_structures→select_for_evaluation→query_structures→select_for_evaluation→query_structures→select_for_evaluation→query_structures,Best oracle score (-0.0111) among Tb2Au structures; 3-site chemeleon structure; no stable materials found yet in this composition (previous attempts w…,"SELECTED: Tb2Au3 (reduced: Tb2Au3, 5 sites, chemeleon): oracle=-0.0417. Best oracle score among Tb2Au3 structures; previous attempt in this compositio…","*   **Eliminate Potassium:** Completely exclude K-containing compositions from the search space; all K-ternaries evaluated were highly unstable (>0.15 eV/atom).
*   **Enforce Stoichiometry Deduplication:** Implement a strict check to prevent re-querying identical stoichiometries (e.g., Au3Tb2 was queried twice with no improvement).
*   **Target Specific Ratios:** Narrow the focus to Au-Tb stoichiometries near 3:2 and 3:1 where the lowest energies (0.029-0.041 eV/atom) were observed, rather than broad exploration.
*   **Bias Towards Small Cells:** Prioritize structure generation for unit cells with 4-6 sites, as these correlated with the most stable candidates found.
*   **Prioritize Known Phases:** Shift strategy from novelty to recall; explicitly query known stable stoichiometries from literature to recover the 0.000 recall score.",,
Au-K-Tb,2,28,Au-Tb,Au1 Tb1,binary,unstable (new!) | 2.674 eV/atom,,,,TbAu,score_buffer→query_structures→select_for_evaluation→finish,"Best oracle score (-1.1637) for TbAu composition; only one TbAu structure previously evaluated (entry 9, e=0.0367). This 4-site Tb2Au2 structure may y…","Selected Tb2Au2 (reduced: TbAu, 4 sites, random) with oracle score -1.1637 for evaluation. This composition (TbAu) had the best oracle score among all…","*   **Eliminate Potassium:** Completely exclude K-containing compositions from the search space; all K-ternaries evaluated were highly unstable (>0.15 eV/atom).
*   **Enforce Stoichiometry Deduplication:** Implement a strict check to prevent re-querying identical stoichiometries (e.g., Au3Tb2 was queried twice with no improvement).
*   **Target Specific Ratios:** Narrow the focus to Au-Tb stoichiometries near 3:2 and 3:1 where the lowest energies (0.029-0.041 eV/atom) were observed, rather than broad exploration.
*   **Bias Towards Small Cells:** Prioritize structure generation for unit cells with 4-6 sites, as these correlated with the most stable candidates found.
*   **Prioritize Known Phases:** Shift strategy from novelty to recall; explicitly query known stable stoichiometries from literature to recover the 0.000 recall score.",,
Au-K-Tb,2,29,Au-Tb,Au2 Tb1,binary,★ stable (new!) | 0.051 eV/atom,,,,"Tb2Au, TbAu, TbAu2, TbAu3",get_buffer_stats→score_buffer→query_structures→select_for_evaluation→generate_structures→query_structures→select_for_evaluation→query_structures→select_for_evaluation→query_structures,"Best oracle score (-0.1872) among 50 TbAu2 structures, 6-site random structure, ~46 unevaluated candidates available, TbAu2 historically most successf…","SELECTED: Tb2Au1 (reduced: Tb2Au, 3 sites, chemeleon): oracle=-0.0110. Best oracle score among 31 Tb2Au structures, 3-site chemeleon structure, 25 une…","*   **Eliminate Potassium:** Completely exclude K-containing compositions from the search space; all K-ternaries evaluated were highly unstable (>0.15 eV/atom).
*   **Enforce Stoichiometry Deduplication:** Implement a strict check to prevent re-querying identical stoichiometries (e.g., Au3Tb2 was queried twice with no improvement).
*   **Target Specific Ratios:** Narrow the focus to Au-Tb stoichiometries near 3:2 and 3:1 where the lowest energies (0.029-0.041 eV/atom) were observed, rather than broad exploration.
*   **Bias Towards Small Cells:** Prioritize structure generation for unit cells with 4-6 sites, as these correlated with the most stable candidates found.
*   **Prioritize Known Phases:** Shift strategy from novelty to recall; explicitly query known stable stoichiometries from literature to recover the 0.000 recall score.",,
Au-K-Tb,2,30,Au-Tb,Au2 Tb3,binary,unstable (new!) | 0.121 eV/atom,,,,"Tb3Au2, TbAu3",list_compositions→query_structures→select_for_evaluation→generate_structures→query_structures→score_buffer→select_for_evaluation→generate_structures→query_structures→generate_structures,"Tb3Au2 scored with best oracle=-0.0370, promising binary composition where related stoichiometries (Tb3Au, TbAu, TbAu2, Tb2Au) already showed stable s…","Query TbAu3 structures to identify best candidates among newly generated structures, then select top-scoring structure for oracle evaluation to recove…","*   **Eliminate Potassium:** Completely exclude K-containing compositions from the search space; all K-ternaries evaluated were highly unstable (>0.15 eV/atom).
*   **Enforce Stoichiometry Deduplication:** Implement a strict check to prevent re-querying identical stoichiometries (e.g., Au3Tb2 was queried twice with no improvement).
*   **Target Specific Ratios:** Narrow the focus to Au-Tb stoichiometries near 3:2 and 3:1 where the lowest energies (0.029-0.041 eV/atom) were observed, rather than broad exploration.
*   **Bias Towards Small Cells:** Prioritize structure generation for unit cells with 4-6 sites, as these correlated with the most stable candidates found.
*   **Prioritize Known Phases:** Shift strategy from novelty to recall; explicitly query known stable stoichiometries from literature to recover the 0.000 recall score.",,
Au-K-Tb,2,31,Au-Tb,Au1 Tb2,binary,unstable (new!) | 0.180 eV/atom,,,,"Tb2Au, Tb3Au2, TbAu, TbAu3",query_structures→select_for_evaluation→query_structures→select_for_evaluation→list_compositions→query_structures→select_for_evaluation→query_structures→select_for_evaluation→query_structures,Tb2Au has 31 structures but only 2 evaluated (both unstable: 0.2017 and 0.1057 eV/atom); index 9 has best oracle score (-0.0985) suggesting potential …,"SELECTED: Tb3Au1 (reduced: Tb3Au, 4 sites, chemeleon): oracle=-0.0290. Tb3Au is completely unexplored (0 prior evaluations) with 8 structures availabl…","*   **Eliminate Potassium:** Completely exclude K-containing compositions from the search space; all K-ternaries evaluated were highly unstable (>0.15 eV/atom).
*   **Enforce Stoichiometry Deduplication:** Implement a strict check to prevent re-querying identical stoichiometries (e.g., Au3Tb2 was queried twice with no improvement).
*   **Target Specific Ratios:** Narrow the focus to Au-Tb stoichiometries near 3:2 and 3:1 where the lowest energies (0.029-0.041 eV/atom) were observed, rather than broad exploration.
*   **Bias Towards Small Cells:** Prioritize structure generation for unit cells with 4-6 sites, as these correlated with the most stable candidates found.
*   **Prioritize Known Phases:** Shift strategy from novelty to recall; explicitly query known stable stoichiometries from literature to recover the 0.000 recall score.",,
Au-K-Tb,2,32,Au-Tb,Au3 Tb1,binary,unstable (new!) | 0.159 eV/atom,,,,TbAu3,list_compositions→query_structures→select_for_evaluation→finish,"Best oracle score (-0.1185) among 68 TbAu3 structures; only 2 of 68 evaluated so far, both unstable - high potential for novel stable discovery in kno…","Selected TbAu3 structure index 1 (4 sites, random generation) with oracle score -0.1185 for oracle evaluation. This selection targets the largest unex…","*   **Eliminate Potassium:** Completely exclude K-containing compositions from the search space; all K-ternaries evaluated were highly unstable (>0.15 eV/atom).
*   **Enforce Stoichiometry Deduplication:** Implement a strict check to prevent re-querying identical stoichiometries (e.g., Au3Tb2 was queried twice with no improvement).
*   **Target Specific Ratios:** Narrow the focus to Au-Tb stoichiometries near 3:2 and 3:1 where the lowest energies (0.029-0.041 eV/atom) were observed, rather than broad exploration.
*   **Bias Towards Small Cells:** Prioritize structure generation for unit cells with 4-6 sites, as these correlated with the most stable candidates found.
*   **Prioritize Known Phases:** Shift strategy from novelty to recall; explicitly query known stable stoichiometries from literature to recover the 0.000 recall score.",,
Au-K-Tb,2,33,Au-Tb,Au1 Tb2,binary,unstable (new!) | 0.188 eV/atom,,,,"Tb2Au, Tb3Au, Tb3Au2, TbAu2",query_structures→select_for_evaluation→list_compositions→generate_structures→query_structures→select_for_evaluation→query_structures→select_for_evaluation→query_structures→select_for_evaluation,"Best pre-scorer value (-0.0986) among Tb2Au structures; previous Tb2Au evaluations showed 0.1057-0.1058 eV/atom (just above threshold), but improved p…","Actions taken in this episode: 1. Selected TbAu2 structure (index 8, 6-site Tb2Au4) for oracle evaluation - continues successful pattern of stable TbA…","*   **Eliminate Potassium:** Completely exclude K-containing compositions from the search space; all K-ternaries evaluated were highly unstable (>0.15 eV/atom).
*   **Enforce Stoichiometry Deduplication:** Implement a strict check to prevent re-querying identical stoichiometries (e.g., Au3Tb2 was queried twice with no improvement).
*   **Target Specific Ratios:** Narrow the focus to Au-Tb stoichiometries near 3:2 and 3:1 where the lowest energies (0.029-0.041 eV/atom) were observed, rather than broad exploration.
*   **Bias Towards Small Cells:** Prioritize structure generation for unit cells with 4-6 sites, as these correlated with the most stable candidates found.
*   **Prioritize Known Phases:** Shift strategy from novelty to recall; explicitly query known stable stoichiometries from literature to recover the 0.000 recall score.",,
Au-K-Tb,2,34,Au-Tb,Au1 Tb1,binary,unstable (new!) | 2.308 eV/atom,,,,TbAu,list_compositions→score_buffer→query_structures→select_for_evaluation→finish,Best oracle score (-1.2663) among all TbAu structures; TbAu has only 1 stable discovery so far despite 32 structures in buffer; very negative score su…,"Selected Tb2Au2 (reduced formula: TbAu, 4 sites, random structure, index 4) for oracle evaluation with predicted oracle score of -1.2663. This represe…","*   **Eliminate Potassium:** Completely exclude K-containing compositions from the search space; all K-ternaries evaluated were highly unstable (>0.15 eV/atom).
*   **Enforce Stoichiometry Deduplication:** Implement a strict check to prevent re-querying identical stoichiometries (e.g., Au3Tb2 was queried twice with no improvement).
*   **Target Specific Ratios:** Narrow the focus to Au-Tb stoichiometries near 3:2 and 3:1 where the lowest energies (0.029-0.041 eV/atom) were observed, rather than broad exploration.
*   **Bias Towards Small Cells:** Prioritize structure generation for unit cells with 4-6 sites, as these correlated with the most stable candidates found.
*   **Prioritize Known Phases:** Shift strategy from novelty to recall; explicitly query known stable stoichiometries from literature to recover the 0.000 recall score.",,
Au-K-Tb,2,35,Au-Tb,Au2 Tb3,binary,unstable (new!) | 0.208 eV/atom,,,,"Tb2Au, Tb2Au3, Tb3Au2, TbAu3",score_buffer→query_structures→select_for_evaluation→query_structures→select_for_evaluation→query_structures→select_for_evaluation→query_structures→query_structures→select_for_evaluation,"Tb3Au2 has only 1 stable discovery despite 6 structures and excellent oracle scores (-0.0649 to -0.1310). Best structure (index 4) has oracle=-0.1310,…","Selected 4 structures for oracle evaluation in this episode: 1. **TbAu3** (index 2, 4 sites, random): oracle=-0.0692 - 67 structures with no stable di…","*   **Eliminate Potassium:** Completely exclude K-containing compositions from the search space; all K-ternaries evaluated were highly unstable (>0.15 eV/atom).
*   **Enforce Stoichiometry Deduplication:** Implement a strict check to prevent re-querying identical stoichiometries (e.g., Au3Tb2 was queried twice with no improvement).
*   **Target Specific Ratios:** Narrow the focus to Au-Tb stoichiometries near 3:2 and 3:1 where the lowest energies (0.029-0.041 eV/atom) were observed, rather than broad exploration.
*   **Bias Towards Small Cells:** Prioritize structure generation for unit cells with 4-6 sites, as these correlated with the most stable candidates found.
*   **Prioritize Known Phases:** Shift strategy from novelty to recall; explicitly query known stable stoichiometries from literature to recover the 0.000 recall score.",,
Au-K-Tb,2,36,Au-Tb,Au3 Tb1,binary,unstable (new!) | 0.116 eV/atom,,,,"Tb3Au, Tb3Au2, TbAu, TbAu3",score_buffer→query_structures→select_for_evaluation→query_structures→select_for_evaluation→query_structures→select_for_evaluation→query_structures→select_for_evaluation→query_structures,Best oracle score (-0.0692) among TbAu3 structures; previous evaluation (entry 17) was close to threshold at 0.1588 eV/atom; exploring different struc…,"SELECTED: Tb2Au1 (reduced: Tb2Au, 3 sites, chemeleon): oracle=-0.0112. Best oracle score among Tb2Au structures; previous evaluations showed multiple …","*   **Eliminate Potassium:** Completely exclude K-containing compositions from the search space; all K-ternaries evaluated were highly unstable (>0.15 eV/atom).
*   **Enforce Stoichiometry Deduplication:** Implement a strict check to prevent re-querying identical stoichiometries (e.g., Au3Tb2 was queried twice with no improvement).
*   **Target Specific Ratios:** Narrow the focus to Au-Tb stoichiometries near 3:2 and 3:1 where the lowest energies (0.029-0.041 eV/atom) were observed, rather than broad exploration.
*   **Bias Towards Small Cells:** Prioritize structure generation for unit cells with 4-6 sites, as these correlated with the most stable candidates found.
*   **Prioritize Known Phases:** Shift strategy from novelty to recall; explicitly query known stable stoichiometries from literature to recover the 0.000 recall score.",,
Au-K-Tb,2,37,Au-Tb,Au1 Tb3,binary,unstable (new!) | 0.215 eV/atom,,,,"Tb2Au, Tb2Au3, Tb3Au, Tb3Au2",list_compositions→query_structures→select_for_evaluation→query_structures→select_for_evaluation→query_structures→select_for_evaluation→query_structures→select_for_evaluation→query_structures,"Best oracle score (-0.1081) among 7 Tb3Au structures; this composition already yielded one stable discovery (entry 8, e_above_hull=0.0792), making it …","SELECTED: Tb2Au4 (reduced: TbAu2, 6 sites, random): oracle=-0.5227. Best oracle score (-0.5227) among 48 TbAu2 structures; this composition has alread…","*   **Eliminate Potassium:** Completely exclude K-containing compositions from the search space; all K-ternaries evaluated were highly unstable (>0.15 eV/atom).
*   **Enforce Stoichiometry Deduplication:** Implement a strict check to prevent re-querying identical stoichiometries (e.g., Au3Tb2 was queried twice with no improvement).
*   **Target Specific Ratios:** Narrow the focus to Au-Tb stoichiometries near 3:2 and 3:1 where the lowest energies (0.029-0.041 eV/atom) were observed, rather than broad exploration.
*   **Bias Towards Small Cells:** Prioritize structure generation for unit cells with 4-6 sites, as these correlated with the most stable candidates found.
*   **Prioritize Known Phases:** Shift strategy from novelty to recall; explicitly query known stable stoichiometries from literature to recover the 0.000 recall score.",,
Au-K-Tb,2,38,Au-Tb,Au1 Tb3,binary,★ stable | 0.079 eV/atom,,,,"Tb2Au, Tb3Au, Tb3Au2, TbAu2",score_buffer→query_structures→select_for_evaluation→query_structures→select_for_evaluation→query_structures→select_for_evaluation→query_structures→select_for_evaluation→query_structures,Tb3Au has proven stability with 1 stable discovery (entry #7: e_above_hull=0.0792); only 6 structures in buffer (underexplored); structure index 3 has…,"SELECTED: Tb4Au6 (reduced: Tb2Au3, 10 sites, chemeleon): oracle=-0.0320. This is the best oracle-scored structure (-0.0320) among 13 Tb2Au3 candidates…","*   **Eliminate Potassium:** Completely exclude K-containing compositions from the search space; all K-ternaries evaluated were highly unstable (>0.15 eV/atom).
*   **Enforce Stoichiometry Deduplication:** Implement a strict check to prevent re-querying identical stoichiometries (e.g., Au3Tb2 was queried twice with no improvement).
*   **Target Specific Ratios:** Narrow the focus to Au-Tb stoichiometries near 3:2 and 3:1 where the lowest energies (0.029-0.041 eV/atom) were observed, rather than broad exploration.
*   **Bias Towards Small Cells:** Prioritize structure generation for unit cells with 4-6 sites, as these correlated with the most stable candidates found.
*   **Prioritize Known Phases:** Shift strategy from novelty to recall; explicitly query known stable stoichiometries from literature to recover the 0.000 recall score.",,
Au-K-Tb,2,39,Au-Tb,Au2 Tb3,binary,unstable (new!) | 0.138 eV/atom,,,,Tb3Au2,list_compositions→score_buffer→query_structures→select_for_evaluation→finish,Tb3Au2 has demonstrated stability potential (1 stable structure found at 0.0679 eV/atom). Structure 0 has the best oracle score (-0.0649) among the 2 …,"Actions taken: (1) Listed buffer compositions showing 7 Tb-Au binaries with 188 total structures, (2) Scored all structures with oracle scorer reveali…","*   **Eliminate Potassium:** Completely exclude K-containing compositions from the search space; all K-ternaries evaluated were highly unstable (>0.15 eV/atom).
*   **Enforce Stoichiometry Deduplication:** Implement a strict check to prevent re-querying identical stoichiometries (e.g., Au3Tb2 was queried twice with no improvement).
*   **Target Specific Ratios:** Narrow the focus to Au-Tb stoichiometries near 3:2 and 3:1 where the lowest energies (0.029-0.041 eV/atom) were observed, rather than broad exploration.
*   **Bias Towards Small Cells:** Prioritize structure generation for unit cells with 4-6 sites, as these correlated with the most stable candidates found.
*   **Prioritize Known Phases:** Shift strategy from novelty to recall; explicitly query known stable stoichiometries from literature to recover the 0.000 recall score.",,
Au-K-Tb,2,40,Au-Tb,Au2 Tb1,binary,★ stable (new!) | 0.000 eV/atom,,,,TbAu2,list_compositions→query_structures→select_for_evaluation→finish,"Best oracle score (-0.5229) for TbAu2, 3-site structure matching successful pattern from prior stable discoveries","Selected Tb1Au2 (TbAu2 reduced formula, 3 sites, random structure, index 9) for oracle evaluation. This composition has the best track record with 3 s…","*   **Eliminate Potassium:** Completely exclude K-containing compositions from the search space; all K-ternaries evaluated were highly unstable (>0.15 eV/atom).
*   **Enforce Stoichiometry Deduplication:** Implement a strict check to prevent re-querying identical stoichiometries (e.g., Au3Tb2 was queried twice with no improvement).
*   **Target Specific Ratios:** Narrow the focus to Au-Tb stoichiometries near 3:2 and 3:1 where the lowest energies (0.029-0.041 eV/atom) were observed, rather than broad exploration.
*   **Bias Towards Small Cells:** Prioritize structure generation for unit cells with 4-6 sites, as these correlated with the most stable candidates found.
*   **Prioritize Known Phases:** Shift strategy from novelty to recall; explicitly query known stable stoichiometries from literature to recover the 0.000 recall score.",,
Au-K-Tb,2,41,Au-Tb,Au1 Tb2,binary,unstable (new!) | 0.106 eV/atom,,,,"Tb2Au, Tb2Au3, TbAu, TbAu3",list_compositions→score_buffer→query_structures→select_for_evaluation→query_structures→select_for_evaluation→query_structures→select_for_evaluation→query_structures→select_for_evaluation,Best oracle score (-0.0115) among 26 Tb2Au structures; only 2 of 26 evaluated with 0 stable; known stable phase in literature; consistent predicted st…,"Selected 4 structures for oracle evaluation from under-explored Au-Tb binary compositions: (1) TbAu index 4 (oracle=-1.7646, 1/30 evaluated, known sta…","*   **Eliminate Potassium:** Completely exclude K-containing compositions from the search space; all K-ternaries evaluated were highly unstable (>0.15 eV/atom).
*   **Enforce Stoichiometry Deduplication:** Implement a strict check to prevent re-querying identical stoichiometries (e.g., Au3Tb2 was queried twice with no improvement).
*   **Target Specific Ratios:** Narrow the focus to Au-Tb stoichiometries near 3:2 and 3:1 where the lowest energies (0.029-0.041 eV/atom) were observed, rather than broad exploration.
*   **Bias Towards Small Cells:** Prioritize structure generation for unit cells with 4-6 sites, as these correlated with the most stable candidates found.
*   **Prioritize Known Phases:** Shift strategy from novelty to recall; explicitly query known stable stoichiometries from literature to recover the 0.000 recall score.",,
Au-K-Tb,2,42,Au-Tb,Au1 Tb1,binary,unstable (new!) | 1.869 eV/atom,,,,"Tb2Au, TbAu",list_compositions→query_structures→query_structures→select_for_evaluation→query_structures→select_for_evaluation→query_structures→finish,TbAu is a known stable material; 2 previous evaluations showed e_above_hull > 2.3 (highly unstable); this structure has best oracle score (-1.7647) an…,"Episode completed with two structure selections for oracle evaluation: 1. Tb2Au (index 9, 3 sites, random): oracle=-0.6255 - Known stable material wit…","*   **Eliminate Potassium:** Completely exclude K-containing compositions from the search space; all K-ternaries evaluated were highly unstable (>0.15 eV/atom).
*   **Enforce Stoichiometry Deduplication:** Implement a strict check to prevent re-querying identical stoichiometries (e.g., Au3Tb2 was queried twice with no improvement).
*   **Target Specific Ratios:** Narrow the focus to Au-Tb stoichiometries near 3:2 and 3:1 where the lowest energies (0.029-0.041 eV/atom) were observed, rather than broad exploration.
*   **Bias Towards Small Cells:** Prioritize structure generation for unit cells with 4-6 sites, as these correlated with the most stable candidates found.
*   **Prioritize Known Phases:** Shift strategy from novelty to recall; explicitly query known stable stoichiometries from literature to recover the 0.000 recall score.",,
Au-K-Tb,2,43,Au-Tb,Au1 Tb2,binary,unstable (new!) | 0.559 eV/atom,,,,Tb2Au,get_buffer_stats→query_structures→select_for_evaluation→select_for_evaluation→select_for_evaluation→select_for_evaluation→select_for_evaluation→query_structures→select_for_evaluation→select_for_evaluation,Second-best oracle score (-0.9018) among remaining Tb2Au structures; extremely negative score strongly indicates stability; 18 unevaluated structures …,"SELECTED: Tb2Au1 (reduced: Tb2Au, 3 sites, random): oracle=-0.8970. Third-best oracle score among remaining Tb2Au structures; composition shows except…","*   **Eliminate Potassium:** Completely exclude K-containing compositions from the search space; all K-ternaries evaluated were highly unstable (>0.15 eV/atom).
*   **Enforce Stoichiometry Deduplication:** Implement a strict check to prevent re-querying identical stoichiometries (e.g., Au3Tb2 was queried twice with no improvement).
*   **Target Specific Ratios:** Narrow the focus to Au-Tb stoichiometries near 3:2 and 3:1 where the lowest energies (0.029-0.041 eV/atom) were observed, rather than broad exploration.
*   **Bias Towards Small Cells:** Prioritize structure generation for unit cells with 4-6 sites, as these correlated with the most stable candidates found.
*   **Prioritize Known Phases:** Shift strategy from novelty to recall; explicitly query known stable stoichiometries from literature to recover the 0.000 recall score.",,
Au-K-Tb,2,44,Au-Tb,Au2 Tb3,binary,unstable (new!) | 0.129 eV/atom,,,,"Tb3Au2, TbAu2",list_compositions→score_buffer→query_structures→query_structures→select_for_evaluation→generate_structures→query_structures→score_buffer→query_structures→select_for_evaluation,"Tb3Au2 has proven stable discovery (0.0679 eV), best oracle score (-0.0348) among 5 structures, previously underexplored composition now adequately sa…",**Actions Taken:** 1. Listed compositions: Identified 7 compositions with 173 total structures 2. Scored buffer with oracle: Revealed Tb3Au2 underexpl…,"*   **Eliminate Potassium:** Completely exclude K-containing compositions from the search space; all K-ternaries evaluated were highly unstable (>0.15 eV/atom).
*   **Enforce Stoichiometry Deduplication:** Implement a strict check to prevent re-querying identical stoichiometries (e.g., Au3Tb2 was queried twice with no improvement).
*   **Target Specific Ratios:** Narrow the focus to Au-Tb stoichiometries near 3:2 and 3:1 where the lowest energies (0.029-0.041 eV/atom) were observed, rather than broad exploration.
*   **Bias Towards Small Cells:** Prioritize structure generation for unit cells with 4-6 sites, as these correlated with the most stable candidates found.
*   **Prioritize Known Phases:** Shift strategy from novelty to recall; explicitly query known stable stoichiometries from literature to recover the 0.000 recall score.",,
Au-K-Tb,2,45,Au-Tb,Au3 Tb1,binary,★ stable (new!) | 0.049 eV/atom,,,,"TbAu, TbAu2, TbAu3",query_structures→select_for_evaluation→query_structures→query_structures→select_for_evaluation→query_structures→select_for_evaluation→query_structures→score_buffer→select_for_evaluation,TbAu3 is a known stable material with 63 unexplored structures; systematic evaluation needed since ML oracle couldn't score these candidates; highest …,**Actions Taken:** 1. Queried TbAu2 composition - selected structure 9 (best oracle score -0.5234) 2. Queried TbAu3 composition - selected structure 0…,"*   **Eliminate Potassium:** Completely exclude K-containing compositions from the search space; all K-ternaries evaluated were highly unstable (>0.15 eV/atom).
*   **Enforce Stoichiometry Deduplication:** Implement a strict check to prevent re-querying identical stoichiometries (e.g., Au3Tb2 was queried twice with no improvement).
*   **Target Specific Ratios:** Narrow the focus to Au-Tb stoichiometries near 3:2 and 3:1 where the lowest energies (0.029-0.041 eV/atom) were observed, rather than broad exploration.
*   **Bias Towards Small Cells:** Prioritize structure generation for unit cells with 4-6 sites, as these correlated with the most stable candidates found.
*   **Prioritize Known Phases:** Shift strategy from novelty to recall; explicitly query known stable stoichiometries from literature to recover the 0.000 recall score.",,
Au-K-Tb,2,46,Au-Tb,Au1 Tb1,binary,unstable (new!) | 3.543 eV/atom,,,,"Tb2Au, Tb2Au3, Tb3Au2, TbAu",list_compositions→query_structures→select_for_evaluation→query_structures→select_for_evaluation→query_structures→select_for_evaluation→query_structures→select_for_evaluation→query_structures,TbAu is a known stable material from literature but we've only evaluated 2 unstable variants (e_above_hull > 1.8 eV/atom); structure index 9 has the b…,"I've selected 4 high-priority candidates for oracle evaluation: (1) Tb2Au structure index 9 (known stable material, proxy score -1.3939), (2) Tb3Au2 s…","*   **Eliminate Potassium:** Completely exclude K-containing compositions from the search space; all K-ternaries evaluated were highly unstable (>0.15 eV/atom).
*   **Enforce Stoichiometry Deduplication:** Implement a strict check to prevent re-querying identical stoichiometries (e.g., Au3Tb2 was queried twice with no improvement).
*   **Target Specific Ratios:** Narrow the focus to Au-Tb stoichiometries near 3:2 and 3:1 where the lowest energies (0.029-0.041 eV/atom) were observed, rather than broad exploration.
*   **Bias Towards Small Cells:** Prioritize structure generation for unit cells with 4-6 sites, as these correlated with the most stable candidates found.
*   **Prioritize Known Phases:** Shift strategy from novelty to recall; explicitly query known stable stoichiometries from literature to recover the 0.000 recall score.",,
Au-K-Tb,2,47,Au-Tb,Au1 Tb3,binary,★ stable | 0.079 eV/atom,,,,"Tb2Au3, Tb3Au, Tb3Au2",list_compositions→score_buffer→query_structures→select_for_evaluation→query_structures→query_structures→select_for_evaluation→query_structures→select_for_evaluation→query_structures,"Good oracle score (-0.0205) for Tb3Au, composition not yet evaluated, 4-site chemeleon structure","SELECTED: Tb2Au1 (reduced: Tb2Au, 3 sites, random): oracle=-0.3999. Best oracle score in buffer, composition previously showed near-stable results (0.…","*   **Eliminate Potassium:** Completely exclude K-containing compositions from the search space; all K-ternaries evaluated were highly unstable (>0.15 eV/atom).
*   **Enforce Stoichiometry Deduplication:** Implement a strict check to prevent re-querying identical stoichiometries (e.g., Au3Tb2 was queried twice with no improvement).
*   **Target Specific Ratios:** Narrow the focus to Au-Tb stoichiometries near 3:2 and 3:1 where the lowest energies (0.029-0.041 eV/atom) were observed, rather than broad exploration.
*   **Bias Towards Small Cells:** Prioritize structure generation for unit cells with 4-6 sites, as these correlated with the most stable candidates found.
*   **Prioritize Known Phases:** Shift strategy from novelty to recall; explicitly query known stable stoichiometries from literature to recover the 0.000 recall score.",,
Au-K-Tb,2,48,Au-Tb,Au2 Tb1,binary,★ stable (new!) | 0.000 eV/atom,,,,"Tb2Au, Tb2Au3, TbAu, TbAu2",list_compositions→query_structures→select_for_evaluation→query_structures→query_structures→select_for_evaluation→query_structures→select_for_evaluation→query_structures→select_for_evaluation,Best oracle score (-0.2835) among 44 TbAu2 structures; TbAu2 is in known_stable_materials list; 6-site structure different from previously evaluated 3…,"Selected 5 structures for oracle evaluation in this episode: 1. **Tb2Au3 (index 0, 5 sites)**: Novel composition not in evaluation history with oracle…","*   **Eliminate Potassium:** Completely exclude K-containing compositions from the search space; all K-ternaries evaluated were highly unstable (>0.15 eV/atom).
*   **Enforce Stoichiometry Deduplication:** Implement a strict check to prevent re-querying identical stoichiometries (e.g., Au3Tb2 was queried twice with no improvement).
*   **Target Specific Ratios:** Narrow the focus to Au-Tb stoichiometries near 3:2 and 3:1 where the lowest energies (0.029-0.041 eV/atom) were observed, rather than broad exploration.
*   **Bias Towards Small Cells:** Prioritize structure generation for unit cells with 4-6 sites, as these correlated with the most stable candidates found.
*   **Prioritize Known Phases:** Shift strategy from novelty to recall; explicitly query known stable stoichiometries from literature to recover the 0.000 recall score.",,
Au-K-Tb,2,49,Au-Tb,Au1 Tb3,binary,★ stable | 0.079 eV/atom,,,,"Tb2Au3, Tb3Au, Tb3Au2, TbAu",list_compositions→score_buffer→query_structures→select_for_evaluation→query_structures→select_for_evaluation→query_structures→select_for_evaluation→query_structures→select_for_evaluation,Tb3Au has 2 stable discoveries already (e_above_hull ~0.079); structure index 0 has best oracle score (-0.0205) among 4 total structures; proven stabl…,"**Actions Taken:** 1. Listed buffer compositions (7 compositions, 160 structures total) 2. Scored all 160 structures with oracle scorer 3. Selected 4 …","*   **Eliminate Potassium:** Completely exclude K-containing compositions from the search space; all K-ternaries evaluated were highly unstable (>0.15 eV/atom).
*   **Enforce Stoichiometry Deduplication:** Implement a strict check to prevent re-querying identical stoichiometries (e.g., Au3Tb2 was queried twice with no improvement).
*   **Target Specific Ratios:** Narrow the focus to Au-Tb stoichiometries near 3:2 and 3:1 where the lowest energies (0.029-0.041 eV/atom) were observed, rather than broad exploration.
*   **Bias Towards Small Cells:** Prioritize structure generation for unit cells with 4-6 sites, as these correlated with the most stable candidates found.
*   **Prioritize Known Phases:** Shift strategy from novelty to recall; explicitly query known stable stoichiometries from literature to recover the 0.000 recall score.",,"on ## ]]
        {reflection}"
Au-K-Tb,3,0,Au-Tb,Au1 Tb2,binary,unstable (new!) | 0.106 eV/atom,✓,Au1 Tb2,"TbAu3, Tb2Au","Au2Tb, Au3Tb, AuTb, AuTb2, Tb2Au, TbAu, TbAu2, TbAu3",generate_structures→get_buffer_stats→score_buffer→query_structures→select_for_evaluation→generate_structures→score_buffer→query_structures→select_for_evaluation→generate_structures,Best remaining oracle score (-0.0111) below 0.1 stability threshold. Prioritizing known stable Au-Tb binary phase per prior reflections. Second evalua…,"Action Plan: Score the 10 structures in buffer using oracle scorer, then query top compositions to identify the best candidate for evaluation. Priorit…","on ## ]]
        {reflection}","The buffer is empty with no candidates yet. Based on prior reflections from Episodes 1 and 2, I should:
1. Focus on Au-Tb binary compositions (K-containing compositions showed high instability)
2. Target specific stoichiometries near 3:2 and 3:1 ratios where lowest energies were observed
3. Generate structures with smaller unit cells (4-6 sites preferred)
4. Include known stable phases from literature (Tb2Au, TbAu, TbAu2, TbAu3)

I'll start by generating structures for promising Au-Tb compositions using the random generator to get diverse candidates. This will populate the buffer so I can then score and select for evaluation.",
Au-K-Tb,3,1,Au-Tb,Au1 Tb2,binary,★ stable (new!) | 0.090 eV/atom,,,,"Tb2Au, Tb2Au2, Tb4Au2, Tb6Au3, TbAu, TbAu2, TbAu3",generate_structures→get_buffer_stats→score_buffer→query_structures→select_for_evaluation→generate_structures→get_buffer_stats→score_buffer→query_structures→select_for_evaluation,"Selecting Tb4Au2 (6 sites) for oracle evaluation; Tb2Au is a known stable material from phase diagram, smaller unit cell (6 sites) aligns with prior r…",Actions taken: 1. Eliminated K-containing compositions from search space based on prior instability data 2. Generated 13 structures across 2 Au-Tb bin…,"on ## ]]
        {reflection}",,
Au-K-Tb,3,2,Au-Tb,Au3 Tb1,binary,★ stable (new!) | 0.041 eV/atom,✓,Au3 Tb1,"TbAu, TbAu2","Tb2Au2, Tb2Au4, Tb3Au3, Tb3Au6, TbAu, TbAu2, TbAu3",query_structures→score_buffer→select_for_evaluation→generate_structures→generate_structures→select_for_evaluation→list_compositions→select_for_evaluation→select_for_evaluation→select_for_evaluation,"Third TbAu3 structure for evaluation - known stable composition with 10 candidates, building oracle data to assess stability patterns across different…",Selected TbAu3 structure (index 0) for oracle evaluation - continuing systematic evaluation of known stable Au-Tb composition with 7 remaining candida…,"on ## ]]
        {reflection}",,
Au-K-Tb,3,3,Au-Tb,Au3 Tb1,binary,★ stable | 0.041 eV/atom,,,,TbAu3,query_structures→select_for_evaluation→select_for_evaluation→select_for_evaluation→select_for_evaluation→select_for_evaluation→get_buffer_stats→select_for_evaluation→query_structures→query_structures,Completing TbAu3 composition evaluation; this is the last unevaluated structure (index 0) at this promising composition which already showed stable re…,"Selected Tb2Au (reduced formula: Tb2Au, 9 sites) for oracle evaluation. Rationale: Tb2Au composition already demonstrated stable/novel discovery at 0.…","on ## ]]
        {reflection}",,
Au-K-Tb,3,4,Au-Tb,Au3 Tb1,binary,★ stable | 0.049 eV/atom,,,,TbAu3,get_buffer_stats→query_structures→query_structures→query_structures→select_for_evaluation→select_for_evaluation→select_for_evaluation→get_buffer_stats→select_for_evaluation→select_for_evaluation,"Continue exploiting TbAu3 composition which has proven stable (0.0414, 0.0412 eV/atom in evaluation history). Buffer has 3 structures remaining, likel…","Successfully selected 4 TbAu3 structures for oracle evaluation based on proven stability track record (0.0414, 0.0412 eV/atom from prior evaluations).…","on ## ]]
        {reflection}",,
Au-K-Tb,3,5,Au-Tb,Au3 Tb1,binary,★ stable (new!) | 0.043 eV/atom,,,,"Tb2Au, Tb2Au2, Tb2Au6, Tb3Au9, Tb4Au2, TbAu, TbAu2, TbAu3",list_compositions→generate_structures→list_compositions→score_buffer→select_for_evaluation→list_compositions→generate_structures→list_compositions→score_buffer→select_for_evaluation,TbAu3 has been most successful in evaluation history with 3 stable structures found; selecting best-ranked structure from 2 available candidates to co…,"Actions taken: Generated 6 structures using chemeleon for Au-Tb compositions (TbAu3, Tb2Au6, Tb3Au9, Tb2Au, Tb4Au2, TbAu), added 1 new structure to bu…","on ## ]]
        {reflection}",,
Au-K-Tb,3,6,Au-Tb,Au2 Tb3,binary,unstable (new!) | 0.121 eV/atom,✓,Au2 Tb3,"Tb2Au3, TbAu4, Tb3Au, Tb3Au2","Tb2Au, Tb2Au3, Tb2Au6, Tb3Au, Tb3Au2, TbAu, TbAu2, TbAu3, TbAu4",generate_structures→list_compositions→score_buffer→query_structures→select_for_evaluation→list_compositions→generate_structures→score_buffer→query_structures→select_for_evaluation,Best oracle score (-0.0371) for new composition Tb3Au2 that hasn't been evaluated yet; highest chance of novel stable discovery,"Actions taken: (1) Generated 18 structures for 6 Au-Tb compositions (TbAu, TbAu2, Tb3Au2, TbAu4, Tb3Au, Tb2Au3) using chemeleon, adding 12 to buffer (…","on ## ]]
        {reflection}",,
Au-K-Tb,3,7,Au-Tb,Au1 Tb3,binary,★ stable (new!) | 0.079 eV/atom,✓,Au1 Tb3,,Tb3Au,list_compositions→score_buffer→query_structures→select_for_evaluation→finish,"Best oracle score in buffer (-0.0204), Au-Tb binary composition (K-free strategy), 4-site unit cell correlates with stability, not yet evaluated in hi…","Selected Tb3Au1 (4-site chemeleon structure, index 0) for oracle evaluation. This composition had the best oracle score in the buffer (-0.0204), repre…","on ## ]]
        {reflection}",,
Au-K-Tb,3,8,Au-Tb,Au1 Tb1,binary,unstable (new!) | 0.147 eV/atom,✓,Au1 Tb1,,"Tb2Au, Tb2Au2, Tb2Au4, Tb3Au, TbAu, TbAu2, TbAu3",list_compositions→generate_structures→get_buffer_stats→score_buffer→query_structures→select_for_evaluation→generate_structures→score_buffer→query_structures→select_for_evaluation,"Best oracle score (-0.1000) in buffer, TbAu is known stable material, 4-site structure matches preferred unit cell size","Actions taken: (1) Queried buffer compositions to identify missing known stable phases, (2) Generated 12 new structures for TbAu and TbAu2 composition…","on ## ]]
        {reflection}",,
Au-K-Tb,3,9,Au-Tb,Au3 Tb2,binary,unstable (new!) | 0.143 eV/atom,✓,Au3 Tb2,,Tb2Au3,list_compositions→query_structures→select_for_evaluation→finish,Best oracle score (-0.0417) among Tb2Au3 structures; 3:2 ratio aligns with prior reflection targeting low-energy stoichiometries; not yet evaluated in…,"Selected Tb2Au3 (structure index 2, 5 sites, chemeleon) for oracle evaluation. Rationale: (1) Best oracle score (-0.0417) among 4 available Tb2Au3 str…","on ## ]]
        {reflection}",,
Au-K-Tb,3,10,Au-Tb,Au3 Tb2,binary,unstable (new!) | 0.123 eV/atom,,,,"Tb2Au3, TbAu3",list_compositions→score_buffer→query_structures→generate_structures→query_structures→select_for_evaluation→generate_structures→score_buffer→query_structures→select_for_evaluation,Best oracle score (-0.0131) among 11 Tb2Au3 structures; maintains evaluation pipeline while Tb1Au3 pending; composition shows promise with multiple we…,"**Actions Taken:** 1. Listed buffer compositions (7 total, 14 structures initially) 2. Scored buffer with oracle scorer to prioritize candidates 3. Ge…","on ## ]]
        {reflection}",,
Au-K-Tb,3,11,Au-Tb,Au1 Tb2,binary,★ stable (new!) | 0.061 eV/atom,,,,"Tb2Au, Tb2Au2, Tb3Au, Tb3Au3, TbAu, TbAu2, TbAu3, TbAu4",query_structures→select_for_evaluation→list_compositions→query_structures→select_for_evaluation→query_structures→query_structures→select_for_evaluation→generate_structures→list_compositions,Tb2Au is a known stable material (entry 2 showed 0.0895 eV/atom stable). This is the last untested structure for this composition. High probability of…,Selecting structure index 0 from Tb2Au3 composition for oracle evaluation. This composition has 10 structures in buffer with only 2 evaluated (both un…,"on ## ]]
        {reflection}",,
Au-K-Tb,3,12,Au-Tb,Au2 Tb1,binary,★ stable (new!) | 0.080 eV/atom,✓,Au2 Tb1,,"Tb1Au4, Tb2Au4, Tb4Au8, TbAu2",list_compositions→query_structures→select_for_evaluation→query_structures→query_structures→generate_structures→query_structures→select_for_evaluation→query_structures→score_buffer,Testing different unit cell size (12-site Tb4Au8 vs 6-site Tb2Au4) for known stable TbAu2 composition to maximize recall of stable variants,Selected TbAu3 composition for oracle evaluation as it's a KNOWN STABLE material (per known_stable_materials list) that is under-explored (only 1 stru…,"on ## ]]
        {reflection}",,
Au-K-Tb,3,13,Au-Tb,Au3 Tb2,binary,★ stable (new!) | 0.029 eV/atom,,,,"Tb2Au3, Tb3Au2, TbAu4",list_compositions→query_structures→select_for_evaluation→query_structures→select_for_evaluation→get_buffer_stats→query_structures→select_for_evaluation→select_for_evaluation→select_for_evaluation,Tb2Au3 has 7 remaining unevaluated structures after selecting indices 1 and 2; this composition already showed a stable structure (0.0416 eV/atom) so …,"Selected Tb2Au3 structure index 4 for oracle evaluation. Rationale: Tb2Au3 has already demonstrated stability (structure 0 at 0.0416 eV/atom), making …","on ## ]]
        {reflection}",,
Au-K-Tb,3,14,Au-Tb,Au4 Tb1,binary,★ stable (new!) | 0.000 eV/atom,✓,Au4 Tb1,,"Tb2Au3, TbAu4",list_compositions→score_buffer→query_structures→select_for_evaluation→list_compositions→score_buffer→select_for_evaluation→list_compositions→score_buffer→query_structures,First evaluation of TbAu4 composition - completely unexplored with 2 structures in buffer. Could reveal new stable phase not in known stable materials…,"Selected Tb2Au3 (reduced: Tb2Au3, 5 sites, chemeleon): oracle=-inf for oracle evaluation. Rationale: Tb2Au3 is our most successful composition with 1 …","on ## ]]
        {reflection}",,
Au-K-Tb,3,15,Au-Tb,Au1 Tb3,binary,★ stable | 0.079 eV/atom,,,,"Tb2Au3, Tb3Au, TbAu3, TbAu4",list_compositions→query_structures→select_for_evaluation→query_structures→select_for_evaluation→query_structures→select_for_evaluation→query_structures→query_structures→select_for_evaluation,Tb3Au is a known stable stoichiometry from literature; entry 8 showed stable at 0.0792 eV/atom; this structure is pre-scored at -0.0205 by oracle scor…,"Query TbAu2 structures to prepare next selection. This composition is a known stable stoichiometry from literature (TbAu2 in known_stable_materials), …","on ## ]]
        {reflection}",,
Au-K-Tb,3,16,Au-Tb,Au3 Tb2,binary,★ stable | 0.029 eV/atom,,,,Tb2Au3,list_compositions→query_structures→select_for_evaluation→list_compositions→query_structures→select_for_evaluation→select_for_evaluation→query_structures→select_for_evaluation→query_structures,Continuing systematic evaluation of Tb2Au3 composition which previously showed stable energy (0.0289 eV/atom); 2 structures remaining in buffer,"Selecting the final Tb2Au3 structure (index 0, 5 sites) from the buffer for oracle evaluation. This composition previously achieved stable energy (0.0…","on ## ]]
        {reflection}",,
Au-K-Tb,3,17,Au-Tb,Au5 Tb3,binary,unstable (new!) | 0.116 eV/atom,✓,Au5 Tb3,"TbAu5, Tb5Au3, Tb3Au5","Tb2Au, Tb2Au3, Tb3Au, Tb3Au2, Tb3Au5, Tb4Au6, Tb5Au3, Tb6Au9, TbAu, TbAu3, TbAu4, TbAu5",generate_structures→generate_structures→get_buffer_stats→score_buffer→query_structures→select_for_evaluation→generate_structures→score_buffer→query_structures→select_for_evaluation,"Novel composition with best oracle score (-0.0376) in buffer, not yet evaluated. Au-Tb binaries have high success rate (8 stable structures found).","Actions taken: Generated 20+ structures across Au-Tb compositions using chemeleon, scored buffer with oracle scorer, and selected 2 novel compositions…","on ## ]]
        {reflection}",,
Au-K-Tb,3,18,Au-Tb,Au5 Tb3,binary,★ stable (new!) | 0.020 eV/atom,,,,"Tb3Au2, Tb3Au5, Tb5Au3, TbAu5",list_compositions→score_buffer→query_structures→select_for_evaluation→query_structures→select_for_evaluation→query_structures→select_for_evaluation→query_structures→select_for_evaluation,"Tb3Au5 has 1 unevaluated structure (-inf oracle score). One was previously evaluated at 0.1158 eV/atom (unstable), but different structures for same c…","Selected Tb3Au5 (reduced: Tb3Au5, 8 sites, chemeleon) for oracle evaluation. This composition had one previously evaluated structure at 0.1158 eV/atom…","on ## ]]
        {reflection}",,
Au-K-Tb,3,19,Au-Tb,Au3 Tb2,binary,★ stable (new!) | 0.079 eV/atom,,,"TbAu6, Tb5Au12, Tb7Au10, Tb2Au5","Tb2Au3, Tb2Au4, Tb2Au5, Tb3Au3, Tb3Au6, Tb4Au6, Tb4Au8, Tb5Au12, Tb6Au9, Tb7Au10, TbAu, TbAu3, TbAu4, TbAu5, TbAu6",generate_structures→list_compositions→query_structures→select_for_evaluation→generate_structures→list_compositions→query_structures→select_for_evaluation→generate_structures→query_structures,"Best oracle score (-0.0201) for Tb2Au3 composition; different unit cell size (Tb4Au6, 10 sites) from pending evaluation (Tb6Au9, 15 sites); compositio…",Querying TbAu2 composition structures to identify the best candidate for oracle evaluation. This composition has 3 structures in the buffer and has sh…,"on ## ]]
        {reflection}",,
Au-K-Tb,3,20,Au-Tb,Au3 Tb2,binary,★ stable (new!) | 0.097 eV/atom,,,,"Tb2Au3, Tb5Au12, Tb7Au10, TbAu6",get_buffer_stats→score_buffer→query_structures→select_for_evaluation→query_structures→select_for_evaluation→query_structures→select_for_evaluation→query_structures→select_for_evaluation,"Best oracle score (-0.0427) among Tb2Au3 structures, different unit cell size than previously evaluated, negative score indicates high stability poten…","Selected 4 novel structures for oracle evaluation from buffer: (1) Tb5Au12 [17 sites, oracle=-0.0633], (2) TbAu6 [7 sites, oracle=-0.0220], (3) Tb7Au1…","on ## ]]
        {reflection}",,
Au-K-Tb,3,21,Au-Tb,Au6 Tb1,binary,unstable (new!) | 0.116 eV/atom,✓,Au6 Tb1,,"Tb2Au5, TbAu5, TbAu6",get_buffer_stats→list_compositions→query_structures→select_for_evaluation→select_for_evaluation→select_for_evaluation→query_structures→select_for_evaluation→select_for_evaluation→select_for_evaluation,"TbAu6 has 1 unexplored structure in buffer with no oracle evaluations yet. This is a new Au-rich composition ratio we haven't tested, and could yield …","TbAu6 was just evaluated and discovered as STABLE (e_above_hull=-0.0218 eV/atom), adding to our growing collection of stable Au-Tb binary compounds. W…","on ## ]]
        {reflection}",,
Au-K-Tb,3,22,Au-Tb,Au10 Tb7,binary,★ stable (new!) | 0.082 eV/atom,✓,Au10 Tb7,,"Tb2Au, Tb2Au5, Tb3Au2, Tb5Au12, Tb7Au10, TbAu3, TbAu5",list_compositions→score_buffer→query_structures→select_for_evaluation→generate_structures→score_buffer→query_structures→select_for_evaluation→generate_structures→score_buffer,"Best oracle score (-0.0028) among less-explored compositions, potential stable candidate",Querying Tb2Au5 composition to examine structure details before selection. The best oracle score (-0.1248) indicates high potential for stability disc…,"on ## ]]
        {reflection}",,
Au-K-Tb,3,23,Au-Tb,Au1 Tb1,binary,★ stable (new!) | 0.037 eV/atom,,,,"Tb2Au3, Tb2Au5, Tb3Au2, TbAu, TbAu5",get_buffer_stats→list_compositions→query_structures→select_for_evaluation→generate_structures→list_compositions→query_structures→select_for_evaluation→generate_structures→query_structures,"TbAu is a known stable material from literature; first TbAu evaluation was unstable (0.1472 eV/atom), so this is a different structure that could be t…",Selected TbAu5 (index 0) for oracle evaluation. This is a completely unevaluated composition with 4 structures in the buffer. TbAu5 represents a novel…,"on ## ]]
        {reflection}",,
Au-K-Tb,3,24,Au-Tb,Au1 Tb1,binary,★ stable | 0.036 eV/atom,,,,"Tb2Au3, Tb2Au5, TbAu, TbAu2",list_compositions→query_structures→select_for_evaluation→query_structures→select_for_evaluation→query_structures→select_for_evaluation→query_structures→select_for_evaluation→query_structures,"Best oracle score (-0.0027) in buffer, 6-site cell aligns with prior preference, proven stable stoichiometry from history (entry 20: e_above_hull=0.03…","SELECTED: Tb1Au5 (reduced: TbAu5, 6 sites, chemeleon): oracle=-inf. New composition not yet evaluated in history, 6-site cell aligns with prior prefer…","on ## ]]
        {reflection}",,
Au-K-Tb,3,25,Au-Tb,Au2 Tb1,binary,★ stable (new!) | 0.049 eV/atom,,,,TbAu2,list_compositions→score_buffer→query_structures→select_for_evaluation→finish,"Selecting Tb3Au6 (9 sites) structure from TbAu2 composition - Tb4Au8 already evaluated as stable (0.0801 eV/atom), exploring different unit cell size …","Selected Tb3Au6 (reduced formula: TbAu2, 9 sites) from the TbAu2 composition for oracle evaluation. Rationale: This composition has proven stability i…","on ## ]]
        {reflection}",,
Au-K-Tb,3,26,Au-Tb,Au3 Tb2,binary,★ stable | 0.029 eV/atom,,,,"Tb2Au3, Tb2Au5, Tb3Au2, TbAu5",list_compositions→score_buffer→query_structures→select_for_evaluation→query_structures→select_for_evaluation→query_structures→select_for_evaluation→query_structures→select_for_evaluation,Tb2Au3 has 1 structure in buffer not yet evaluated; previous Tb2Au3 evaluations showed stable results (0.0289-0.0971 eV/atom); high probability of nov…,Successfully selected 4 structures for oracle evaluation from the buffer: (1) TbAu5 index 0 - unexplored composition with multiple candidates; (2) Tb2…,"on ## ]]
        {reflection}",,
Au-K-Tb,3,27,Au-Tb,Au1 Tb1,binary,unstable (new!) | 3.543 eV/atom,,,,"Tb2Au3, Tb3Au, Tb3Au5, TbAu, TbAu2, TbAu3, TbAu4",generate_structures→generate_structures→score_buffer→query_structures→select_for_evaluation→finish,Best oracle score (-1.7643) among all buffer structures; TbAu compositions historically showed stability in evaluation history (0.0365-0.0366 eV/atom),"Actions taken: (1) Generated 99 new structures using random generator for Au-Tb compositions (TbAu3, Tb3Au5, TbAu, TbAu4, Tb3Au), (2) Scored 109 buffe…","on ## ]]
        {reflection}",,
Au-K-Tb,3,28,Au-Tb,Au3 Tb1,binary,unstable (new!) | 0.159 eV/atom,,,,TbAu3,score_buffer→query_structures→select_for_evaluation→finish,Best oracle score (-0.5482) among unevaluated TbAu3 composition; distinct from previously evaluated Tb2Au3; promising for novel stable discovery,"Selected TbAu3 (structure index 4, 4 sites, random structure) for oracle evaluation with predicted oracle score of -0.5482. This composition represent…","on ## ]]
        {reflection}",,
Au-K-Tb,3,29,Au-Tb,Au1 Tb3,binary,★ stable (new!) | 0.079 eV/atom,,,,"Tb3Au, TbAu, TbAu3, TbAu4",score_buffer→query_structures→select_for_evaluation→query_structures→select_for_evaluation→query_structures→select_for_evaluation→query_structures→select_for_evaluation→query_structures,"Top oracle-scored Tb3Au structure (-0.0207); Tb3Au is fourth-best scoring composition in buffer, continuing systematic exploration of productive Au-Tb…","SELECTED: Tb4Au8 (reduced: TbAu2, 12 sites, chemeleon): oracle=-0.0003. Only available structure for TbAu2 composition, which is listed in known_stabl…","on ## ]]
        {reflection}",,
Au-K-Tb,3,30,Au-Tb,Au2 Tb1,binary,★ stable (new!) | 0.071 eV/atom,,,,TbAu2,list_compositions→generate_structures→query_structures→select_for_evaluation→finish,"Tb4Au8 structure has oracle score -0.0003 (near 0 eV/atom), potentially more stable than previous TbAu2 discoveries (0.0495-0.0801). Different unit ce…","Actions taken: (1) Analyzed evaluation history to identify Au-Tb binary edge as most promising search space, eliminating K-containing compositions per…","on ## ]]
        {reflection}",,
Au-K-Tb,3,31,Au-Tb,Au1 Tb1,binary,unstable (new!) | 1.873 eV/atom,,,,"Tb3Au, Tb3Au5, TbAu, TbAu2, TbAu4",query_structures→select_for_evaluation→query_structures→select_for_evaluation→query_structures→select_for_evaluation→query_structures→select_for_evaluation→query_structures→select_for_evaluation,Best oracle score (-1.7645) among 18 TbAu structures; only 2 of 18 evaluated so far; known stable stoichiometry from literature; 2-site structure is s…,"Selected 5 candidates from known stable stoichiometries with excellent oracle scores: Tb3Au5 (idx 4, -0.0251), TbAu4 (idx 4, -0.3574), Tb3Au (idx 4, -…","on ## ]]
        {reflection}",,
Au-K-Tb,3,32,Au-Tb,Au5 Tb1,binary,★ stable (new!) | 0.028 eV/atom,✓,Au5 Tb1,,"Tb2Au5, Tb3Au2, Tb7Au10, TbAu5",list_compositions→query_structures→select_for_evaluation→select_for_evaluation→select_for_evaluation→select_for_evaluation→get_buffer_stats→select_for_evaluation→select_for_evaluation→select_for_evaluation,Second unevaluated structure from TbAu5 composition; Au-rich compositions like TbAu4 showed excellent stability (0.0000 eV/atom),"Selected TbAu5 (reduced: TbAu5, 6 sites, chemeleon, index 2) for oracle evaluation. This is the third and final unevaluated structure from the TbAu5 c…","on ## ]]
        {reflection}",,
Au-K-Tb,3,33,Au-Tb,Au5 Tb2,binary,★ stable (new!) | 0.051 eV/atom,✓,Au5 Tb2,,"Tb2Au3, Tb2Au5, Tb3Au2, Tb3Au5, TbAu4, TbAu5",list_compositions→query_structures→select_for_evaluation→query_structures→query_structures→select_for_evaluation→query_structures→select_for_evaluation→generate_structures→list_compositions,"Unevaluated chemeleon structure at Tb2Au5 composition - Au-Tb binary aligns with prior reflections, chemeleon trained on stable structures, last uneva…",Querying TbAu4 composition to identify unevaluated chemeleon structures for oracle evaluation. This composition had the best previous result (0.0000 e…,"on ## ]]
        {reflection}",,
Au-K-Tb,3,34,Au-Tb,Au1 Tb1,binary,unstable (new!) | 3.543 eV/atom,,,,TbAu,list_compositions→query_structures→select_for_evaluation→finish,Selecting top oracle-scoring TbAu structure (-1.7645 eV/atom) which is predicted to be highly stable and well below the 0.1 eV/atom tolerance threshol…,"Actions taken: (1) Used list_compositions to identify top 10 compositions by oracle score, revealing TbAu as best candidate (-0.7883 eV/atom); (2) Que…","on ## ]]
        {reflection}",,
Au-K-Tb,3,35,Au-Tb,Au4 Tb1,binary,unstable (new!) | 0.279 eV/atom,,,,"Tb2Au, Tb2Au3, Tb2Au4, Tb4Au2, TbAu2, TbAu3, TbAu4, TbAu5",list_compositions→generate_structures→score_buffer→query_structures→select_for_evaluation→query_structures→select_for_evaluation→get_buffer_stats→generate_structures→generate_structures,Top oracle score (-0.4145) among 18 TbAu4 structures; ZERO of 18 structures evaluated so far; TbAu4 is in known_stable_materials list; different struc…,**Actions Taken:** 1. Generated 40 new structures for Tb2Au and TbAu2 using random generator (known stable materials previously missing from buffer) 2…,"on ## ]]
        {reflection}",,
Au-K-Tb,3,36,Au-Tb,Au5 Tb1,binary,★ stable (new!) | 0.046 eV/atom,,,,"Tb2Au3, TbAu3, TbAu4, TbAu5",list_compositions→query_structures→generate_structures→query_structures→select_for_evaluation→query_structures→select_for_evaluation→query_structures→score_buffer→select_for_evaluation,TbAu5 is a KNOWN stable material with 1 existing stable evaluation. Has 7 unexplored structures with no oracle scores. Evaluating to find additional s…,"**Actions Taken**: 1. Queried buffer composition distribution - identified Tb2Au3 (only 2 structures, already stable), TbAu3 (16 structures, 1 unstabl…","on ## ]]
        {reflection}",,
Au-K-Tb,3,37,Au-Tb,Au1 Tb3,binary,unstable (new!) | 0.159 eV/atom,,,,"Tb3Au, TbAu, TbAu3, TbAu4",score_buffer→query_structures→select_for_evaluation→query_structures→select_for_evaluation→query_structures→select_for_evaluation→query_structures→select_for_evaluation→query_structures,"Fourth-best predicted stability after TbAu, TbAu3, and TbAu4. Oracle score -0.0294 is best for Tb3Au. Previous Tb3Au evaluation was 0.0794 eV/atom but…","SELECTED: Tb4Au2 (reduced: Tb2Au, 6 sites, random): oracle=-0.0980. Best predicted stability for Tb2Au composition. Tb2Au is a known stable material f…","on ## ]]
        {reflection}",,
Au-K-Tb,3,38,Au-Tb,Au2 Tb1,binary,unstable (new!) | 0.578 eV/atom,,,,"TbAu, TbAu2, TbAu3, TbAu4",score_buffer→query_structures→select_for_evaluation→query_structures→select_for_evaluation→query_structures→select_for_evaluation→query_structures→select_for_evaluation→query_structures,Best oracle score (-0.6983) among TbAu2 structures; significantly better than previously evaluated TbAu2 structures (entries 8 and 13 had e_above_hull…,"SELECTED: Tb3Au1 (reduced: Tb3Au, 4 sites, random): oracle=-0.5480. Best oracle score among Tb3Au structures; significantly better than previously eva…","on ## ]]
        {reflection}",,
Au-K-Tb,3,39,Au-Tb,Au3 Tb2,binary,unstable (new!) | 0.151 eV/atom,,,,"Tb2Au, Tb2Au3, Tb7Au10, TbAu3, TbAu4, TbAu5",list_compositions→query_structures→select_for_evaluation→query_structures→select_for_evaluation→query_structures→select_for_evaluation→generate_structures→query_structures→select_for_evaluation,Tb2Au3 previously showed stable results (0.029-0.097 eV/atom). Structure 1 has best oracle score (-0.0824) among 2 candidates. 5-site unit cell from c…,"Actions taken: (1) Queued 3 known stable compositions (Tb2Au, TbAu3, TbAu4) for evaluation to improve recall; (2) Generated 4 new structures for previ…","on ## ]]
        {reflection}",,
Au-K-Tb,3,40,Au-Tb,Au1 Tb2,binary,unstable (new!) | 0.419 eV/atom,,,,Tb2Au,get_buffer_stats→list_compositions→score_buffer→query_structures→select_for_evaluation→finish,Tb2Au is a known stable material from literature (in known_stable_materials list) that hasn't been evaluated yet. Structure index 4 has the best oracl…,Actions taken: (1) Retrieved buffer statistics confirming 127 structures across 10 compositions; (2) Listed all compositions in buffer; (3) Scored all…,"on ## ]]
        {reflection}",,
Au-K-Tb,3,41,Au-Tb,Au3 Tb1,binary,unstable (new!) | 0.170 eV/atom,,,,TbAu3,list_compositions→score_buffer→query_structures→select_for_evaluation→finish,TbAu3 has best oracle scores (-0.1185 to -1.0180) among unevaluated compositions; only 1 of 13 structures evaluated so far (was unstable at 0.1587 eV/…,"Actions taken: (1) listed buffer compositions to assess distribution (10 compositions, 126 structures); (2) scored all structures with oracle scorer; …","on ## ]]
        {reflection}",,
Au-K-Tb,3,42,Au-Tb,Au5 Tb1,binary,★ stable | 0.038 eV/atom,,,,TbAu5,list_compositions→query_structures→select_for_evaluation→finish,"TbAu5 has 2 prior stable discoveries, 7 unevaluated structures available, good candidate for novel stable discovery","Selected Tb1Au5 (reduced formula: TbAu5, 6 sites, chemeleon generator, structure index 0) for oracle evaluation. Rationale: TbAu5 composition has 2 pr…","on ## ]]
        {reflection}",,
Au-K-Tb,3,43,Au-Tb,Au5 Tb3,binary,★ stable (new!) | 0.092 eV/atom,,,,Tb3Au5,list_compositions→query_structures→select_for_evaluation→finish,Best oracle-scored structure (-0.0173) from Tb3Au5 composition which hasn't been evaluated yet; high potential for novel stable discovery based on neg…,"Selected Tb3Au5 (8 sites, chemeleon-generated, structure index 4) for oracle evaluation. Rationale: This composition has the best oracle score (-0.017…","on ## ]]
        {reflection}",,
Au-K-Tb,3,44,Au-Tb,Au10 Tb7,binary,★ stable (new!) | 0.093 eV/atom,,,,"Tb2Au, Tb7Au10, TbAu4, TbAu5",list_compositions→query_structures→select_for_evaluation→generate_structures→list_compositions→query_structures→select_for_evaluation→query_structures→select_for_evaluation→query_structures,"Best oracle score (-0.0253) for underexplored Tb7Au10 composition; only 3 structures exist, promising score suggests potential for novel stable discov…","Selected Tb1Au3 (reduced: TbAu3, 4 sites, random) with oracle=-1.0195 for oracle evaluation. This is the best-scoring structure for known stable TbAu3…","on ## ]]
        {reflection}",,
Au-K-Tb,3,45,Au-Tb,Au3 Tb1,binary,unstable (new!) | 0.502 eV/atom,,,,"Tb2Au2, TbAu, TbAu3, TbAu4",list_compositions→score_buffer→query_structures→select_for_evaluation→generate_structures→score_buffer→query_structures→select_for_evaluation→query_structures→select_for_evaluation,Top-scoring unevaluated TbAu3 structure with oracle=-0.4708; diversifying search to TbAu3 stoichiometry which shows strong oracle predictions while ma…,**Actions Taken:** 1. list_compositions - Identified 10 compositions with 123 structures in buffer 2. score_buffer - Scored all structures with oracle…,"on ## ]]
        {reflection}",,
Au-K-Tb,3,46,Au-Tb,Au3 Tb1,binary,unstable (new!) | 0.690 eV/atom,,,,"Tb2Au, TbAu, TbAu3, TbAu4",query_structures→query_structures→select_for_evaluation→query_structures→select_for_evaluation→query_structures→select_for_evaluation→get_buffer_stats→query_structures→select_for_evaluation,Known stable material from literature (TbAu3) with 26 unevaluated structures; best oracle score (-1.0195) among 26 candidates; 4-site unit cell aligns…,"**Actions Taken:** 1. Queried and selected Tb2Au structure 0 (3 sites, oracle=-0.0114) - known stable material 2. Queried and selected TbAu4 structure…","on ## ]]
        {reflection}",,
Au-K-Tb,3,47,Au-Tb,Au1 Tb1,binary,unstable (new!) | 0.938 eV/atom,,,,"Tb2Au5, Tb3Au5, TbAu, TbAu2, TbAu3, TbAu5",generate_structures→score_buffer→query_structures→select_for_evaluation→finish,"Best oracle score (-0.7883) for TbAu composition, significantly better than previous TbAu evaluations which were all unstable (>1.8 eV/atom). Differen…",Actions taken: Generated 15 chemeleon structures for 5 promising Au-Tb compositions (added 4 to buffer); scored all 179 buffer structures with oracle …,"on ## ]]
        {reflection}",,
Au-K-Tb,3,48,Au-Tb,Au4 Tb1,binary,unstable (new!) | 0.177 eV/atom,,,,"Tb2Au, TbAu, TbAu3, TbAu4",score_buffer→query_structures→select_for_evaluation→get_buffer_stats→query_structures→select_for_evaluation→query_structures→select_for_evaluation→query_structures→select_for_evaluation,"Best oracle score (-0.0737) for TbAu4 composition with 5-site unit cell; TbAu4 is a known stable material in literature, making this a high-priority t…","Selected 4 structures for oracle evaluation: (1) TbAu index 2 (2 sites, oracle=-0.7884), (2) TbAu3 index 4 (4 sites, oracle=-0.4709), (3) Tb2Au index …","on ## ]]
        {reflection}",,
Au-K-Tb,3,49,Au-Tb,Au2 Tb1,binary,unstable (new!) | 0.455 eV/atom,,,,"Tb2Au, TbAu, TbAu2, TbAu3",score_buffer→query_structures→select_for_evaluation→query_structures→select_for_evaluation→query_structures→select_for_evaluation→query_structures→select_for_evaluation→query_structures,"Top oracle-scored TbAu2 structure (-0.4274), 3-site cell. TbAu2 is a known stable stoichiometry where we already found one stable structure (entry 2).…","SELECTED: Tb1Au4 (reduced: TbAu4, 5 sites, random): oracle=-0.0778. Top oracle-scored TbAu4 structure (-0.0778), 5-site cell. TbAu4 is a known stable …","on ## ]]
        {reflection}",,"*   **Enforce Stoichiometry Uniqueness:** Implement a hard limit of one query per unique stoichiometry (e.g., Au5Tb1). If the first structure for a ratio exceeds 0.05 eV/atom, discard the ratio immediately rather than retrying with different structures.
*   **Prioritize Known Phases for Recall:** Dedicate the first 20% of the query budget to explicitly generating and evaluating known Au-Tb intermetallics from literature (e.g., AuTb, Au3Tb) to guarantee a non-zero recall score before exploring novel compositions.
*   **Restrict Unit Cell Size:** Limit structure generation to cells with ≤ 8 sites. Large cells (12-17 sites) previously consumed significant resources without yielding confirmed stable phases and contradict established stability trends.
*   **Target Stricter Energy Thresholds:** Treat structures with e_above_hull > 0.02 eV/atom as unstable for the purpose of stopping conditions. The episode produced several ""stable"" labeled structures (0.03-0.09 eV/atom) that were not counted as successful discoveries."
Au-K-Tb,4,0,Au-Tb,Au1 Tb2,binary,unstable (new!) | 0.106 eV/atom,✓,Au1 Tb2,"Tb3Au, Tb3Au2, Tb2Au","Au2Tb, Au2Tb3, AuTb, AuTb2, AuTb3, Tb2Au, Tb3Au, Tb3Au2",generate_structures→list_compositions→query_structures→select_for_evaluation→select_for_evaluation→generate_structures→list_compositions→select_for_evaluation→select_for_evaluation→select_for_evaluation,"Third structure from known stable phase Tb2Au, continuing recall baseline evaluation",I need to query the buffer compositions to see what structures remain available after the selection error. The Tb2Au composition only has 2 structures…,"*   **Enforce Stoichiometry Uniqueness:** Implement a hard limit of one query per unique stoichiometry (e.g., Au5Tb1). If the first structure for a ratio exceeds 0.05 eV/atom, discard the ratio immediately rather than retrying with different structures.
*   **Prioritize Known Phases for Recall:** Dedicate the first 20% of the query budget to explicitly generating and evaluating known Au-Tb intermetallics from literature (e.g., AuTb, Au3Tb) to guarantee a non-zero recall score before exploring novel compositions.
*   **Restrict Unit Cell Size:** Limit structure generation to cells with ≤ 8 sites. Large cells (12-17 sites) previously consumed significant resources without yielding confirmed stable phases and contradict established stability trends.
*   **Target Stricter Energy Thresholds:** Treat structures with e_above_hull > 0.02 eV/atom as unstable for the purpose of stopping conditions. The episode produced several ""stable"" labeled structures (0.03-0.09 eV/atom) that were not counted as successful discoveries.","The buffer is empty, so I need to generate initial candidate structures. Based on prior reflections, focus on Au-Tb binaries (avoiding K) with known stable stoichiometries (Au3Tb, Au2Tb, AuTb2, AuTb) and small unit cells (2-4 atoms). Using the 'chemeleon' generator trained on stable structures aligns with the strategy to prioritize recall of known phases. Generate 10 candidates per composition to populate the buffer for subsequent scoring and selection.",
Au-K-Tb,4,1,Au-Tb,Au1 Tb2,binary,unstable | 0.106 eV/atom,,,"TbAu3, TbAu, TbAu2, TbAu4","Tb2Au, Tb3Au2, TbAu, TbAu2, TbAu3, TbAu4",generate_structures→list_compositions→score_buffer→query_structures→select_for_evaluation→generate_structures→generate_structures→list_compositions→score_buffer→query_structures,Tb2Au is a known stable material from literature with excellent oracle score (-0.0110). Different structures for same composition can have different s…,"Selected TbAu (structure index 3, 2 sites, random generator) with oracle score -2.7453 for evaluation. Rationale: TbAu is a known stable material from…","*   **Enforce Stoichiometry Uniqueness:** Implement a hard limit of one query per unique stoichiometry (e.g., Au5Tb1). If the first structure for a ratio exceeds 0.05 eV/atom, discard the ratio immediately rather than retrying with different structures.
*   **Prioritize Known Phases for Recall:** Dedicate the first 20% of the query budget to explicitly generating and evaluating known Au-Tb intermetallics from literature (e.g., AuTb, Au3Tb) to guarantee a non-zero recall score before exploring novel compositions.
*   **Restrict Unit Cell Size:** Limit structure generation to cells with ≤ 8 sites. Large cells (12-17 sites) previously consumed significant resources without yielding confirmed stable phases and contradict established stability trends.
*   **Target Stricter Energy Thresholds:** Treat structures with e_above_hull > 0.02 eV/atom as unstable for the purpose of stopping conditions. The episode produced several ""stable"" labeled structures (0.03-0.09 eV/atom) that were not counted as successful discoveries.",,
Au-K-Tb,4,2,Au-Tb,Au1 Tb2,binary,unstable | 0.106 eV/atom,,,,"Tb2Au, TbAu, TbAu2, TbAu3",get_buffer_stats→generate_structures→list_compositions→query_structures→select_for_evaluation→generate_structures→query_structures→select_for_evaluation→list_compositions→query_structures,"Tb2Au is a known stable phase from literature. This structure has the best oracle score (-0.0110) in the buffer, well below the 0.1 stability threshol…","Selected TbAu (reduced formula: TbAu, 2 sites, random generator, oracle=-2.7453) for oracle evaluation. This is a known stable phase from literature w…","*   **Enforce Stoichiometry Uniqueness:** Implement a hard limit of one query per unique stoichiometry (e.g., Au5Tb1). If the first structure for a ratio exceeds 0.05 eV/atom, discard the ratio immediately rather than retrying with different structures.
*   **Prioritize Known Phases for Recall:** Dedicate the first 20% of the query budget to explicitly generating and evaluating known Au-Tb intermetallics from literature (e.g., AuTb, Au3Tb) to guarantee a non-zero recall score before exploring novel compositions.
*   **Restrict Unit Cell Size:** Limit structure generation to cells with ≤ 8 sites. Large cells (12-17 sites) previously consumed significant resources without yielding confirmed stable phases and contradict established stability trends.
*   **Target Stricter Energy Thresholds:** Treat structures with e_above_hull > 0.02 eV/atom as unstable for the purpose of stopping conditions. The episode produced several ""stable"" labeled structures (0.03-0.09 eV/atom) that were not counted as successful discoveries.",,
Au-K-Tb,4,3,Au-Tb,Au3 Tb1,binary,★ stable (new!) | 0.049 eV/atom,✓,Au3 Tb1,,TbAu3,list_compositions→query_structures→select_for_evaluation→finish,"TbAu3 is a known stable phase from literature; structure has 4 sites (small cell, per prior reflections); first structure from chemeleon generator","Selected TbAu3 (structure index 0, 4 sites, chemeleon) for oracle evaluation. Rationale: TbAu3 is explicitly listed as a known stable phase from liter…","*   **Enforce Stoichiometry Uniqueness:** Implement a hard limit of one query per unique stoichiometry (e.g., Au5Tb1). If the first structure for a ratio exceeds 0.05 eV/atom, discard the ratio immediately rather than retrying with different structures.
*   **Prioritize Known Phases for Recall:** Dedicate the first 20% of the query budget to explicitly generating and evaluating known Au-Tb intermetallics from literature (e.g., AuTb, Au3Tb) to guarantee a non-zero recall score before exploring novel compositions.
*   **Restrict Unit Cell Size:** Limit structure generation to cells with ≤ 8 sites. Large cells (12-17 sites) previously consumed significant resources without yielding confirmed stable phases and contradict established stability trends.
*   **Target Stricter Energy Thresholds:** Treat structures with e_above_hull > 0.02 eV/atom as unstable for the purpose of stopping conditions. The episode produced several ""stable"" labeled structures (0.03-0.09 eV/atom) that were not counted as successful discoveries.",,
Au-K-Tb,4,4,Au-Tb,Au1 Tb1,binary,unstable (new!) | 1.871 eV/atom,✓,Au1 Tb1,,TbAu,query_structures→select_for_evaluation→finish,Known stable phase TbAu not yet evaluated; structure has best oracle score (-2.7453) among 5 candidates; 2-site unit cell aligns with reflection guida…,"**Action Taken**: Selected TbAu (Tb1Au1, structure index 4) for oracle evaluation from the buffer. **Rationale**: - TbAu is a known stable phase from …","*   **Enforce Stoichiometry Uniqueness:** Implement a hard limit of one query per unique stoichiometry (e.g., Au5Tb1). If the first structure for a ratio exceeds 0.05 eV/atom, discard the ratio immediately rather than retrying with different structures.
*   **Prioritize Known Phases for Recall:** Dedicate the first 20% of the query budget to explicitly generating and evaluating known Au-Tb intermetallics from literature (e.g., AuTb, Au3Tb) to guarantee a non-zero recall score before exploring novel compositions.
*   **Restrict Unit Cell Size:** Limit structure generation to cells with ≤ 8 sites. Large cells (12-17 sites) previously consumed significant resources without yielding confirmed stable phases and contradict established stability trends.
*   **Target Stricter Energy Thresholds:** Treat structures with e_above_hull > 0.02 eV/atom as unstable for the purpose of stopping conditions. The episode produced several ""stable"" labeled structures (0.03-0.09 eV/atom) that were not counted as successful discoveries.",,
Au-K-Tb,4,5,Au-Tb,Au1 Tb2,binary,unstable (new!) | 0.180 eV/atom,,,,"Tb2Au, TbAu, TbAu2",list_compositions→query_structures→select_for_evaluation→query_structures→select_for_evaluation→generate_structures→query_structures→score_buffer→query_structures→select_for_evaluation,Tb2Au is a known stable material; structure index 0 has best oracle score (-0.0112) for potential stable discovery,**Actions Taken:** 1. Listed compositions in buffer to identify known stable materials 2. Queried TbAu2 structures (5 total) - selected structure inde…,"*   **Enforce Stoichiometry Uniqueness:** Implement a hard limit of one query per unique stoichiometry (e.g., Au5Tb1). If the first structure for a ratio exceeds 0.05 eV/atom, discard the ratio immediately rather than retrying with different structures.
*   **Prioritize Known Phases for Recall:** Dedicate the first 20% of the query budget to explicitly generating and evaluating known Au-Tb intermetallics from literature (e.g., AuTb, Au3Tb) to guarantee a non-zero recall score before exploring novel compositions.
*   **Restrict Unit Cell Size:** Limit structure generation to cells with ≤ 8 sites. Large cells (12-17 sites) previously consumed significant resources without yielding confirmed stable phases and contradict established stability trends.
*   **Target Stricter Energy Thresholds:** Treat structures with e_above_hull > 0.02 eV/atom as unstable for the purpose of stopping conditions. The episode produced several ""stable"" labeled structures (0.03-0.09 eV/atom) that were not counted as successful discoveries.",,
Au-K-Tb,4,6,Au-Tb,Au2 Tb1,binary,unstable (new!) | 0.695 eV/atom,✓,Au2 Tb1,,"Tb3Au2, TbAu, TbAu2, TbAu3",generate_structures→list_compositions→score_buffer→query_structures→select_for_evaluation→query_structures→select_for_evaluation→generate_structures→query_structures→query_structures,Best oracle score (-0.5226) among TbAu2 structures; TbAu2 is a known stable phase from literature; only 3 sites (small unit cell per prior reflections…,"SELECTED: Tb3Au2 (reduced: Tb3Au2, 5 sites, random): oracle=-0.9559. Best oracle score among Tb3Au2 structures; composition aligns with 3:2 ratio iden…","*   **Enforce Stoichiometry Uniqueness:** Implement a hard limit of one query per unique stoichiometry (e.g., Au5Tb1). If the first structure for a ratio exceeds 0.05 eV/atom, discard the ratio immediately rather than retrying with different structures.
*   **Prioritize Known Phases for Recall:** Dedicate the first 20% of the query budget to explicitly generating and evaluating known Au-Tb intermetallics from literature (e.g., AuTb, Au3Tb) to guarantee a non-zero recall score before exploring novel compositions.
*   **Restrict Unit Cell Size:** Limit structure generation to cells with ≤ 8 sites. Large cells (12-17 sites) previously consumed significant resources without yielding confirmed stable phases and contradict established stability trends.
*   **Target Stricter Energy Thresholds:** Treat structures with e_above_hull > 0.02 eV/atom as unstable for the purpose of stopping conditions. The episode produced several ""stable"" labeled structures (0.03-0.09 eV/atom) that were not counted as successful discoveries.",,
Au-K-Tb,4,7,Au-Tb,Au1 Tb1,binary,unstable (new!) | 1.871 eV/atom,,,,"Tb2Au, Tb3Au2, TbAu, TbAu2",list_compositions→query_structures→select_for_evaluation→query_structures→select_for_evaluation→query_structures→select_for_evaluation→query_structures→select_for_evaluation→get_buffer_stats,"Known stable phase TbAu with best oracle score (-1.7644), very small 2-site unit cell, prioritized for recall per Episode 3 strategy",Querying TbAu4 structures to select the best candidate for oracle evaluation. This composition has the best oracle score (-0.0314) among remaining non…,"*   **Enforce Stoichiometry Uniqueness:** Implement a hard limit of one query per unique stoichiometry (e.g., Au5Tb1). If the first structure for a ratio exceeds 0.05 eV/atom, discard the ratio immediately rather than retrying with different structures.
*   **Prioritize Known Phases for Recall:** Dedicate the first 20% of the query budget to explicitly generating and evaluating known Au-Tb intermetallics from literature (e.g., AuTb, Au3Tb) to guarantee a non-zero recall score before exploring novel compositions.
*   **Restrict Unit Cell Size:** Limit structure generation to cells with ≤ 8 sites. Large cells (12-17 sites) previously consumed significant resources without yielding confirmed stable phases and contradict established stability trends.
*   **Target Stricter Energy Thresholds:** Treat structures with e_above_hull > 0.02 eV/atom as unstable for the purpose of stopping conditions. The episode produced several ""stable"" labeled structures (0.03-0.09 eV/atom) that were not counted as successful discoveries.",,
Au-K-Tb,4,8,Au-Tb,Au4 Tb1,binary,unstable (new!) | 1.960 eV/atom,✓,Au4 Tb1,,"Tb3Au2, TbAu, TbAu2, TbAu4",list_compositions→query_structures→generate_structures→query_structures→query_structures→select_for_evaluation→generate_structures→list_compositions→query_structures→select_for_evaluation,Best oracle score (-1.8564) among 8 unexplored TbAu4 structures; high potential for stable discovery based on low oracle score,"Actions taken: 1. Selected Tb3Au2 (index 3, oracle=-0.6531) for oracle evaluation - best score among 9 unexplored structures in this 3:2 ratio composi…","*   **Enforce Stoichiometry Uniqueness:** Implement a hard limit of one query per unique stoichiometry (e.g., Au5Tb1). If the first structure for a ratio exceeds 0.05 eV/atom, discard the ratio immediately rather than retrying with different structures.
*   **Prioritize Known Phases for Recall:** Dedicate the first 20% of the query budget to explicitly generating and evaluating known Au-Tb intermetallics from literature (e.g., AuTb, Au3Tb) to guarantee a non-zero recall score before exploring novel compositions.
*   **Restrict Unit Cell Size:** Limit structure generation to cells with ≤ 8 sites. Large cells (12-17 sites) previously consumed significant resources without yielding confirmed stable phases and contradict established stability trends.
*   **Target Stricter Energy Thresholds:** Treat structures with e_above_hull > 0.02 eV/atom as unstable for the purpose of stopping conditions. The episode produced several ""stable"" labeled structures (0.03-0.09 eV/atom) that were not counted as successful discoveries.",,
Au-K-Tb,4,9,Au-Tb,Au1 Tb2,binary,unstable (new!) | 2.241 eV/atom,,,,"Tb2Au, Tb3Au2, TbAu, TbAu2",list_compositions→query_structures→select_for_evaluation→query_structures→select_for_evaluation→query_structures→select_for_evaluation→query_structures→select_for_evaluation→query_structures,Best oracle score (-3.1635) among 8 Tb2Au structures; known stable material from literature; previous 3 evaluations were ~0.105 eV/atom but unevaluate…,"SELECTED: Tb1Au4 (reduced: TbAu4, 5 sites, random): oracle=-1.8134. Best oracle score among 6 unevaluated TbAu4 structures; follows the pattern that d…","*   **Enforce Stoichiometry Uniqueness:** Implement a hard limit of one query per unique stoichiometry (e.g., Au5Tb1). If the first structure for a ratio exceeds 0.05 eV/atom, discard the ratio immediately rather than retrying with different structures.
*   **Prioritize Known Phases for Recall:** Dedicate the first 20% of the query budget to explicitly generating and evaluating known Au-Tb intermetallics from literature (e.g., AuTb, Au3Tb) to guarantee a non-zero recall score before exploring novel compositions.
*   **Restrict Unit Cell Size:** Limit structure generation to cells with ≤ 8 sites. Large cells (12-17 sites) previously consumed significant resources without yielding confirmed stable phases and contradict established stability trends.
*   **Target Stricter Energy Thresholds:** Treat structures with e_above_hull > 0.02 eV/atom as unstable for the purpose of stopping conditions. The episode produced several ""stable"" labeled structures (0.03-0.09 eV/atom) that were not counted as successful discoveries.",,
Au-K-Tb,4,10,Au-Tb,Au1 Tb2,binary,unstable (new!) | 2.446 eV/atom,,,,"Au1Tb1, Tb2Au, TbAu",list_compositions→query_structures→select_for_evaluation→generate_structures→query_structures→generate_structures→query_structures→score_buffer→select_for_evaluation→select_for_evaluation,"Tb2Au is a KNOWN stable material. Structure 4 has excellent oracle score (-2.3951), second best after structure 6 which is already selected. This is h…",Actions taken: 1. Queried buffer compositions to identify 5 compositions with 26 total structures 2. Selected Tb2Au structure 6 for evaluation (best o…,"*   **Enforce Stoichiometry Uniqueness:** Implement a hard limit of one query per unique stoichiometry (e.g., Au5Tb1). If the first structure for a ratio exceeds 0.05 eV/atom, discard the ratio immediately rather than retrying with different structures.
*   **Prioritize Known Phases for Recall:** Dedicate the first 20% of the query budget to explicitly generating and evaluating known Au-Tb intermetallics from literature (e.g., AuTb, Au3Tb) to guarantee a non-zero recall score before exploring novel compositions.
*   **Restrict Unit Cell Size:** Limit structure generation to cells with ≤ 8 sites. Large cells (12-17 sites) previously consumed significant resources without yielding confirmed stable phases and contradict established stability trends.
*   **Target Stricter Energy Thresholds:** Treat structures with e_above_hull > 0.02 eV/atom as unstable for the purpose of stopping conditions. The episode produced several ""stable"" labeled structures (0.03-0.09 eV/atom) that were not counted as successful discoveries.",,
Au-K-Tb,4,11,Au-Tb,Au4 Tb1,binary,★ stable (new!) | 0.000 eV/atom,,,,"Tb3Au2, TbAu2, TbAu4",list_compositions→query_structures→select_for_evaluation→select_for_evaluation→select_for_evaluation→select_for_evaluation→select_for_evaluation→select_for_evaluation→select_for_evaluation→select_for_evaluation,TbAu4 is a known stable phase from literature. 4 unevaluated structures remain after 2 selections. Structure 2 is the next best oracle-scored candidat…,Selected TbAu4 structure 3 for oracle evaluation. This known stable phase from literature has 3 unevaluated structures remaining after 3 prior selecti…,"*   **Enforce Stoichiometry Uniqueness:** Implement a hard limit of one query per unique stoichiometry (e.g., Au5Tb1). If the first structure for a ratio exceeds 0.05 eV/atom, discard the ratio immediately rather than retrying with different structures.
*   **Prioritize Known Phases for Recall:** Dedicate the first 20% of the query budget to explicitly generating and evaluating known Au-Tb intermetallics from literature (e.g., AuTb, Au3Tb) to guarantee a non-zero recall score before exploring novel compositions.
*   **Restrict Unit Cell Size:** Limit structure generation to cells with ≤ 8 sites. Large cells (12-17 sites) previously consumed significant resources without yielding confirmed stable phases and contradict established stability trends.
*   **Target Stricter Energy Thresholds:** Treat structures with e_above_hull > 0.02 eV/atom as unstable for the purpose of stopping conditions. The episode produced several ""stable"" labeled structures (0.03-0.09 eV/atom) that were not counted as successful discoveries.",,
Au-K-Tb,4,12,Au-Tb,Au2 Tb3,binary,unstable (new!) | 0.220 eV/atom,✓,Au2 Tb3,,Tb3Au2,list_compositions→query_structures→select_for_evaluation→finish,"Tb3Au2 is a promising 3:2 ratio composition with 5 unevaluated structures. Structure 0 has oracle score -0.0218 eV/atom, indicating high likelihood of…","Selected Tb3Au2 (reduced formula, 5 sites, random structure, index 0) for oracle evaluation. Rationale: (1) Tb3Au2 has 5 unevaluated structures at the…","*   **Enforce Stoichiometry Uniqueness:** Implement a hard limit of one query per unique stoichiometry (e.g., Au5Tb1). If the first structure for a ratio exceeds 0.05 eV/atom, discard the ratio immediately rather than retrying with different structures.
*   **Prioritize Known Phases for Recall:** Dedicate the first 20% of the query budget to explicitly generating and evaluating known Au-Tb intermetallics from literature (e.g., AuTb, Au3Tb) to guarantee a non-zero recall score before exploring novel compositions.
*   **Restrict Unit Cell Size:** Limit structure generation to cells with ≤ 8 sites. Large cells (12-17 sites) previously consumed significant resources without yielding confirmed stable phases and contradict established stability trends.
*   **Target Stricter Energy Thresholds:** Treat structures with e_above_hull > 0.02 eV/atom as unstable for the purpose of stopping conditions. The episode produced several ""stable"" labeled structures (0.03-0.09 eV/atom) that were not counted as successful discoveries.",,
Au-K-Tb,4,13,Au-Tb,Au4 Tb1,binary,unstable (new!) | 0.523 eV/atom,,,,TbAu4,list_compositions→query_structures→select_for_evaluation→get_buffer_stats→query_structures→select_for_evaluation→select_for_evaluation→query_structures→select_for_evaluation→score_buffer,TbAu4 is a proven stable composition (0.0000 eV found). Continuing to exploit this composition with chemeleon-generated structure before exploring new…,"Selected TbAu4 (structure index 0, chemeleon-generated, 5 sites) for oracle evaluation. Rationale: TbAu4 is the most promising composition with a conf…","*   **Enforce Stoichiometry Uniqueness:** Implement a hard limit of one query per unique stoichiometry (e.g., Au5Tb1). If the first structure for a ratio exceeds 0.05 eV/atom, discard the ratio immediately rather than retrying with different structures.
*   **Prioritize Known Phases for Recall:** Dedicate the first 20% of the query budget to explicitly generating and evaluating known Au-Tb intermetallics from literature (e.g., AuTb, Au3Tb) to guarantee a non-zero recall score before exploring novel compositions.
*   **Restrict Unit Cell Size:** Limit structure generation to cells with ≤ 8 sites. Large cells (12-17 sites) previously consumed significant resources without yielding confirmed stable phases and contradict established stability trends.
*   **Target Stricter Energy Thresholds:** Treat structures with e_above_hull > 0.02 eV/atom as unstable for the purpose of stopping conditions. The episode produced several ""stable"" labeled structures (0.03-0.09 eV/atom) that were not counted as successful discoveries.",,
Au-K-Tb,4,14,Au-Tb,Au2 Tb3,binary,★ stable (new!) | 0.068 eV/atom,,,,"Tb2Au, Tb3Au2, TbAu, TbAu2",list_compositions→query_structures→select_for_evaluation→query_structures→select_for_evaluation→query_structures→select_for_evaluation→query_structures→score_buffer→select_for_evaluation,Tb3Au2 is on known stable materials list; all 4 structures from chemeleon with no oracle scores; selecting first structure for evaluation to confirm p…,**Actions Taken:** 1. Queried buffer compositions to identify known stable phases needing confirmation 2. Selected 4 structures for oracle evaluation …,"*   **Enforce Stoichiometry Uniqueness:** Implement a hard limit of one query per unique stoichiometry (e.g., Au5Tb1). If the first structure for a ratio exceeds 0.05 eV/atom, discard the ratio immediately rather than retrying with different structures.
*   **Prioritize Known Phases for Recall:** Dedicate the first 20% of the query budget to explicitly generating and evaluating known Au-Tb intermetallics from literature (e.g., AuTb, Au3Tb) to guarantee a non-zero recall score before exploring novel compositions.
*   **Restrict Unit Cell Size:** Limit structure generation to cells with ≤ 8 sites. Large cells (12-17 sites) previously consumed significant resources without yielding confirmed stable phases and contradict established stability trends.
*   **Target Stricter Energy Thresholds:** Treat structures with e_above_hull > 0.02 eV/atom as unstable for the purpose of stopping conditions. The episode produced several ""stable"" labeled structures (0.03-0.09 eV/atom) that were not counted as successful discoveries.",,
Au-K-Tb,4,15,Au-Tb,Au1 Tb2,binary,unstable (new!) | 0.106 eV/atom,,,,Tb2Au,list_compositions→query_structures→select_for_evaluation→finish,"Best oracle score (-0.0985) for known stable phase Tb2Au; all 5 previous Tb2Au evaluations were unstable, need to recover this phase for recall","Selected Tb2Au structure index 3 (3 sites, random generation) with oracle score -0.0985 for oracle evaluation. Rationale: Tb2Au is a known stable phas…","*   **Enforce Stoichiometry Uniqueness:** Implement a hard limit of one query per unique stoichiometry (e.g., Au5Tb1). If the first structure for a ratio exceeds 0.05 eV/atom, discard the ratio immediately rather than retrying with different structures.
*   **Prioritize Known Phases for Recall:** Dedicate the first 20% of the query budget to explicitly generating and evaluating known Au-Tb intermetallics from literature (e.g., AuTb, Au3Tb) to guarantee a non-zero recall score before exploring novel compositions.
*   **Restrict Unit Cell Size:** Limit structure generation to cells with ≤ 8 sites. Large cells (12-17 sites) previously consumed significant resources without yielding confirmed stable phases and contradict established stability trends.
*   **Target Stricter Energy Thresholds:** Treat structures with e_above_hull > 0.02 eV/atom as unstable for the purpose of stopping conditions. The episode produced several ""stable"" labeled structures (0.03-0.09 eV/atom) that were not counted as successful discoveries.",,
Au-K-Tb,4,16,Au-Tb,Au1 Tb1,binary,unstable (new!) | 3.543 eV/atom,,,,"Tb2Au, TbAu, TbAu2",get_buffer_stats→score_buffer→query_structures→select_for_evaluation→list_compositions→query_structures→select_for_evaluation→query_structures→select_for_evaluation→list_compositions,Known stable phase from literature; best oracle score (-2.7450) among 3 TbAu structures; 2 sites (within ≤8 site limit); previous TbAu evaluations wer…,Query Tb3Au2 composition structures to identify the best unevaluated candidate for oracle evaluation. This composition is a known stable phase with on…,"*   **Enforce Stoichiometry Uniqueness:** Implement a hard limit of one query per unique stoichiometry (e.g., Au5Tb1). If the first structure for a ratio exceeds 0.05 eV/atom, discard the ratio immediately rather than retrying with different structures.
*   **Prioritize Known Phases for Recall:** Dedicate the first 20% of the query budget to explicitly generating and evaluating known Au-Tb intermetallics from literature (e.g., AuTb, Au3Tb) to guarantee a non-zero recall score before exploring novel compositions.
*   **Restrict Unit Cell Size:** Limit structure generation to cells with ≤ 8 sites. Large cells (12-17 sites) previously consumed significant resources without yielding confirmed stable phases and contradict established stability trends.
*   **Target Stricter Energy Thresholds:** Treat structures with e_above_hull > 0.02 eV/atom as unstable for the purpose of stopping conditions. The episode produced several ""stable"" labeled structures (0.03-0.09 eV/atom) that were not counted as successful discoveries.",,
Au-K-Tb,4,17,Au-Tb,Au1 Tb2,binary,unstable (new!) | 0.206 eV/atom,,,,"Tb2Au, Tb2Au2, Tb2Au4, Tb3Au3, Tb3Au6, Tb4Au2, Tb6Au3, TbAu, TbAu2",get_buffer_stats→generate_structures→query_structures→select_for_evaluation→generate_structures→query_structures→select_for_evaluation→generate_structures→query_structures→select_for_evaluation,Tb2Au is a known stable phase with only unstable evaluations so far (0.1057-0.24463 eV/atom). This Tb2Au1 structure has 3 sites (within ≤8 limit per p…,"Querying buffer for available structures across key compositions. Based on prior reflections, I'll focus on known stable phases (TbAu, TbAu2, Tb2Au) w…","*   **Enforce Stoichiometry Uniqueness:** Implement a hard limit of one query per unique stoichiometry (e.g., Au5Tb1). If the first structure for a ratio exceeds 0.05 eV/atom, discard the ratio immediately rather than retrying with different structures.
*   **Prioritize Known Phases for Recall:** Dedicate the first 20% of the query budget to explicitly generating and evaluating known Au-Tb intermetallics from literature (e.g., AuTb, Au3Tb) to guarantee a non-zero recall score before exploring novel compositions.
*   **Restrict Unit Cell Size:** Limit structure generation to cells with ≤ 8 sites. Large cells (12-17 sites) previously consumed significant resources without yielding confirmed stable phases and contradict established stability trends.
*   **Target Stricter Energy Thresholds:** Treat structures with e_above_hull > 0.02 eV/atom as unstable for the purpose of stopping conditions. The episode produced several ""stable"" labeled structures (0.03-0.09 eV/atom) that were not counted as successful discoveries.",,
Au-K-Tb,4,18,Au-Tb,Au2 Tb1,binary,★ stable (new!) | 0.093 eV/atom,,,,"Tb2Au, Tb2Au2, Tb2Au4, Tb3Au3, Tb3Au6, Tb4Au2, TbAu, TbAu2",get_buffer_stats→generate_structures→query_structures→select_for_evaluation→generate_structures→query_structures→score_buffer→select_for_evaluation→generate_structures→query_structures,Best oracle score (-0.0227) for TbAu2 composition; known stable phase from literature; previous TbAu2 evaluation was 0.6945 eV/atom (unstable); new st…,"Selected TbAu1 (reduced: TbAu, 2 sites, random) with oracle=-0.7887 for evaluation. This is the highest priority remaining candidate because: (1) TbAu…","*   **Enforce Stoichiometry Uniqueness:** Implement a hard limit of one query per unique stoichiometry (e.g., Au5Tb1). If the first structure for a ratio exceeds 0.05 eV/atom, discard the ratio immediately rather than retrying with different structures.
*   **Prioritize Known Phases for Recall:** Dedicate the first 20% of the query budget to explicitly generating and evaluating known Au-Tb intermetallics from literature (e.g., AuTb, Au3Tb) to guarantee a non-zero recall score before exploring novel compositions.
*   **Restrict Unit Cell Size:** Limit structure generation to cells with ≤ 8 sites. Large cells (12-17 sites) previously consumed significant resources without yielding confirmed stable phases and contradict established stability trends.
*   **Target Stricter Energy Thresholds:** Treat structures with e_above_hull > 0.02 eV/atom as unstable for the purpose of stopping conditions. The episode produced several ""stable"" labeled structures (0.03-0.09 eV/atom) that were not counted as successful discoveries.",,
Au-K-Tb,4,19,Au-Tb,Au1 Tb2,binary,★ stable (new!) | 0.090 eV/atom,,,,"Tb2Au, Tb3Au2, Tb4Au2, TbAu2",list_compositions→query_structures→select_for_evaluation→get_buffer_stats→generate_structures→list_compositions→query_structures→select_for_evaluation→select_for_evaluation→generate_structures,Known stable phase Tb2Au from literature; previous evaluations hovered just above tolerance (0.1057-0.1059 eV/atom); Tb4Au2 has 6 sites within ≤8 site…,"Generated 10 new structures for Tb2Au/Tb4Au2 compositions (5 added to buffer, 5 duplicates). Tb2Au is a known stable phase from literature that remain…","*   **Enforce Stoichiometry Uniqueness:** Implement a hard limit of one query per unique stoichiometry (e.g., Au5Tb1). If the first structure for a ratio exceeds 0.05 eV/atom, discard the ratio immediately rather than retrying with different structures.
*   **Prioritize Known Phases for Recall:** Dedicate the first 20% of the query budget to explicitly generating and evaluating known Au-Tb intermetallics from literature (e.g., AuTb, Au3Tb) to guarantee a non-zero recall score before exploring novel compositions.
*   **Restrict Unit Cell Size:** Limit structure generation to cells with ≤ 8 sites. Large cells (12-17 sites) previously consumed significant resources without yielding confirmed stable phases and contradict established stability trends.
*   **Target Stricter Energy Thresholds:** Treat structures with e_above_hull > 0.02 eV/atom as unstable for the purpose of stopping conditions. The episode produced several ""stable"" labeled structures (0.03-0.09 eV/atom) that were not counted as successful discoveries.",,
Au-K-Tb,4,20,Au-Tb,Au3 Tb1,binary,★ stable | 0.041 eV/atom,,,,"TbAu3, TbAu4",list_compositions→get_buffer_stats→score_buffer→query_structures→select_for_evaluation→query_structures→select_for_evaluation→select_for_evaluation→list_compositions→query_structures,"Second unevaluated structure for known stable phase TbAu4 from literature, 5 sites (within ≤8 constraint)","SELECTED: Tb1Au1 (reduced: TbAu, 2 sites, random): oracle=-0.7887. Known stable phase from literature with best oracle score in buffer, 2 sites (withi…","*   **Enforce Stoichiometry Uniqueness:** Implement a hard limit of one query per unique stoichiometry (e.g., Au5Tb1). If the first structure for a ratio exceeds 0.05 eV/atom, discard the ratio immediately rather than retrying with different structures.
*   **Prioritize Known Phases for Recall:** Dedicate the first 20% of the query budget to explicitly generating and evaluating known Au-Tb intermetallics from literature (e.g., AuTb, Au3Tb) to guarantee a non-zero recall score before exploring novel compositions.
*   **Restrict Unit Cell Size:** Limit structure generation to cells with ≤ 8 sites. Large cells (12-17 sites) previously consumed significant resources without yielding confirmed stable phases and contradict established stability trends.
*   **Target Stricter Energy Thresholds:** Treat structures with e_above_hull > 0.02 eV/atom as unstable for the purpose of stopping conditions. The episode produced several ""stable"" labeled structures (0.03-0.09 eV/atom) that were not counted as successful discoveries.",,
Au-K-Tb,4,21,Au-Tb,Au4 Tb1,binary,★ stable (new!) | 0.016 eV/atom,,,,"Tb2Au6, Tb2Au8, Tb3Au2, TbAu, TbAu3, TbAu4",list_compositions→query_structures→select_for_evaluation→generate_structures→list_compositions→generate_structures→query_structures→generate_structures→list_compositions→query_structures,Known stable phase from literature with only 1 structure in buffer (not yet evaluated). 5-site unit cell aligns with small cell preference from prior …,"Selected Tb1Au3 (reduced: TbAu3, 4 sites, random, structure index 0) for oracle evaluation. Rationale: TbAu3 is a known stable phase from literature t…","*   **Enforce Stoichiometry Uniqueness:** Implement a hard limit of one query per unique stoichiometry (e.g., Au5Tb1). If the first structure for a ratio exceeds 0.05 eV/atom, discard the ratio immediately rather than retrying with different structures.
*   **Prioritize Known Phases for Recall:** Dedicate the first 20% of the query budget to explicitly generating and evaluating known Au-Tb intermetallics from literature (e.g., AuTb, Au3Tb) to guarantee a non-zero recall score before exploring novel compositions.
*   **Restrict Unit Cell Size:** Limit structure generation to cells with ≤ 8 sites. Large cells (12-17 sites) previously consumed significant resources without yielding confirmed stable phases and contradict established stability trends.
*   **Target Stricter Energy Thresholds:** Treat structures with e_above_hull > 0.02 eV/atom as unstable for the purpose of stopping conditions. The episode produced several ""stable"" labeled structures (0.03-0.09 eV/atom) that were not counted as successful discoveries.",,
Au-K-Tb,4,22,Au-Tb,Au1 Tb1,binary,unstable (new!) | 0.939 eV/atom,,,,"Tb2Au2, Tb3Au3, TbAu, TbAu2",list_compositions→query_structures→select_for_evaluation→query_structures→select_for_evaluation→select_for_evaluation→select_for_evaluation→select_for_evaluation→generate_structures→query_structures,"TbAu is the only known stable material not yet recovered. This is the last remaining TbAu structure in buffer (6-site Tb3Au3, oracle=-0.0026). Exhaust…","Selected Tb2Au2 (reduced: TbAu, 4 sites, chemeleon) for oracle evaluation. TbAu is the only known stable material not yet recovered after exhausting o…","*   **Enforce Stoichiometry Uniqueness:** Implement a hard limit of one query per unique stoichiometry (e.g., Au5Tb1). If the first structure for a ratio exceeds 0.05 eV/atom, discard the ratio immediately rather than retrying with different structures.
*   **Prioritize Known Phases for Recall:** Dedicate the first 20% of the query budget to explicitly generating and evaluating known Au-Tb intermetallics from literature (e.g., AuTb, Au3Tb) to guarantee a non-zero recall score before exploring novel compositions.
*   **Restrict Unit Cell Size:** Limit structure generation to cells with ≤ 8 sites. Large cells (12-17 sites) previously consumed significant resources without yielding confirmed stable phases and contradict established stability trends.
*   **Target Stricter Energy Thresholds:** Treat structures with e_above_hull > 0.02 eV/atom as unstable for the purpose of stopping conditions. The episode produced several ""stable"" labeled structures (0.03-0.09 eV/atom) that were not counted as successful discoveries.",,
Au-K-Tb,4,23,Au-Tb,Au1 Tb2,binary,★ stable (new!) | 0.081 eV/atom,,,,"Tb2Au, Tb3Au2, TbAu, TbAu2",list_compositions→query_structures→select_for_evaluation→query_structures→select_for_evaluation→query_structures→select_for_evaluation→query_structures→select_for_evaluation→query_structures,Tb2Au is a known stable phase with 2 discoveries; structure has good oracle score (-0.0349) with 6 sites within the ≤8 site limit,"Selected Tb1Au3 (reduced: TbAu3, 4 sites, random) for oracle evaluation. TbAu3 is a known stable phase from literature with 2 prior discoveries; all 2…","*   **Enforce Stoichiometry Uniqueness:** Implement a hard limit of one query per unique stoichiometry (e.g., Au5Tb1). If the first structure for a ratio exceeds 0.05 eV/atom, discard the ratio immediately rather than retrying with different structures.
*   **Prioritize Known Phases for Recall:** Dedicate the first 20% of the query budget to explicitly generating and evaluating known Au-Tb intermetallics from literature (e.g., AuTb, Au3Tb) to guarantee a non-zero recall score before exploring novel compositions.
*   **Restrict Unit Cell Size:** Limit structure generation to cells with ≤ 8 sites. Large cells (12-17 sites) previously consumed significant resources without yielding confirmed stable phases and contradict established stability trends.
*   **Target Stricter Energy Thresholds:** Treat structures with e_above_hull > 0.02 eV/atom as unstable for the purpose of stopping conditions. The episode produced several ""stable"" labeled structures (0.03-0.09 eV/atom) that were not counted as successful discoveries.",,
Au-K-Tb,4,24,Au-Tb,Au1 Tb2,binary,★ stable (new!) | 0.054 eV/atom,,,,"Tb2Au, TbAu3, TbAu4",list_compositions→score_buffer→query_structures→select_for_evaluation→query_structures→select_for_evaluation→query_structures→select_for_evaluation→finish,"Tb2Au has 2 stable discoveries in history (entries 16, 20); chemeleon generator trained on stable structures; 2 unevaluated structures remain in buffe…","Episode Summary: - Analyzed evaluation history: 7 stable materials found (Tb2Au: 2, TbAu2: 1, TbAu3: 1, TbAu4: 2, Tb3Au2: 1) - Identified TbAu as cons…","*   **Enforce Stoichiometry Uniqueness:** Implement a hard limit of one query per unique stoichiometry (e.g., Au5Tb1). If the first structure for a ratio exceeds 0.05 eV/atom, discard the ratio immediately rather than retrying with different structures.
*   **Prioritize Known Phases for Recall:** Dedicate the first 20% of the query budget to explicitly generating and evaluating known Au-Tb intermetallics from literature (e.g., AuTb, Au3Tb) to guarantee a non-zero recall score before exploring novel compositions.
*   **Restrict Unit Cell Size:** Limit structure generation to cells with ≤ 8 sites. Large cells (12-17 sites) previously consumed significant resources without yielding confirmed stable phases and contradict established stability trends.
*   **Target Stricter Energy Thresholds:** Treat structures with e_above_hull > 0.02 eV/atom as unstable for the purpose of stopping conditions. The episode produced several ""stable"" labeled structures (0.03-0.09 eV/atom) that were not counted as successful discoveries.",,
Au-K-Tb,4,25,Au-Tb,Au1 Tb1,binary,unstable (new!) | 0.147 eV/atom,,,,"Tb2Au, Tb3Au2, TbAu, TbAu2, TbAu3, TbAu4",score_buffer→query_structures→select_for_evaluation→generate_structures→generate_structures→score_buffer→query_structures→select_for_evaluation→generate_structures→score_buffer,Best oracle score (-0.0998) across all compositions; TbAu is known stable phase for recall improvement; 6-site structure aligns with small cell bias; …,"Query TbAu structures to identify best candidates for oracle evaluation. TbAu is a known stable material with 0/3 successful evaluations so far, signi…","*   **Enforce Stoichiometry Uniqueness:** Implement a hard limit of one query per unique stoichiometry (e.g., Au5Tb1). If the first structure for a ratio exceeds 0.05 eV/atom, discard the ratio immediately rather than retrying with different structures.
*   **Prioritize Known Phases for Recall:** Dedicate the first 20% of the query budget to explicitly generating and evaluating known Au-Tb intermetallics from literature (e.g., AuTb, Au3Tb) to guarantee a non-zero recall score before exploring novel compositions.
*   **Restrict Unit Cell Size:** Limit structure generation to cells with ≤ 8 sites. Large cells (12-17 sites) previously consumed significant resources without yielding confirmed stable phases and contradict established stability trends.
*   **Target Stricter Energy Thresholds:** Treat structures with e_above_hull > 0.02 eV/atom as unstable for the purpose of stopping conditions. The episode produced several ""stable"" labeled structures (0.03-0.09 eV/atom) that were not counted as successful discoveries.",,
Au-K-Tb,4,26,Au-Tb,Au2 Tb3,binary,unstable (new!) | 0.128 eV/atom,,,,Tb3Au2,get_buffer_stats→query_structures→query_structures→select_for_evaluation→finish,"Best oracle score (-0.0347) among 5-site structures in Tb3Au2, which has fewer stable discoveries than TbAu4. Aligns with small cell preference (4-6 s…","Actions taken: (1) Analyzed buffer statistics showing 96 structures across 6 Au-Tb compositions, (2) Queried top 5 structures from TbAu4 composition (…","*   **Enforce Stoichiometry Uniqueness:** Implement a hard limit of one query per unique stoichiometry (e.g., Au5Tb1). If the first structure for a ratio exceeds 0.05 eV/atom, discard the ratio immediately rather than retrying with different structures.
*   **Prioritize Known Phases for Recall:** Dedicate the first 20% of the query budget to explicitly generating and evaluating known Au-Tb intermetallics from literature (e.g., AuTb, Au3Tb) to guarantee a non-zero recall score before exploring novel compositions.
*   **Restrict Unit Cell Size:** Limit structure generation to cells with ≤ 8 sites. Large cells (12-17 sites) previously consumed significant resources without yielding confirmed stable phases and contradict established stability trends.
*   **Target Stricter Energy Thresholds:** Treat structures with e_above_hull > 0.02 eV/atom as unstable for the purpose of stopping conditions. The episode produced several ""stable"" labeled structures (0.03-0.09 eV/atom) that were not counted as successful discoveries.",,
Au-K-Tb,4,27,Au-Tb,Au4 Tb1,binary,unstable (new!) | 0.505 eV/atom,,,,"Tb2Au, Tb3Au2, TbAu3, TbAu4",score_buffer→query_structures→select_for_evaluation→query_structures→select_for_evaluation→query_structures→select_for_evaluation→query_structures→select_for_evaluation→query_structures,"Best oracle score (-0.0840) among TbAu4 structures; TbAu4 is known stable material with 3 prior stable discoveries (entries 5,7,15); strong exploitati…","SELECTED: Tb1Au2 (reduced: TbAu2, 3 sites, random): oracle=-1.1430. Best oracle score (-1.1430) among all compositions queried; TbAu2 is known stable …","*   **Enforce Stoichiometry Uniqueness:** Implement a hard limit of one query per unique stoichiometry (e.g., Au5Tb1). If the first structure for a ratio exceeds 0.05 eV/atom, discard the ratio immediately rather than retrying with different structures.
*   **Prioritize Known Phases for Recall:** Dedicate the first 20% of the query budget to explicitly generating and evaluating known Au-Tb intermetallics from literature (e.g., AuTb, Au3Tb) to guarantee a non-zero recall score before exploring novel compositions.
*   **Restrict Unit Cell Size:** Limit structure generation to cells with ≤ 8 sites. Large cells (12-17 sites) previously consumed significant resources without yielding confirmed stable phases and contradict established stability trends.
*   **Target Stricter Energy Thresholds:** Treat structures with e_above_hull > 0.02 eV/atom as unstable for the purpose of stopping conditions. The episode produced several ""stable"" labeled structures (0.03-0.09 eV/atom) that were not counted as successful discoveries.",,
Au-K-Tb,4,28,Au-Tb,Au2 Tb1,binary,unstable (new!) | 0.745 eV/atom,,,,"TbAu, TbAu2",query_structures→generate_structures→generate_structures→query_structures→score_buffer→select_for_evaluation→get_buffer_stats→list_compositions→query_structures→select_for_evaluation,Best oracle score (-1.1430) among TbAu2 structures. TbAu2 already has 1 stable structure found (entry 11: 0.0925 eV/atom). Different structures for sa…,**Actions Taken:** 1. Generated 14 new TbAu structures using random generator (all chemeleon candidates were duplicates) 2. Scored TbAu buffer structu…,"*   **Enforce Stoichiometry Uniqueness:** Implement a hard limit of one query per unique stoichiometry (e.g., Au5Tb1). If the first structure for a ratio exceeds 0.05 eV/atom, discard the ratio immediately rather than retrying with different structures.
*   **Prioritize Known Phases for Recall:** Dedicate the first 20% of the query budget to explicitly generating and evaluating known Au-Tb intermetallics from literature (e.g., AuTb, Au3Tb) to guarantee a non-zero recall score before exploring novel compositions.
*   **Restrict Unit Cell Size:** Limit structure generation to cells with ≤ 8 sites. Large cells (12-17 sites) previously consumed significant resources without yielding confirmed stable phases and contradict established stability trends.
*   **Target Stricter Energy Thresholds:** Treat structures with e_above_hull > 0.02 eV/atom as unstable for the purpose of stopping conditions. The episode produced several ""stable"" labeled structures (0.03-0.09 eV/atom) that were not counted as successful discoveries.",,
Au-K-Tb,4,29,Au-Tb,Au2 Tb1,binary,unstable (new!) | 1.170 eV/atom,,,,"Tb2Au, Tb3Au2, TbAu, TbAu2",score_buffer→query_structures→select_for_evaluation→query_structures→select_for_evaluation→query_structures→select_for_evaluation→query_structures→select_for_evaluation→query_structures,Best oracle score (-1.1431) among TbAu2 structures; this is a known stable phase from literature; has already yielded one stable structure (0.0925 eV/…,"SELECTED: Tb1Au4 (reduced: TbAu4, 5 sites, random): oracle=-0.1403. Best oracle score (-0.1403) among TbAu4 structures; this is a known stable phase f…","*   **Enforce Stoichiometry Uniqueness:** Implement a hard limit of one query per unique stoichiometry (e.g., Au5Tb1). If the first structure for a ratio exceeds 0.05 eV/atom, discard the ratio immediately rather than retrying with different structures.
*   **Prioritize Known Phases for Recall:** Dedicate the first 20% of the query budget to explicitly generating and evaluating known Au-Tb intermetallics from literature (e.g., AuTb, Au3Tb) to guarantee a non-zero recall score before exploring novel compositions.
*   **Restrict Unit Cell Size:** Limit structure generation to cells with ≤ 8 sites. Large cells (12-17 sites) previously consumed significant resources without yielding confirmed stable phases and contradict established stability trends.
*   **Target Stricter Energy Thresholds:** Treat structures with e_above_hull > 0.02 eV/atom as unstable for the purpose of stopping conditions. The episode produced several ""stable"" labeled structures (0.03-0.09 eV/atom) that were not counted as successful discoveries.",,
Au-K-Tb,4,30,Au-Tb,Au1 Tb2,binary,unstable (new!) | 3.090 eV/atom,,,,"Tb2Au, Tb3Au2, TbAu, TbAu2",list_compositions→score_buffer→query_structures→select_for_evaluation→query_structures→select_for_evaluation→query_structures→select_for_evaluation→query_structures→select_for_evaluation,Tb2Au is a known stable material with best oracle score (-3.1634) among unevaluated structures; previous evaluations showed 4 stable structures out of…,"Actions taken: Scored buffer with oracle scorer, queried 4 compositions (TbAu, Tb3Au2, TbAu2, Tb2Au), and selected 4 structures for evaluation based o…","*   **Enforce Stoichiometry Uniqueness:** Implement a hard limit of one query per unique stoichiometry (e.g., Au5Tb1). If the first structure for a ratio exceeds 0.05 eV/atom, discard the ratio immediately rather than retrying with different structures.
*   **Prioritize Known Phases for Recall:** Dedicate the first 20% of the query budget to explicitly generating and evaluating known Au-Tb intermetallics from literature (e.g., AuTb, Au3Tb) to guarantee a non-zero recall score before exploring novel compositions.
*   **Restrict Unit Cell Size:** Limit structure generation to cells with ≤ 8 sites. Large cells (12-17 sites) previously consumed significant resources without yielding confirmed stable phases and contradict established stability trends.
*   **Target Stricter Energy Thresholds:** Treat structures with e_above_hull > 0.02 eV/atom as unstable for the purpose of stopping conditions. The episode produced several ""stable"" labeled structures (0.03-0.09 eV/atom) that were not counted as successful discoveries.",,
Au-K-Tb,4,31,Au-Tb,Au1 Tb2,binary,unstable (new!) | 2.240 eV/atom,,,,"Tb2Au, TbAu, TbAu3, TbAu4",list_compositions→query_structures→select_for_evaluation→query_structures→query_structures→select_for_evaluation→query_structures→select_for_evaluation→query_structures→select_for_evaluation,"3-site structure with excellent oracle score (-2.2466), Tb2Au is a known stable material from literature with 5 stable discoveries already, smallest u…","Selected Tb2Au1 (reduced formula: Tb2Au, 3 sites, random structure) with oracle score -2.2466 for oracle evaluation. Rationale: Tb2Au is a known stabl…","*   **Enforce Stoichiometry Uniqueness:** Implement a hard limit of one query per unique stoichiometry (e.g., Au5Tb1). If the first structure for a ratio exceeds 0.05 eV/atom, discard the ratio immediately rather than retrying with different structures.
*   **Prioritize Known Phases for Recall:** Dedicate the first 20% of the query budget to explicitly generating and evaluating known Au-Tb intermetallics from literature (e.g., AuTb, Au3Tb) to guarantee a non-zero recall score before exploring novel compositions.
*   **Restrict Unit Cell Size:** Limit structure generation to cells with ≤ 8 sites. Large cells (12-17 sites) previously consumed significant resources without yielding confirmed stable phases and contradict established stability trends.
*   **Target Stricter Energy Thresholds:** Treat structures with e_above_hull > 0.02 eV/atom as unstable for the purpose of stopping conditions. The episode produced several ""stable"" labeled structures (0.03-0.09 eV/atom) that were not counted as successful discoveries.",,
Au-K-Tb,4,32,Au-Tb,Au4 Tb1,binary,★ stable (new!) | 0.016 eV/atom,,,,"Tb3Au2, TbAu, TbAu2, TbAu4",score_buffer→query_structures→select_for_evaluation→query_structures→select_for_evaluation→query_structures→select_for_evaluation→query_structures→select_for_evaluation→query_structures,Best oracle score (-0.1403) among TbAu4 structures. Known stable phase from literature with only 1 stable discovery so far despite 19 structures in bu…,"SELECTED: Tb2Au6 (reduced: TbAu3, 8 sites, random): oracle=-0.4093. Known stable phase from literature with best oracle score among TbAu3 structures. …","*   **Enforce Stoichiometry Uniqueness:** Implement a hard limit of one query per unique stoichiometry (e.g., Au5Tb1). If the first structure for a ratio exceeds 0.05 eV/atom, discard the ratio immediately rather than retrying with different structures.
*   **Prioritize Known Phases for Recall:** Dedicate the first 20% of the query budget to explicitly generating and evaluating known Au-Tb intermetallics from literature (e.g., AuTb, Au3Tb) to guarantee a non-zero recall score before exploring novel compositions.
*   **Restrict Unit Cell Size:** Limit structure generation to cells with ≤ 8 sites. Large cells (12-17 sites) previously consumed significant resources without yielding confirmed stable phases and contradict established stability trends.
*   **Target Stricter Energy Thresholds:** Treat structures with e_above_hull > 0.02 eV/atom as unstable for the purpose of stopping conditions. The episode produced several ""stable"" labeled structures (0.03-0.09 eV/atom) that were not counted as successful discoveries.",,
Au-K-Tb,4,33,Au-Tb,Au2 Tb1,binary,unstable (new!) | 3.177 eV/atom,,,,"Tb2Au, Tb3Au2, TbAu, TbAu2",score_buffer→query_structures→select_for_evaluation→query_structures→select_for_evaluation→query_structures→select_for_evaluation→query_structures→select_for_evaluation→query_structures,"Best oracle score (-2.6139) among TbAu2 structures, known stable material from literature, small 3-site unit cell aligns with stability trends","SELECTED: Tb1Au3 (reduced: TbAu3, 4 sites, random): oracle=-1.2872. Best oracle score (-1.2872) among TbAu3 structures, known stable material from lit…","*   **Enforce Stoichiometry Uniqueness:** Implement a hard limit of one query per unique stoichiometry (e.g., Au5Tb1). If the first structure for a ratio exceeds 0.05 eV/atom, discard the ratio immediately rather than retrying with different structures.
*   **Prioritize Known Phases for Recall:** Dedicate the first 20% of the query budget to explicitly generating and evaluating known Au-Tb intermetallics from literature (e.g., AuTb, Au3Tb) to guarantee a non-zero recall score before exploring novel compositions.
*   **Restrict Unit Cell Size:** Limit structure generation to cells with ≤ 8 sites. Large cells (12-17 sites) previously consumed significant resources without yielding confirmed stable phases and contradict established stability trends.
*   **Target Stricter Energy Thresholds:** Treat structures with e_above_hull > 0.02 eV/atom as unstable for the purpose of stopping conditions. The episode produced several ""stable"" labeled structures (0.03-0.09 eV/atom) that were not counted as successful discoveries.",,
Au-K-Tb,4,34,Au-Tb,Au2 Tb3,binary,unstable (new!) | 0.129 eV/atom,,,,"Tb2Au, Tb3Au2, TbAu",score_buffer→query_structures→select_for_evaluation→generate_structures→generate_structures→score_buffer→query_structures→select_for_evaluation→generate_structures→generate_structures,"Best oracle score (-0.5440) among Tb3Au2 structures; this composition has already proven to yield stable structures (1 found at 0.068 eV/atom), making…",Query Tb2Au structures to identify best candidates for evaluation. Tb2Au has the highest success rate (4 stable structures found) among all compositio…,"*   **Enforce Stoichiometry Uniqueness:** Implement a hard limit of one query per unique stoichiometry (e.g., Au5Tb1). If the first structure for a ratio exceeds 0.05 eV/atom, discard the ratio immediately rather than retrying with different structures.
*   **Prioritize Known Phases for Recall:** Dedicate the first 20% of the query budget to explicitly generating and evaluating known Au-Tb intermetallics from literature (e.g., AuTb, Au3Tb) to guarantee a non-zero recall score before exploring novel compositions.
*   **Restrict Unit Cell Size:** Limit structure generation to cells with ≤ 8 sites. Large cells (12-17 sites) previously consumed significant resources without yielding confirmed stable phases and contradict established stability trends.
*   **Target Stricter Energy Thresholds:** Treat structures with e_above_hull > 0.02 eV/atom as unstable for the purpose of stopping conditions. The episode produced several ""stable"" labeled structures (0.03-0.09 eV/atom) that were not counted as successful discoveries.",,
Au-K-Tb,4,35,Au-Tb,Au3 Tb1,binary,unstable (new!) | 0.118 eV/atom,,,,"Tb3Au2, TbAu, TbAu2, TbAu3",list_compositions→score_buffer→query_structures→select_for_evaluation→query_structures→select_for_evaluation→query_structures→select_for_evaluation→query_structures→select_for_evaluation,Best oracle score (-0.4093) for TbAu3 composition. This is a known stable phase and previous evaluation showed stability (0.0411 eV/atom). Strong orac…,Selected TbAu4 composition structure for oracle evaluation. Rationale: TbAu4 is a known stable phase with 18 structures in buffer but only 3 evaluatio…,"*   **Enforce Stoichiometry Uniqueness:** Implement a hard limit of one query per unique stoichiometry (e.g., Au5Tb1). If the first structure for a ratio exceeds 0.05 eV/atom, discard the ratio immediately rather than retrying with different structures.
*   **Prioritize Known Phases for Recall:** Dedicate the first 20% of the query budget to explicitly generating and evaluating known Au-Tb intermetallics from literature (e.g., AuTb, Au3Tb) to guarantee a non-zero recall score before exploring novel compositions.
*   **Restrict Unit Cell Size:** Limit structure generation to cells with ≤ 8 sites. Large cells (12-17 sites) previously consumed significant resources without yielding confirmed stable phases and contradict established stability trends.
*   **Target Stricter Energy Thresholds:** Treat structures with e_above_hull > 0.02 eV/atom as unstable for the purpose of stopping conditions. The episode produced several ""stable"" labeled structures (0.03-0.09 eV/atom) that were not counted as successful discoveries.",,
Au-K-Tb,4,36,Au-Tb,Au2 Tb1,binary,unstable (new!) | 1.964 eV/atom,,,,"Tb2Au, Tb3Au2, TbAu, TbAu2",score_buffer→query_structures→select_for_evaluation→query_structures→select_for_evaluation→query_structures→select_for_evaluation→query_structures→select_for_evaluation→query_structures,Best predicted stability among TbAu2 structures (-2.0627); known stable material from literature; 3-site structure aligns with small cell preference; …,"SELECTED: Tb1Au3 (reduced: TbAu3, 4 sites, random): oracle=-0.4437. Best predicted stability among TbAu3 structures (-0.4437); known stable material f…","*   **Enforce Stoichiometry Uniqueness:** Implement a hard limit of one query per unique stoichiometry (e.g., Au5Tb1). If the first structure for a ratio exceeds 0.05 eV/atom, discard the ratio immediately rather than retrying with different structures.
*   **Prioritize Known Phases for Recall:** Dedicate the first 20% of the query budget to explicitly generating and evaluating known Au-Tb intermetallics from literature (e.g., AuTb, Au3Tb) to guarantee a non-zero recall score before exploring novel compositions.
*   **Restrict Unit Cell Size:** Limit structure generation to cells with ≤ 8 sites. Large cells (12-17 sites) previously consumed significant resources without yielding confirmed stable phases and contradict established stability trends.
*   **Target Stricter Energy Thresholds:** Treat structures with e_above_hull > 0.02 eV/atom as unstable for the purpose of stopping conditions. The episode produced several ""stable"" labeled structures (0.03-0.09 eV/atom) that were not counted as successful discoveries.",,
Au-K-Tb,4,37,Au-Tb,Au1 Tb2,binary,unstable (new!) | 0.180 eV/atom,,,,"Tb2Au, TbAu, TbAu3, TbAu4",list_compositions→score_buffer→query_structures→select_for_evaluation→query_structures→select_for_evaluation→query_structures→select_for_evaluation→query_structures→select_for_evaluation,"Tb2Au is known stable phase, 3-site unit cell within ≤8 limit, best oracle score (-0.0984), composition already yielded 4 stable structures with e_abo…","I've selected 4 structures for oracle evaluation targeting known stable phases with small unit cells: TbAu (2 sites), TbAu4 (5 sites), TbAu3 (4 sites)…","*   **Enforce Stoichiometry Uniqueness:** Implement a hard limit of one query per unique stoichiometry (e.g., Au5Tb1). If the first structure for a ratio exceeds 0.05 eV/atom, discard the ratio immediately rather than retrying with different structures.
*   **Prioritize Known Phases for Recall:** Dedicate the first 20% of the query budget to explicitly generating and evaluating known Au-Tb intermetallics from literature (e.g., AuTb, Au3Tb) to guarantee a non-zero recall score before exploring novel compositions.
*   **Restrict Unit Cell Size:** Limit structure generation to cells with ≤ 8 sites. Large cells (12-17 sites) previously consumed significant resources without yielding confirmed stable phases and contradict established stability trends.
*   **Target Stricter Energy Thresholds:** Treat structures with e_above_hull > 0.02 eV/atom as unstable for the purpose of stopping conditions. The episode produced several ""stable"" labeled structures (0.03-0.09 eV/atom) that were not counted as successful discoveries.",,
Au-K-Tb,4,38,Au-Tb,Au1 Tb1,binary,unstable (new!) | 0.938 eV/atom,,,,TbAu,list_compositions→query_structures→select_for_evaluation→finish,"TbAu is a known stable material per literature, but previous evaluations were unstable (0.9388, 0.1474 eV/atom). Current buffer shows oracle scores of…","Selected TbAu (Tb1Au1, 2 sites, structure index 0) for oracle evaluation. Rationale: TbAu is a known stable material from literature (per known_stable…","*   **Enforce Stoichiometry Uniqueness:** Implement a hard limit of one query per unique stoichiometry (e.g., Au5Tb1). If the first structure for a ratio exceeds 0.05 eV/atom, discard the ratio immediately rather than retrying with different structures.
*   **Prioritize Known Phases for Recall:** Dedicate the first 20% of the query budget to explicitly generating and evaluating known Au-Tb intermetallics from literature (e.g., AuTb, Au3Tb) to guarantee a non-zero recall score before exploring novel compositions.
*   **Restrict Unit Cell Size:** Limit structure generation to cells with ≤ 8 sites. Large cells (12-17 sites) previously consumed significant resources without yielding confirmed stable phases and contradict established stability trends.
*   **Target Stricter Energy Thresholds:** Treat structures with e_above_hull > 0.02 eV/atom as unstable for the purpose of stopping conditions. The episode produced several ""stable"" labeled structures (0.03-0.09 eV/atom) that were not counted as successful discoveries.",,
Au-K-Tb,4,39,Au-Tb,Au2 Tb1,binary,unstable (new!) | 0.163 eV/atom,,,,"Tb2Au2, Tb2Au4, Tb3Au3, Tb3Au6, Tb4Au4, Tb5Au5, TbAu2",list_compositions→query_structures→generate_structures→score_buffer→score_buffer→query_structures→select_for_evaluation→generate_structures→score_buffer→score_buffer,"Best oracle score (-0.1043) for known stable phase TbAu2 with larger unit cell (9 sites); previously all TbAu2 structures were unstable, this new comp…","Selected Tb1Au2 (TbAu2 composition, 3 sites, random) with oracle=-0.0078 for oracle evaluation. This is the second-best predicted structure for the kn…","*   **Enforce Stoichiometry Uniqueness:** Implement a hard limit of one query per unique stoichiometry (e.g., Au5Tb1). If the first structure for a ratio exceeds 0.05 eV/atom, discard the ratio immediately rather than retrying with different structures.
*   **Prioritize Known Phases for Recall:** Dedicate the first 20% of the query budget to explicitly generating and evaluating known Au-Tb intermetallics from literature (e.g., AuTb, Au3Tb) to guarantee a non-zero recall score before exploring novel compositions.
*   **Restrict Unit Cell Size:** Limit structure generation to cells with ≤ 8 sites. Large cells (12-17 sites) previously consumed significant resources without yielding confirmed stable phases and contradict established stability trends.
*   **Target Stricter Energy Thresholds:** Treat structures with e_above_hull > 0.02 eV/atom as unstable for the purpose of stopping conditions. The episode produced several ""stable"" labeled structures (0.03-0.09 eV/atom) that were not counted as successful discoveries.",,
Au-K-Tb,4,40,Au-Tb,Au2 Tb1,binary,★ stable (new!) | 0.000 eV/atom,,,,"Tb3Au2, TbAu, TbAu2",list_compositions→score_buffer→query_structures→select_for_evaluation→get_buffer_stats→query_structures→select_for_evaluation→query_structures→select_for_evaluation→query_structures,Best oracle score (-0.0300) among TbAu2 structures; TbAu2 is a known stable phase from literature that hasn't yielded stable structures yet (only 1 of…,"SELECTED: Tb2Au1 (reduced: Tb2Au, 3 sites, random): oracle=-0.3993. Best oracle score (-0.3993) among all compositions in buffer; Tb2Au is a known sta…","*   **Enforce Stoichiometry Uniqueness:** Implement a hard limit of one query per unique stoichiometry (e.g., Au5Tb1). If the first structure for a ratio exceeds 0.05 eV/atom, discard the ratio immediately rather than retrying with different structures.
*   **Prioritize Known Phases for Recall:** Dedicate the first 20% of the query budget to explicitly generating and evaluating known Au-Tb intermetallics from literature (e.g., AuTb, Au3Tb) to guarantee a non-zero recall score before exploring novel compositions.
*   **Restrict Unit Cell Size:** Limit structure generation to cells with ≤ 8 sites. Large cells (12-17 sites) previously consumed significant resources without yielding confirmed stable phases and contradict established stability trends.
*   **Target Stricter Energy Thresholds:** Treat structures with e_above_hull > 0.02 eV/atom as unstable for the purpose of stopping conditions. The episode produced several ""stable"" labeled structures (0.03-0.09 eV/atom) that were not counted as successful discoveries.",,
Au-K-Tb,4,41,Au-Tb,Au1 Tb1,binary,unstable (new!) | 0.160 eV/atom,,,,"Tb3Au2, TbAu, TbAu3",list_compositions→query_structures→select_for_evaluation→query_structures→select_for_evaluation→query_structures→select_for_evaluation→query_structures→select_for_evaluation→query_structures,TbAu is a known stable phase not yet discovered; best remaining oracle score (-0.1342) with 6-site structure fits unit cell constraint; previous TbAu …,"SELECTED: Tb2Au4 (reduced: TbAu2, 6 sites, random): oracle=-0.0958. TbAu2 has proven stability potential (1 stable discovery at 0.0001 eV); best oracl…","*   **Enforce Stoichiometry Uniqueness:** Implement a hard limit of one query per unique stoichiometry (e.g., Au5Tb1). If the first structure for a ratio exceeds 0.05 eV/atom, discard the ratio immediately rather than retrying with different structures.
*   **Prioritize Known Phases for Recall:** Dedicate the first 20% of the query budget to explicitly generating and evaluating known Au-Tb intermetallics from literature (e.g., AuTb, Au3Tb) to guarantee a non-zero recall score before exploring novel compositions.
*   **Restrict Unit Cell Size:** Limit structure generation to cells with ≤ 8 sites. Large cells (12-17 sites) previously consumed significant resources without yielding confirmed stable phases and contradict established stability trends.
*   **Target Stricter Energy Thresholds:** Treat structures with e_above_hull > 0.02 eV/atom as unstable for the purpose of stopping conditions. The episode produced several ""stable"" labeled structures (0.03-0.09 eV/atom) that were not counted as successful discoveries.",,
Au-K-Tb,4,42,Au-Tb,Au2 Tb1,binary,unstable (new!) | 0.230 eV/atom,,,,"Tb2Au6, Tb3Au2, Tb3Au9, TbAu, TbAu2, TbAu3",list_compositions→generate_structures→query_structures→select_for_evaluation→query_structures→select_for_evaluation→query_structures→select_for_evaluation→query_structures→select_for_evaluation,Best oracle score (-0.0958) for known stable phase TbAu2; previous Tb2Au4 structure was stable (0.0001 eV/atom); different structure may also be stabl…,**Actions Taken:** 1. Generated 2 new chemeleon structures for TbAu3 (known stable phase) 2. Selected 4 structures for oracle evaluation based on best…,"*   **Enforce Stoichiometry Uniqueness:** Implement a hard limit of one query per unique stoichiometry (e.g., Au5Tb1). If the first structure for a ratio exceeds 0.05 eV/atom, discard the ratio immediately rather than retrying with different structures.
*   **Prioritize Known Phases for Recall:** Dedicate the first 20% of the query budget to explicitly generating and evaluating known Au-Tb intermetallics from literature (e.g., AuTb, Au3Tb) to guarantee a non-zero recall score before exploring novel compositions.
*   **Restrict Unit Cell Size:** Limit structure generation to cells with ≤ 8 sites. Large cells (12-17 sites) previously consumed significant resources without yielding confirmed stable phases and contradict established stability trends.
*   **Target Stricter Energy Thresholds:** Treat structures with e_above_hull > 0.02 eV/atom as unstable for the purpose of stopping conditions. The episode produced several ""stable"" labeled structures (0.03-0.09 eV/atom) that were not counted as successful discoveries.",,
Au-K-Tb,4,43,Au-Tb,Au3 Tb1,binary,unstable (new!) | 2.481 eV/atom,,,,TbAu3,list_compositions→query_structures→select_for_evaluation→finish,TbAu3 is a known stable phase from literature with only 1 unstable evaluation (0.1176 eV/atom). This 4-site structure has the best oracle score (-1.84…,"Selected TbAu3 (structure index 7, 4-site unit cell) for oracle evaluation. Rationale: TbAu3 is a known stable phase from literature that only had 1 u…","*   **Enforce Stoichiometry Uniqueness:** Implement a hard limit of one query per unique stoichiometry (e.g., Au5Tb1). If the first structure for a ratio exceeds 0.05 eV/atom, discard the ratio immediately rather than retrying with different structures.
*   **Prioritize Known Phases for Recall:** Dedicate the first 20% of the query budget to explicitly generating and evaluating known Au-Tb intermetallics from literature (e.g., AuTb, Au3Tb) to guarantee a non-zero recall score before exploring novel compositions.
*   **Restrict Unit Cell Size:** Limit structure generation to cells with ≤ 8 sites. Large cells (12-17 sites) previously consumed significant resources without yielding confirmed stable phases and contradict established stability trends.
*   **Target Stricter Energy Thresholds:** Treat structures with e_above_hull > 0.02 eV/atom as unstable for the purpose of stopping conditions. The episode produced several ""stable"" labeled structures (0.03-0.09 eV/atom) that were not counted as successful discoveries.",,
Au-K-Tb,4,44,Au-Tb,Au4 Tb1,binary,★ stable (new!) | 0.025 eV/atom,,,,"Tb3Au2, TbAu, TbAu3, TbAu4",list_compositions→query_structures→select_for_evaluation→query_structures→select_for_evaluation→query_structures→select_for_evaluation→query_structures→select_for_evaluation→query_structures,TbAu4 chemeleon-generated structure with exceptional oracle score (-inf) and small unit cell (5 sites). Previous TbAu4 stable discovery was 0.0161 eV/…,"Selected TbAu2 (Tb2Au4, 6 sites, random) with oracle score -0.0961 for evaluation. This structure represents a known stable phase (TbAu2) with the bes…","*   **Enforce Stoichiometry Uniqueness:** Implement a hard limit of one query per unique stoichiometry (e.g., Au5Tb1). If the first structure for a ratio exceeds 0.05 eV/atom, discard the ratio immediately rather than retrying with different structures.
*   **Prioritize Known Phases for Recall:** Dedicate the first 20% of the query budget to explicitly generating and evaluating known Au-Tb intermetallics from literature (e.g., AuTb, Au3Tb) to guarantee a non-zero recall score before exploring novel compositions.
*   **Restrict Unit Cell Size:** Limit structure generation to cells with ≤ 8 sites. Large cells (12-17 sites) previously consumed significant resources without yielding confirmed stable phases and contradict established stability trends.
*   **Target Stricter Energy Thresholds:** Treat structures with e_above_hull > 0.02 eV/atom as unstable for the purpose of stopping conditions. The episode produced several ""stable"" labeled structures (0.03-0.09 eV/atom) that were not counted as successful discoveries.",,
Au-K-Tb,4,45,Au-Tb,Au3 Tb1,binary,unstable (new!) | 1.554 eV/atom,,,,TbAu3,list_compositions→query_structures→query_structures→query_structures→select_for_evaluation→finish,TbAu3 is a KNOWN stable phase from literature; structure has 4 sites (small cell per reflections) and best oracle score (-1.2872); high priority for r…,"Selected TbAu3 structure (index 4, 4 sites, oracle=-1.2872) for oracle evaluation. Rationale: TbAu3 is a KNOWN stable phase from literature that hasn'…","*   **Enforce Stoichiometry Uniqueness:** Implement a hard limit of one query per unique stoichiometry (e.g., Au5Tb1). If the first structure for a ratio exceeds 0.05 eV/atom, discard the ratio immediately rather than retrying with different structures.
*   **Prioritize Known Phases for Recall:** Dedicate the first 20% of the query budget to explicitly generating and evaluating known Au-Tb intermetallics from literature (e.g., AuTb, Au3Tb) to guarantee a non-zero recall score before exploring novel compositions.
*   **Restrict Unit Cell Size:** Limit structure generation to cells with ≤ 8 sites. Large cells (12-17 sites) previously consumed significant resources without yielding confirmed stable phases and contradict established stability trends.
*   **Target Stricter Energy Thresholds:** Treat structures with e_above_hull > 0.02 eV/atom as unstable for the purpose of stopping conditions. The episode produced several ""stable"" labeled structures (0.03-0.09 eV/atom) that were not counted as successful discoveries.",,
Au-K-Tb,4,46,Au-Tb,Au2 Tb3,binary,unstable (new!) | 0.813 eV/atom,,,,"Tb2Au, Tb3Au2, TbAu, TbAu3",list_compositions→query_structures→query_structures→select_for_evaluation→query_structures→select_for_evaluation→select_for_evaluation→query_structures→select_for_evaluation→query_structures,"Tb3Au2 with best oracle score (-0.7667) and 5-site unit cell; previous evaluations were 0.1285/0.1287 eV/atom (just above 0.1 threshold), strong candi…","Selected Tb3Au2 (structure index 5, 5 sites, oracle=-0.7667) for oracle evaluation. This composition had previous evaluations at 0.1285 and 0.1287 eV/…","*   **Enforce Stoichiometry Uniqueness:** Implement a hard limit of one query per unique stoichiometry (e.g., Au5Tb1). If the first structure for a ratio exceeds 0.05 eV/atom, discard the ratio immediately rather than retrying with different structures.
*   **Prioritize Known Phases for Recall:** Dedicate the first 20% of the query budget to explicitly generating and evaluating known Au-Tb intermetallics from literature (e.g., AuTb, Au3Tb) to guarantee a non-zero recall score before exploring novel compositions.
*   **Restrict Unit Cell Size:** Limit structure generation to cells with ≤ 8 sites. Large cells (12-17 sites) previously consumed significant resources without yielding confirmed stable phases and contradict established stability trends.
*   **Target Stricter Energy Thresholds:** Treat structures with e_above_hull > 0.02 eV/atom as unstable for the purpose of stopping conditions. The episode produced several ""stable"" labeled structures (0.03-0.09 eV/atom) that were not counted as successful discoveries.",,
Au-K-Tb,4,47,Au-Tb,Au2 Tb1,binary,unstable (new!) | 1.068 eV/atom,,,,"Tb2Au, TbAu, TbAu2, TbAu3",list_compositions→query_structures→select_for_evaluation→query_structures→select_for_evaluation→query_structures→select_for_evaluation→query_structures→select_for_evaluation→query_structures,Known stable phase TbAu2 with best oracle score (-0.0961) and 6-site unit cell within size limit; already found 1 stable structure in this composition,"Selected Tb1Au4 (reduced: TbAu4, 5 sites, random) with oracle=-0.0364 for evaluation. This is a known stable phase where we've already found 2 stable …","*   **Enforce Stoichiometry Uniqueness:** Implement a hard limit of one query per unique stoichiometry (e.g., Au5Tb1). If the first structure for a ratio exceeds 0.05 eV/atom, discard the ratio immediately rather than retrying with different structures.
*   **Prioritize Known Phases for Recall:** Dedicate the first 20% of the query budget to explicitly generating and evaluating known Au-Tb intermetallics from literature (e.g., AuTb, Au3Tb) to guarantee a non-zero recall score before exploring novel compositions.
*   **Restrict Unit Cell Size:** Limit structure generation to cells with ≤ 8 sites. Large cells (12-17 sites) previously consumed significant resources without yielding confirmed stable phases and contradict established stability trends.
*   **Target Stricter Energy Thresholds:** Treat structures with e_above_hull > 0.02 eV/atom as unstable for the purpose of stopping conditions. The episode produced several ""stable"" labeled structures (0.03-0.09 eV/atom) that were not counted as successful discoveries.",,
Au-K-Tb,4,48,Au-Tb,Au2 Tb3,binary,unstable (new!) | 0.630 eV/atom,,,,"Tb2Au, Tb3Au2, TbAu, TbAu3",list_compositions→query_structures→select_for_evaluation→query_structures→select_for_evaluation→query_structures→select_for_evaluation→query_structures→select_for_evaluation→get_buffer_stats,Best surrogate score (-0.5636) among Tb3Au2 structures; known stable phase from literature that hasn't yielded stable structures yet in our evaluation…,"Selected 4 high-priority known stable phases for oracle evaluation: TbAu3 (structure 2, -0.0893 surrogate), Tb2Au (structure 4, -0.3996), TbAu (struct…","*   **Enforce Stoichiometry Uniqueness:** Implement a hard limit of one query per unique stoichiometry (e.g., Au5Tb1). If the first structure for a ratio exceeds 0.05 eV/atom, discard the ratio immediately rather than retrying with different structures.
*   **Prioritize Known Phases for Recall:** Dedicate the first 20% of the query budget to explicitly generating and evaluating known Au-Tb intermetallics from literature (e.g., AuTb, Au3Tb) to guarantee a non-zero recall score before exploring novel compositions.
*   **Restrict Unit Cell Size:** Limit structure generation to cells with ≤ 8 sites. Large cells (12-17 sites) previously consumed significant resources without yielding confirmed stable phases and contradict established stability trends.
*   **Target Stricter Energy Thresholds:** Treat structures with e_above_hull > 0.02 eV/atom as unstable for the purpose of stopping conditions. The episode produced several ""stable"" labeled structures (0.03-0.09 eV/atom) that were not counted as successful discoveries.",,
Au-K-Tb,4,49,Au-Tb,Au2 Tb3,binary,unstable (new!) | 0.201 eV/atom,,,,"Tb3Au2, TbAu, TbAu3",list_compositions→score_buffer→query_structures→select_for_evaluation→generate_structures→score_buffer→query_structures→select_for_evaluation→query_structures→select_for_evaluation,Consistent oracle score (-0.0253) with 5 sites; under-explored composition showing promise in evaluation history; meets ≤8 sites constraint from prior…,"**Actions Taken:** 1. Queued Tb4Au4 (8 sites, oracle=-0.0571) for oracle evaluation - targets known stable TbAu stoichiometry 2. Queued Tb1Au1 (2 site…","*   **Enforce Stoichiometry Uniqueness:** Implement a hard limit of one query per unique stoichiometry (e.g., Au5Tb1). If the first structure for a ratio exceeds 0.05 eV/atom, discard the ratio immediately rather than retrying with different structures.
*   **Prioritize Known Phases for Recall:** Dedicate the first 20% of the query budget to explicitly generating and evaluating known Au-Tb intermetallics from literature (e.g., AuTb, Au3Tb) to guarantee a non-zero recall score before exploring novel compositions.
*   **Restrict Unit Cell Size:** Limit structure generation to cells with ≤ 8 sites. Large cells (12-17 sites) previously consumed significant resources without yielding confirmed stable phases and contradict established stability trends.
*   **Target Stricter Energy Thresholds:** Treat structures with e_above_hull > 0.02 eV/atom as unstable for the purpose of stopping conditions. The episode produced several ""stable"" labeled structures (0.03-0.09 eV/atom) that were not counted as successful discoveries.",,"*   **Fix Stability Counting Threshold**: Ensure structures with e_above_hull < 0.05 eV/atom are counted as stable; the episode found 3 such structures (#3, #11, #15) but outcome reported 0. Verify oracle threshold alignment.
*   **Limit Stoichiometry Redundancy**: Cap queries per unique stoichiometry at 3 attempts. If all exceed 0.1 eV/atom, abandon that ratio rather than continuing (e.g., Au2Tb1 was queried 6 times with 1 success).
*   **Prioritize Proven Ratios**: Concentrate 60%+ of queries on Au4Tb1 and Au2Tb1 ratios which produced stable structures, rather than exploring low-yield compositions like Au1Tb2 (all >0.17 eV/atom).
*   **Restrict Unit Cell Size**: Limit generation to ≤6 sites; 8-9 site cells (#10) consumed resources without yielding stable phases. Successful structures (#3, #11, #15) had 5-6 sites.
*   **Maintain K-Exclusion**: Confirm K is completely removed from search space; prior episodes showed all K-ternaries were highly unstable (>0.15 eV/atom)."
Mg-Sn-Sr,0,0,Mg-Sn-Sr,Mg1 Sn1 Sr3,ternary,unstable (new!) | 0.184 eV/atom,✓,Mg1 Sn1 Sr3,"MgSn2, SrSn3, Sr2Sn, SrSn, SrMgSn, SrSn2, Sr3MgSn, SrMg2Sn, Mg2Sn3","Mg2Sn, Mg2Sn2, Mg2Sn3, MgSn, MgSn2, Sr2Sn, Sr2Sn2, Sr3MgSn, SrMg2Sn, SrMgSn, SrSn, SrSn2, SrSn3",generate_structures→list_compositions→score_buffer→select_for_evaluation→generate_structures→score_buffer→select_for_evaluation→select_for_evaluation→list_compositions→score_buffer,Selecting Sr3MgSn structure with second-best oracle score (-0.0849) for ground-truth evaluation. This composition also shows promising stability predi…,"Selecting Sr3MgSn structure (index 0) for oracle evaluation. This composition has the best oracle score (-0.1213) among all remaining candidates, whic…",,,
Mg-Sn-Sr,0,1,Mg-Sn-Sr,Mg2 Sn1 Sr1,ternary,unstable (new!) | 0.192 eV/atom,✓,Mg2 Sn1 Sr1,,SrMg2Sn,score_buffer→query_structures→select_for_evaluation→finish,Best oracle score (-0.1077) among unevaluated compositions; close to known stable SrMgSn ternary,"Action: Selected Sr1Mg2Sn1 (reduced formula: SrMg2Sn, 4 sites, chemeleon source) for oracle evaluation. Rationale: - Oracle scorer identified SrMg2Sn …",,,
Mg-Sn-Sr,0,2,Sn-Sr,Sn3 Sr1,binary,★ stable (new!) | 0.079 eV/atom,✓,Sn3 Sr1,,"MgSn2, Sr2Sn, SrSn, SrSn3",score_buffer→query_structures→select_for_evaluation→list_compositions→query_structures→select_for_evaluation→query_structures→select_for_evaluation→query_structures→select_for_evaluation,SrSn3 is a known stable binary material; evaluating to get ground truth and potentially find another stable structure,Actions taken: 1. Scored buffer with oracle scorer - most compositions had -inf scores except Sr3MgSn (-0.1213) 2. Selected 4 structures for oracle ev…,,,
Mg-Sn-Sr,0,3,Mg-Sn,Mg1 Sn2,binary,★ stable (new!) | 0.059 eV/atom,✓,Mg1 Sn2,,"MgSn2, SrSn, SrSn2",score_buffer→query_structures→query_structures→select_for_evaluation→get_buffer_stats→query_structures→select_for_evaluation→query_structures→select_for_evaluation→query_structures,"MgSn2 is a known stable material from phase diagram, selecting the only unevaluated structure for oracle evaluation","Selected Sr2Sn1 (reduced: Sr2Sn, 3 sites, chemeleon) for oracle evaluation. Sr2Sn is a known stable material from the phase diagram, making it a high-…",,,
Mg-Sn-Sr,0,4,Mg-Sn-Sr,Mg1 Sn1 Sr1,ternary,unstable (new!) | 0.129 eV/atom,✓,Mg1 Sn1 Sr1,,"Mg2Sn3, Sr2Sn, SrMgSn",score_buffer→query_structures→select_for_evaluation→query_structures→select_for_evaluation→query_structures→select_for_evaluation→query_structures→select_for_evaluation→query_structures,"SrMgSn is explicitly listed as a known stable material in the phase diagram, high priority for evaluation","SELECTED: Sr1Sn2 (reduced: SrSn2, 3 sites, chemeleon): oracle=-inf. SrSn is a known stable material in the phase diagram, making SrSn2 a high-priority…",,,
Mg-Sn-Sr,0,5,Sn-Sr,Sn5 Sr3,binary,unstable (new!) | 0.117 eV/atom,✓,Sn5 Sr3,"Mg2Sn, Sr3Sn5, Sr5Sn3, SrMg2","Mg2Sn, MgSn2, Sr2Sn, Sr3Sn5, Sr5Sn3, SrMg2, SrSn, SrSn2, SrSn3",generate_structures→score_buffer→select_for_evaluation→list_compositions→select_for_evaluation→select_for_evaluation→select_for_evaluation→select_for_evaluation→select_for_evaluation→list_compositions,"Known stable material from phase diagram, unevaluated in buffer, good candidate for novel stable discovery","Selected SrMg2 (reduced: SrMg2, chemeleon) for oracle evaluation. This is a known stable material from the phase diagram that hasn't been evaluated ye…",,,
Mg-Sn-Sr,0,6,Mg-Sn-Sr,Mg1 Sn1 Sr3,ternary,unstable (new!) | 0.228 eV/atom,,,,"Mg2Sn, MgSn, Sr2Sn, Sr3MgSn, Sr5Sn3, SrSn",generate_structures→score_buffer→select_for_evaluation→generate_structures→score_buffer→select_for_evaluation→generate_structures→score_buffer→query_structures→generate_structures,"Best oracle score (-0.1213) indicating predicted stability, also matches known stable material SrMgSn",Action plan: 1. Score the buffer with oracle scorer to identify promising candidates from the newly generated Mg2Sn and MgSn structures 2. Select the …,,,
Mg-Sn-Sr,0,7,Mg-Sn,Mg2 Sn1,binary,★ stable (new!) | 0.088 eV/atom,✓,Mg2 Sn1,,"Mg2Sn, Sr2Sn, SrMg2, SrSn",list_compositions→query_structures→select_for_evaluation→query_structures→select_for_evaluation→query_structures→select_for_evaluation→query_structures→select_for_evaluation→get_buffer_stats,"Mg2Sn is a known stable material with 1 structure available in buffer, not yet evaluated. High priority for oracle evaluation to confirm stability and…","SELECTED: Sr2Sn1 (reduced: Sr2Sn, 3 sites, chemeleon). This is structure index 1 from the Sr2Sn composition, which is a known stable material with 3 r…",,,
Mg-Sn-Sr,0,8,Sn-Sr,Sn1 Sr2,binary,★ stable (new!) | 0.027 eV/atom,✓,Sn1 Sr2,,"Mg2Sn, MgSn, MgSn2, Sr2Sn, Sr3MgSn, Sr5Sn3, SrMg2, SrMgSn, SrSn",list_compositions→generate_structures→score_buffer→select_for_evaluation→score_buffer→select_for_evaluation→score_buffer→query_structures→select_for_evaluation→select_for_evaluation,Known stable material from phase diagram; first of 3 structures available in buffer,Selected SrMg2 (index 0) for oracle evaluation - this is a known stable material from the phase diagram with 1 structure in buffer that hasn't been ev…,,,
Mg-Sn-Sr,0,9,Sn-Sr,Sn1 Sr1,binary,★ stable (new!) | 0.093 eV/atom,✓,Sn1 Sr1,,"MgSn, Sr3Sn5, Sr5Sn3, SrMg2, SrMgSn, SrSn",get_buffer_stats→generate_structures→score_buffer→query_structures→select_for_evaluation→generate_structures→score_buffer→query_structures→select_for_evaluation→generate_structures,"SrSn is a known stable material from phase diagram, has 6 structures in buffer, none evaluated yet. Starting with index 0 to test stability.","Scored 22 structures with oracle scorer to identify promising candidates. Buffer now contains structures for 6 compositions: MgSn2, Sr2Sn, Sr3Sn5, Sr5…",,,
Mg-Sn-Sr,0,10,Sn-Sr,Sn1 Sr1,binary,★ stable | 0.093 eV/atom,,,,"Sr3Sn5, Sr5Sn3, SrMg2, SrSn",score_buffer→query_structures→select_for_evaluation→query_structures→query_structures→select_for_evaluation→query_structures→select_for_evaluation→query_structures→select_for_evaluation,SrSn is a known stable material from phase diagram; 5 structures in buffer not yet evaluated; continuing strategy of prioritizing known stable composi…,Selected SrMg2 structure index 1 for oracle evaluation. Reason: SrMg2 is a known stable material from the phase diagram with 7 remaining structures in…,,,
Mg-Sn-Sr,0,11,Sn-Sr,Sn1 Sr2,binary,★ stable | 0.027 eV/atom,,,,"Mg2Sn, MgSn, MgSn2, Sr2Sn, SrMg2, SrSn",query_structures→select_for_evaluation→generate_structures→list_compositions→query_structures→select_for_evaluation→query_structures→select_for_evaluation→query_structures→select_for_evaluation,Sr2Sn is a known stable material with 2 unevaluated structures; binary compositions have shown excellent stability in previous evaluations,Querying Sr3Sn5 composition structures and selecting structure index 0 for oracle evaluation. Sr3Sn5 is a known stable material from the phase diagram…,,,
Mg-Sn-Sr,0,12,Mg-Sr,Mg2 Sr1,binary,★ stable (new!) | 0.076 eV/atom,✓,Mg2 Sr1,,SrMg2,query_structures→score_buffer→select_for_evaluation→finish,SrMg2 is in known_stable_materials list but none of its 6 buffer structures have been evaluated yet. Different structures for same composition can hav…,Actions taken: (1) Analyzed evaluation history to identify stable/unstable compositions; (2) Queried buffer structures for SrMg2 composition revealing…,,,
Mg-Sn-Sr,0,13,Mg-Sn,Mg1 Sn1,binary,★ stable (new!) | 0.000 eV/atom,✓,Mg1 Sn1,MgSn,"Mg2Sn2, Mg3Sn3, MgSn, Sr10Sn6, Sr2Mg2Sn2, Sr5Sn3, SrMgSn",list_compositions→generate_structures→score_buffer→query_structures→select_for_evaluation→query_structures→generate_structures→query_structures→select_for_evaluation→list_compositions,Known stable material (MgSn) with unexplored structure - high priority for novel stable discovery,"I've discovered 6 novel stable structures and have 2 pending oracle evaluations (Sr5Sn3 and MgSn, both known stable materials). The buffer has 20 stru…",,,
Mg-Sn-Sr,0,14,Mg-Sn,Mg1 Sn2,binary,★ stable (new!) | 0.048 eV/atom,,,,"MgSn2, Sr3Sn5, SrMg2, SrSn",list_compositions→query_structures→select_for_evaluation→query_structures→select_for_evaluation→query_structures→select_for_evaluation→query_structures→select_for_evaluation→query_structures,MgSn2 is in known_stable_materials list. One previous structure evaluated was STABLE (e_above_hull=0.0592). 3 unevaluated structures remain with high …,"SELECTED: Sr5Sn3 (reduced: Sr5Sn3, 8 sites, chemeleon): oracle=-inf. Sr5Sn3 is in known_stable_materials list. One previous structure evaluated was un…",,,
Mg-Sn-Sr,0,15,Mg-Sn-Sr,Mg1 Sn2 Sr3,ternary,unstable (new!) | 0.185 eV/atom,✓,Mg1 Sn2 Sr3,"Sr3MgSn2, Sr2MgSn, Sr(MgSn)2","Sr2MgSn, Sr3MgSn2, Sr5Sn3, SrMg2Sn2",list_compositions→query_structures→select_for_evaluation→get_buffer_stats→list_compositions→generate_structures→score_buffer→query_structures→select_for_evaluation→query_structures,Best oracle score (-0.0492) among unselected structures - promising ternary composition that could be stable despite previous ternary failures,"Selected Sr3Sn5 (structure index 0, 8 sites, chemeleon) for oracle evaluation. Rationale: Sr3Sn5 is a known stable composition from the phase diagram …",,,
Mg-Sn-Sr,0,16,Mg-Sn-Sr,Mg2 Sn2 Sr1,ternary,★ stable (new!) | 0.000 eV/atom,✓,Mg2 Sn2 Sr1,,"MgSn, Sr(MgSn)2, Sr2MgSn, Sr2Sn, Sr5Sn3, SrMg2, SrSn",list_compositions→score_buffer→select_for_evaluation→query_structures→select_for_evaluation→list_compositions→query_structures→select_for_evaluation→generate_structures→list_compositions,Only unevaluated composition in buffer; ternary composition not yet tested,"SELECTED: SrMg2 (reduced: SrMg2, 3 sites, chemeleon): oracle=-inf. Exploiting successful binary composition SrMg2 which showed stability in entry 13 (…",,,
Mg-Sn-Sr,0,17,Sn-Sr,Sn5 Sr3,binary,★ stable (new!) | 0.071 eV/atom,,,,"Sr3Sn5, Sr5Sn3",list_compositions→query_structures→select_for_evaluation→query_structures→query_structures→get_buffer_stats→score_buffer→query_structures→select_for_evaluation→query_structures,Known stable material Sr3Sn5 with 2 unevaluated structures remaining. Previous evaluation was close to stable (0.1165 vs 0.1 threshold). High potentia…,"SELECTED: SrMg2 (reduced: SrMg2, 3 sites, chemeleon): oracle=-inf, diversity=0.0000. Known stable composition with 3 unevaluated structures remaining.…",,,
Mg-Sn-Sr,0,18,Mg-Sn-Sr,Mg1 Sn1 Sr1,ternary,★ stable (new!) | 0.066 eV/atom,,,,"Sr2Sn, Sr5Sn3, SrMg2, SrMgSn",list_compositions→query_structures→score_buffer→select_for_evaluation→query_structures→select_for_evaluation→query_structures→select_for_evaluation→get_buffer_stats→select_for_evaluation,SrMgSn is in known stable materials list but not yet evaluated from buffer. High probability of stable discovery. Only 1 structure available in buffer…,"Selected MgSn2 (reduced: MgSn2, 3 sites, chemeleon) for oracle evaluation. MgSn2 has the best stability record in evaluation history (e_above_hull=0.0…",,,
Mg-Sn-Sr,0,19,Sn-Sr,Sn1 Sr1,binary,★ stable | 0.093 eV/atom,,,,"MgSn2, SrMg2, SrSn",get_buffer_stats→score_buffer→list_compositions→query_structures→select_for_evaluation→select_for_evaluation→query_structures→select_for_evaluation→query_structures→select_for_evaluation,SrSn has shown stability in history (0.0933 e_above_hull). Selecting first unevaluated structure from this composition to continue maximizing stable m…,"Actions taken: Selected 3 structures for oracle evaluation from the buffer - MgSn2 (index 0), SrMg2 (index 0), and SrSn (index 0). All selections were…",,,
Mg-Sn-Sr,0,20,Sn-Sr,Sn3 Sr5,binary,unstable (new!) | 0.141 eV/atom,✓,Sn3 Sr5,"SrMgSn2, Sr2MgSn2, SrMg3Sn, Sr4Sn3, SrMg3Sn2, Sr3Sn2, Sr2Mg3Sn2, Sr3Mg2Sn, Sr2MgSn3","Mg2Sn2, Mg3Sn2Sr2, Sr2Mg2Sn2, Sr2MgSn, Sr2MgSn2, Sr2MgSn3, Sr2Sn2, Sr3Mg2Sn, Sr3MgSn, Sr3MgSn2, Sr3Sn9, Sr4Sn3, Sr5Sn3, Sr6Sn4, SrMg2Sn, SrMg2Sn2, SrMg3Sn, SrMg3Sn2, SrMgSn2",generate_structures→score_buffer→select_for_evaluation→generate_structures→score_buffer→select_for_evaluation→generate_structures→score_buffer→select_for_evaluation→generate_structures,"Best oracle score (-0.0050) among unselected compositions; Sr5Sn3 is a known stable material on the phase diagram, so novel structures here have high …",Selected Sr6Sn4 for oracle evaluation (oracle score -0.0421). This is the best unselected candidate after the three already in evaluation queue (SrMg2…,,,
Mg-Sn-Sr,0,21,Mg-Sn-Sr,Mg2 Sn1 Sr1,ternary,unstable (new!) | 0.271 eV/atom,,,,SrMg2Sn,score_buffer→query_structures→select_for_evaluation→finish,"Best oracle score (-0.1203) among all compositions, most promising candidate for novel stable discovery","Actions taken: (1) Scored all 41 buffer structures with oracle scorer, (2) Identified SrMg2Sn as top candidate with best score (-0.1203), (3) Queried …",,,
Mg-Sn-Sr,0,22,Mg-Sn-Sr,Mg1 Sn1 Sr2,ternary,★ stable (new!) | 0.069 eV/atom,✓,Mg1 Sn1 Sr2,,"Sr2MgSn, Sr3Mg2Sn",score_buffer→query_structures→query_structures→select_for_evaluation→query_structures→select_for_evaluation→list_compositions→query_structures→select_for_evaluation→query_structures,Second best oracle score (-0.0200) among remaining Sr2MgSn structures; continuing to explore this promising ternary composition,"SELECTED: Sr3Mg2Sn1 (reduced: Sr3Mg2Sn, 6 sites, chemeleon): oracle=-0.0182. This is the first Sr3Mg2Sn structure to be evaluated; both remaining stru…",,,
Mg-Sn-Sr,0,23,Mg-Sn-Sr,Mg3 Sn2 Sr2,ternary,unstable (new!) | 0.107 eV/atom,✓,Mg3 Sn2 Sr2,,"Sr2Mg3Sn2, Sr3Mg2Sn, Sr3MgSn, SrMgSn2",list_compositions→score_buffer→query_structures→select_for_evaluation→query_structures→select_for_evaluation→query_structures→select_for_evaluation→query_structures→select_for_evaluation,"Ternary composition with 3 structures available. Similar to successful Sr-Mg-Sn ternaries (SrMgSn, Sr(MgSn)2, Sr2MgSn, Sr3MgSn, Sr3Mg2Sn) that yielded…","SELECTED: Sr2MgSn3 (reduced: Sr2MgSn3, 7 sites, chemeleon). Ternary composition with 3 structures available, not yet evaluated in history. Following s…",,,
Mg-Sn-Sr,0,24,Mg-Sn-Sr,Mg3 Sn1 Sr1,ternary,★ stable (new!) | 0.088 eV/atom,✓,Mg3 Sn1 Sr1,,"Sr2MgSn3, Sr3Sn2, SrMg3Sn, SrMgSn2",list_compositions→query_structures→select_for_evaluation→query_structures→select_for_evaluation→query_structures→select_for_evaluation→query_structures→select_for_evaluation→query_structures,"Fourth unevaluated ternary composition with 2 available structures, systematic exploration of ternary phase space","SELECTED: Sr2Mg1Sn2 (reduced: Sr2MgSn2, 5 sites, chemeleon): oracle=-inf. Fifth unevaluated ternary composition with 2 available structures, continuin…",,,
Mg-Sn-Sr,0,25,Mg-Sn-Sr,Mg1 Sn2 Sr3,ternary,★ stable (new!) | 0.051 eV/atom,,,,"Sr2MgSn2, Sr3MgSn, Sr3MgSn2, SrMg3Sn, SrMgSn2",list_compositions→query_structures→select_for_evaluation→query_structures→select_for_evaluation→select_for_evaluation→query_structures→select_for_evaluation→query_structures→select_for_evaluation,"Ternary composition Sr3MgSn2 with 1 unevaluated structure - similar ternaries (SrMgSn, Sr2MgSn, SrMg3Sn, Sr(MgSn)2) have been stable. Good candidate f…","Selected 5 ternary compositions for oracle evaluation: SrMgSn2, Sr3MgSn, SrMg3Sn, Sr2MgSn2, and Sr3MgSn2. Rationale: Ternary Mg-Sn-Sr compounds have d…",,,
Mg-Sn-Sr,0,26,Mg-Sn-Sr,Mg1 Sn1 Sr2,ternary,★ stable | 0.069 eV/atom,,,,Sr2MgSn,list_compositions→score_buffer→query_structures→select_for_evaluation→finish,Best oracle score (-0.0199) among unevaluated candidates; 1 structure available; potential for novel stable discovery,"Selected Sr2MgSn (structure index 0, 4 sites, chemeleon-generated) for oracle evaluation. Rationale: This was the best unevaluated candidate based on …",,,
Mg-Sn-Sr,0,27,Sn-Sr,Sn2 Sr3,binary,★ stable (new!) | 0.055 eV/atom,✓,Sn2 Sr3,,"Sr3Sn2, SrMg3Sn2, SrMgSn2, SrSn3",list_compositions→query_structures→select_for_evaluation→query_structures→query_structures→select_for_evaluation→query_structures→select_for_evaluation→query_structures→select_for_evaluation,"Binary Sr-Sn composition similar to successful discoveries (Sr2Sn, Sr3Sn5, Sr5Sn3, SrSn3), 2 unexplored structures, potential for novel stable materia…",Querying Sr2Mg3Sn2 composition which has 2 unexplored structures in the buffer. This ternary composition is similar to other successful discoveries (S…,,,
Mg-Sn-Sr,0,28,Mg-Sn-Sr,Mg2 Sn1 Sr3,ternary,unstable (new!) | 0.116 eV/atom,✓,Mg2 Sn1 Sr3,,"Mg2Sn, Sr2Mg3Sn2, Sr2MgSn, Sr3Mg2Sn, Sr3MgSn2, Sr3Sn2, Sr3Sn5, Sr5Sn3, SrMg2, SrMg3Sn, SrMgSn, SrSn3",generate_structures→score_buffer→query_structures→select_for_evaluation→get_buffer_stats→query_structures→select_for_evaluation→query_structures→select_for_evaluation→score_buffer,Third best oracle score (-0.0182); Sr3Mg2Sn not previously evaluated in history - promising candidate for novel stable discovery,Selected SrMg2 (reduced: SrMg2) structure for oracle evaluation. This composition has 3 structures in the buffer and previously demonstrated stability…,,,
Mg-Sn-Sr,0,29,Sn-Sr,Sn3 Sr1,binary,★ stable (new!) | 0.012 eV/atom,,,,"Mg2Sn, Sr2MgSn, Sr3Sn5, SrMg2, SrMgSn, SrSn3",generate_structures→score_buffer→query_structures→select_for_evaluation→list_compositions→query_structures→score_buffer→query_structures→select_for_evaluation→generate_structures,"SrSn3 is a known stable material on the phase diagram, not yet evaluated in history. High probability of finding a novel stable structure.","Selected SrMg2 (composition with 3 structures in buffer) for oracle evaluation. Rationale: SrMg2 is a known stable material on the phase diagram, has …",,,
Mg-Sn-Sr,0,30,Mg-Sn-Sr,Mg1 Sn2 Sr2,ternary,★ stable (new!) | 0.083 eV/atom,✓,Mg1 Sn2 Sr2,,"Sr2MgSn2, Sr2MgSn3, Sr3Sn2, SrMgSn2",list_compositions→query_structures→select_for_evaluation→get_buffer_stats→query_structures→select_for_evaluation→query_structures→select_for_evaluation→query_structures→select_for_evaluation,"Unexplored composition with 1 structure in buffer. This is a new composition not yet evaluated, representing opportunity for novel stable material dis…",Continuing the discovery pipeline by querying and selecting from remaining unexplored compositions. Sr4Sn3 has 1 structure in the buffer that hasn't b…,,,
Mg-Sn-Sr,0,31,Mg-Sn-Sr,Mg3 Sn2 Sr1,ternary,★ stable (new!) | 0.010 eV/atom,✓,Mg3 Sn2 Sr1,,"Sr2Mg3Sn2, Sr2MgSn, Sr3Mg2Sn, Sr3MgSn2, Sr3Sn2, Sr4Sn3, SrMg3Sn2",list_compositions→query_structures→select_for_evaluation→generate_structures→list_compositions→query_structures→select_for_evaluation→list_compositions→query_structures→select_for_evaluation,"Completely unevaluated ternary composition in buffer. Related ternary compositions (SrMgSn, Sr2MgSn, Sr2Mg3Sn2) have shown stability near or within to…",Continuing systematic discovery with 16 structures remaining in buffer. Next selection: Sr2MgSn3 (completely unevaluated ternary composition). Rationa…,,,
Mg-Sn-Sr,0,32,Mg-Sn-Sr,Mg1 Sn1 Sr1,ternary,★ stable (new!) | 0.002 eV/atom,,,,"Sr2Mg3Sn2, Sr3Sn5, SrMg2, SrMgSn",list_compositions→score_buffer→query_structures→select_for_evaluation→query_structures→select_for_evaluation→query_structures→select_for_evaluation→query_structures→select_for_evaluation,"SrMgSn reduced formula was already found stable (entry 7, e_above_hull=0.0658). Buffer has 1 unevaluated structure for this composition. High priority…","I've selected 4 structures for oracle evaluation from the buffer: Sr3Sn5 (structure 0), SrMg2 (structure 0), Sr2Mg3Sn2 (structure 0), and SrMgSn (stru…",,,
Mg-Sn-Sr,0,33,Sn-Sr,Sn3 Sr4,binary,unstable (new!) | 0.119 eV/atom,✓,Sn3 Sr4,,"Sr2Mg3Sn2, Sr2MgSn, Sr2MgSn3, Sr4Sn3",list_compositions→score_buffer→query_structures→select_for_evaluation→score_buffer→query_structures→select_for_evaluation→list_compositions→select_for_evaluation→select_for_evaluation,Not in known stable materials list - potential novel stable discovery. This is the last clearly novel composition in the buffer.,"Selected 4 structures for oracle evaluation in this episode: 1. Sr2MgSn (structure index 0) - Best oracle score (-0.1421), high stability probability …",,,
Mg-Sn-Sr,0,34,Mg-Sn-Sr,Mg1 Sn2 Sr3,ternary,unstable (new!) | 0.208 eV/atom,,,,"Sr2MgSn2, Sr3MgSn2, Sr3Sn5, SrMg2, SrMg3Sn2, SrMgSn, SrMgSn2, SrSn3",generate_structures→list_compositions→score_buffer→query_structures→select_for_evaluation→finish,"Best oracle score in buffer (-0.0253), composition has previously yielded stable novel material (e_above_hull=0.0511), and different unit cell sizes m…","Actions taken: (1) Generated 8 new structures using chemeleon for 8 promising compositions, adding 3 unique structures to buffer; (2) Listed compositi…",,,
Mg-Sn-Sr,0,35,Mg-Sn,Mg1 Sn2,binary,★ stable (new!) | 0.041 eV/atom,,,,"MgSn2, Sr3Sn5, SrMg2, SrMg3Sn2, SrMgSn2, SrSn",list_compositions→score_buffer→query_structures→select_for_evaluation→query_structures→select_for_evaluation→select_for_evaluation→select_for_evaluation→select_for_evaluation→select_for_evaluation,MgSn2 is listed as a known stable material. This composition has high probability of stability and should be prioritized for evaluation.,"Selected Sr3Sn5 (reduced: Sr3Sn5, 8 sites, chemeleon) structure index 1 for oracle evaluation. Rationale: Sr3Sn5 was previously stable (0.0715 e_above…",,,
Mg-Sn-Sr,0,36,Sn-Sr,Sn3 Sr4,binary,unstable (new!) | 0.151 eV/atom,,,,"MgSn2, Sr2MgSn, Sr3Sn5, Sr4Sn3, SrMg3Sn2, SrMgSn, SrSn, SrSn3",generate_structures→get_buffer_stats→score_buffer→select_for_evaluation→generate_structures→get_buffer_stats→score_buffer→select_for_evaluation→generate_structures→get_buffer_stats,"Best oracle score (-0.0115) in buffer; Sr4Sn3 composition previously yielded e_above_hull=0.1190 (close to stability threshold), new structure may be …","Score the buffer with oracle scorer to identify best candidates, then select the composition with best oracle score that has proven stability history …",,,
Mg-Sn-Sr,0,37,Mg-Sn-Sr,Mg1 Sn1 Sr2,ternary,★ stable (new!) | 0.099 eV/atom,,,,Sr2MgSn,list_compositions→get_buffer_stats→score_buffer→query_structures→select_for_evaluation→finish,"Best oracle score (-0.0202) among all buffer structures; composition previously found stable, different structure may also be stable","Selected Sr2Mg1Sn1 (reduced formula: Sr2MgSn, 4 sites, chemeleon source) for oracle evaluation. This structure had the best oracle score (-0.0202) amo…",,,
Mg-Sn-Sr,0,38,Mg-Sn-Sr,Mg1 Sn1 Sr2,ternary,unstable (new!) | 0.127 eV/atom,,,,"MgSn2, Sr2MgSn, Sr3MgSn2, Sr3Sn2, SrMg3Sn, SrMg3Sn2, SrMgSn, SrSn, SrSn3",generate_structures→score_buffer→query_structures→select_for_evaluation→query_structures→query_structures→generate_structures→score_buffer→query_structures→select_for_evaluation,"Best oracle score in buffer (-0.0177), composition was stable in previous evaluations (e_above_hull=0.0693, 0.0988)",**Actions Taken:** 1. Scored buffer with oracle scorer (10 structures) 2. Identified Sr2MgSn as best candidate (oracle score=-0.0177) 3. Queried struc…,,,
Mg-Sn-Sr,0,39,Sn-Sr,Sn1 Sr1,binary,unstable (new!) | 0.134 eV/atom,,,,"Mg2Sn, MgSn, MgSn2, Sr2MgSn, Sr2Sn, Sr3MgSn, Sr3MgSn2, Sr3Sn2, SrMg3Sn, SrMg3Sn2, SrMgSn, SrMgSn2, SrSn, SrSn2, SrSn3",generate_structures→score_buffer→generate_structures→get_buffer_stats→generate_structures→list_compositions→query_structures→select_for_evaluation→finish,"SrSn showed stable structure in evaluation history (e_above_hull=0.0931). Oracle scorer returning -inf, so selecting based on composition stability hi…","Actions taken: 1. Generated structures 4 times using chemeleon for diverse compositions (SrSn, SrSn3, Sr2MgSn, Mg2Sn, MgSn, Sr2Sn, etc.) 2. Scored buf…",,,
Mg-Sn-Sr,0,40,Sn-Sr,Sn5 Sr3,binary,★ stable (new!) | 0.089 eV/atom,,,,Sr3Sn5,list_compositions→query_structures→select_for_evaluation→list_compositions→query_structures→select_for_evaluation→select_for_evaluation→select_for_evaluation→query_structures→select_for_evaluation,Sr3Sn5 is in known_stable_materials with 2 remaining unevaluated structures. Selecting index 0 to continue systematic exploration of this promising co…,Selected Sr3Sn5 (index 0) for oracle evaluation. This composition is in known_stable_materials with 2 unevaluated structures remaining. Systematic exp…,,,
Mg-Sn-Sr,0,41,Sn-Sr,Sn3 Sr4,binary,unstable (new!) | 0.199 eV/atom,,,,"Mg2Sn, MgSn, Sr2Sn, Sr3Mg2Sn, Sr4Sn3, Sr5Sn3, SrMg2Sn",generate_structures→score_buffer→list_compositions→generate_structures→query_structures→select_for_evaluation→generate_structures→score_buffer→list_compositions→query_structures,Best oracle score (-0.0693) in buffer; Sr4Sn3 is a known stable material composition that hasn't been evaluated yet with this specific structure,"Selected Sr5Sn3 structure 0 (8 sites, chemeleon) for oracle evaluation. This composition is known to be stable from the phase diagram but hasn't been …",,,
Mg-Sn-Sr,0,42,Mg-Sr,Mg2 Sr1,binary,★ stable (new!) | 0.061 eV/atom,,,,"Sr3Sn2, Sr5Sn3, SrMg2",score_buffer→query_structures→select_for_evaluation→get_buffer_stats→query_structures→select_for_evaluation→query_structures→select_for_evaluation→list_compositions→query_structures,"SrMg2 is in known stable materials list, has 1 structure in buffer, high potential for stability","SELECTED: Sr3Sn5 (reduced: Sr3Sn5, 8 sites, chemeleon): oracle=-inf. Sr3Sn5 is in known stable materials list, this is a different structure than the …",,,
Mg-Sn-Sr,0,43,Mg-Sn-Sr,Mg1 Sn1 Sr1,ternary,unstable (new!) | 0.150 eV/atom,,,,"MgSn2, Sr2MgSn, Sr2MgSn2, Sr3MgSn2, Sr3Sn2, Sr3Sn5, Sr4Sn3, SrMg3Sn, SrMg3Sn2, SrMgSn, SrSn2, SrSn3",generate_structures→score_buffer→query_structures→select_for_evaluation→generate_structures→list_compositions→generate_structures→list_compositions→query_structures→select_for_evaluation,SrMgSn was the MOST successful composition in history with e_above_hull=0.0015 (evaluation #10). This structure has the highest probability of being s…,"Actions taken: (1) Generated 8 structures for 8 compositions via chemeleon, adding 4 to buffer; (2) Scored buffer with oracle scorer; (3) Generated 8 …",,,
Mg-Sn-Sr,0,44,Sn-Sr,Sn2 Sr1,binary,★ stable (new!) | 0.075 eV/atom,✓,Sn2 Sr1,,"Sr3Sn2, Sr3Sn5, Sr4Sn3, SrSn2",list_compositions→query_structures→select_for_evaluation→query_structures→select_for_evaluation→query_structures→select_for_evaluation→query_structures→select_for_evaluation→query_structures,New composition SrSn2 not yet evaluated in history - could yield stable materials; unevaluated structure available in buffer,"SELECTED: MgSn2 (reduced: MgSn2, 3 sites, chemeleon): oracle=-inf. Selection rationale: MgSn2 composition previously yielded a stable structure (entry…",,,
Mg-Sn-Sr,0,45,Sn-Sr,Sn3 Sr5,binary,★ stable (new!) | 0.085 eV/atom,,,"Sr4MgSn2, Sr4Mg2Sn","Sr2Mg2Sn2, Sr2MgSn, Sr2MgSn2, Sr2MgSn3, Sr3Mg2Sn, Sr3MgSn2, Sr4Mg2Sn, Sr4MgSn2, Sr5Sn3, SrMg2Sn, SrMg2Sn2, SrMg3Sn2, SrMgSn, SrMgSn2",list_compositions→score_buffer→query_structures→select_for_evaluation→generate_structures→list_compositions→select_for_evaluation→generate_structures→select_for_evaluation→generate_structures,Known stable material from phase diagram; ternary composition with high likelihood of stability,"Selected SrMgSn structure from buffer for oracle evaluation. This composition has a known stable variant (entry 8, e_above_hull=0.0015), making it hig…",,,
Mg-Sn-Sr,0,46,Mg-Sn-Sr,Mg2 Sn1 Sr1,ternary,unstable (new!) | 0.174 eV/atom,,,,SrMg2Sn,list_compositions→score_buffer→select_for_evaluation→finish,Best oracle score (-0.0187) among buffer structures; composition not previously evaluated; promising candidate for stable discovery,"Actions taken: (1) Listed buffer compositions to understand available structures, (2) Scored buffer with oracle scorer to prioritize candidates, (3) S…",,,
Mg-Sn-Sr,0,47,Mg-Sn-Sr,Mg1 Sn2 Sr4,ternary,unstable (new!) | 0.102 eV/atom,✓,Mg1 Sn2 Sr4,Sr2Sn3,"Mg2Sn2, Mg2Sn3, Sr2MgSn, Sr2MgSn2, Sr2Sn2, Sr2Sn3, Sr3Mg2Sn, Sr3MgSn, Sr3MgSn2, Sr4MgSn2, SrMg2Sn2, SrMgSn2",get_buffer_stats→score_buffer→list_compositions→query_structures→select_for_evaluation→generate_structures→list_compositions→select_for_evaluation→generate_structures→select_for_evaluation,"Unevaluated ternary composition in buffer, following successful pattern of Sr-Mg-Sn ternary discoveries",I selected Sr2MgSn3 (structure index 0) for oracle evaluation as it's an unevaluated ternary composition following the successful Sr-Mg-Sn pattern fro…,,,
Mg-Sn-Sr,0,48,Sn-Sr,Sn1 Sr1,binary,unstable (new!) | 0.791 eV/atom,,,,"Mg2Sn, MgSn, Sr2MgSn, Sr2Sn, Sr4Sn3, Sr5Sn3, SrMg2, SrMgSn, SrSn, SrSn2, SrSn3",generate_structures→score_buffer→select_for_evaluation→generate_structures→get_buffer_stats→list_compositions→generate_structures→generate_structures→score_buffer→select_for_evaluation,SrSn has best oracle score (-0.6983) among all compositions and is a known stable material from phase diagram,"Selected SrSn (index 0) for oracle evaluation with oracle score -0.6983, the highest predicted stability among all 38 buffer structures. This is a kno…",,,
Mg-Sn-Sr,0,49,Mg-Sn-Sr,Mg1 Sn1 Sr1,ternary,unstable (new!) | 1.426 eV/atom,,,,"MgSn, SrMg2, SrMgSn, SrSn",list_compositions→score_buffer→query_structures→select_for_evaluation→query_structures→select_for_evaluation→query_structures→select_for_evaluation→query_structures→select_for_evaluation,"Best oracle score (-1.0893) among 5 SrMgSn structures; already found one stable SrMgSn structure (e_above_hull=0.0015), confirming this composition ca…","Successfully selected 4 high-potential structures for oracle evaluation from the buffer: (1) SrSn index 1 (oracle=-1.4462), (2) MgSn index 3 (oracle=-…",,,"*   Enforce a strict e_above_hull < 0.05 eV/atom threshold during candidate selection to align with the final stability criteria and reduce false positives.
*   Implement composition and structure deduplication checks to prevent redundant queries on the same stoichiometry (e.g., Sr4Sn3).
*   Shift exploration focus toward Mg-containing ternary compositions, as the Sr-Sn binary exploration yielded limited confirmed discoveries relative to the query cost.
*   Filter out structural candidates with high initial energies (e > 0.2 eV/atom) before oracle evaluation to conserve the query budget on promising regions."
Mg-Sn-Sr,1,0,Mg-Sn-Sr,Mg1 Sn1 Sr2,ternary,★ stable (new!) | 0.069 eV/atom,✓,Mg1 Sn1 Sr2,"SrMgSn, SrMg2Sn, Sr2MgSn, SrMgSn2","Mg2SnSr, Mg2SrSn, MgSr2Sn, MgSrSn, MgSrSn2, Sr2MgSn, SrMg2Sn",generate_structures→list_compositions→score_buffer→query_structures→select_for_evaluation→get_buffer_stats→score_buffer→query_structures→select_for_evaluation→list_compositions,"Second best predicted stability (-0.0198 eV/atom) in buffer, below 0.1 eV/atom tolerance. Mg-containing ternary following successful SrMg2Sn selection…","Querying SrMg2Sn structures to identify the best remaining candidate, then selecting the top-scoring structure for oracle evaluation. This prioritizes…","*   Enforce a strict e_above_hull < 0.05 eV/atom threshold during candidate selection to align with the final stability criteria and reduce false positives.
*   Implement composition and structure deduplication checks to prevent redundant queries on the same stoichiometry (e.g., Sr4Sn3).
*   Shift exploration focus toward Mg-containing ternary compositions, as the Sr-Sn binary exploration yielded limited confirmed discoveries relative to the query cost.
*   Filter out structural candidates with high initial energies (e > 0.2 eV/atom) before oracle evaluation to conserve the query budget on promising regions.","The buffer is empty and this is the start of the discovery process for the Mg-Sn-Sr ternary system. I need to begin generating candidate structures. Looking at the known stable materials, I can see there are several binary compounds (Mg2Sn, MgSn, MgSn2, Sr2Sn, Sr3Sn5, Sr5Sn3, SrMg2, SrSn, SrSn3) and one ternary (SrMgSn). 

I should start by generating structures for promising compositions using the 'chemeleon' generator (trained on stable structures). I'll target multiple compositions with different unit cell sizes to explore structural diversity. Let me start with a few key compositions from the known stable materials, generating multiple candidates per composition to increase chances of finding stable structures.",
Mg-Sn-Sr,1,1,Mg-Sn-Sr,Mg2 Sn1 Sr1,ternary,unstable (new!) | 0.192 eV/atom,✓,Mg2 Sn1 Sr1,,SrMg2Sn,score_buffer→query_structures→select_for_evaluation→finish,"SrMg2Sn has best oracle scores in buffer (-0.1076), Mg-containing ternary per prior reflections, first structure among 3 similar-scoped candidates","Selected SrMg2Sn (structure index 0, 4 sites, chemeleon) for oracle evaluation. Rationale: This composition had the best oracle scores in the buffer (…","*   Enforce a strict e_above_hull < 0.05 eV/atom threshold during candidate selection to align with the final stability criteria and reduce false positives.
*   Implement composition and structure deduplication checks to prevent redundant queries on the same stoichiometry (e.g., Sr4Sn3).
*   Shift exploration focus toward Mg-containing ternary compositions, as the Sr-Sn binary exploration yielded limited confirmed discoveries relative to the query cost.
*   Filter out structural candidates with high initial energies (e > 0.2 eV/atom) before oracle evaluation to conserve the query budget on promising regions.",,
Mg-Sn-Sr,1,2,Mg-Sn-Sr,Mg2 Sn1 Sr1,ternary,unstable | 0.192 eV/atom,,,,SrMg2Sn,get_buffer_stats→score_buffer→select_for_evaluation→finish,"Best oracle score (-0.1077) among unevaluated structures; SrMg2Sn composition has one previously evaluated structure that was unstable, but this struc…","Actions taken: (1) Retrieved buffer statistics showing 7 structures across 4 compositions, (2) Scored all buffer structures using oracle scorer to ide…","*   Enforce a strict e_above_hull < 0.05 eV/atom threshold during candidate selection to align with the final stability criteria and reduce false positives.
*   Implement composition and structure deduplication checks to prevent redundant queries on the same stoichiometry (e.g., Sr4Sn3).
*   Shift exploration focus toward Mg-containing ternary compositions, as the Sr-Sn binary exploration yielded limited confirmed discoveries relative to the query cost.
*   Filter out structural candidates with high initial energies (e > 0.2 eV/atom) before oracle evaluation to conserve the query budget on promising regions.",,
Mg-Sn-Sr,1,3,Mg-Sn-Sr,Mg1 Sn2 Sr1,ternary,★ stable (new!) | 0.065 eV/atom,✓,Mg1 Sn2 Sr1,,"SrMgSn, SrMgSn2",get_buffer_stats→score_buffer→query_structures→select_for_evaluation→query_structures→query_structures→select_for_evaluation→select_for_evaluation→select_for_evaluation→get_buffer_stats,Last remaining SrMgSn2 structure in buffer. Continue evaluating Mg-containing ternary compositions before generating new candidates.,"Selected Sr2MgSn (structure index 0) for oracle evaluation. This composition already has one confirmed stable structure in evaluation history, making …","*   Enforce a strict e_above_hull < 0.05 eV/atom threshold during candidate selection to align with the final stability criteria and reduce false positives.
*   Implement composition and structure deduplication checks to prevent redundant queries on the same stoichiometry (e.g., Sr4Sn3).
*   Shift exploration focus toward Mg-containing ternary compositions, as the Sr-Sn binary exploration yielded limited confirmed discoveries relative to the query cost.
*   Filter out structural candidates with high initial energies (e > 0.2 eV/atom) before oracle evaluation to conserve the query budget on promising regions.",,
Mg-Sn-Sr,1,4,Mg-Sn-Sr,Mg3 Sn1 Sr3,ternary,unstable (new!) | 0.209 eV/atom,✓,Mg3 Sn1 Sr3,"Sr3MgSn, SrMgSn3, SrMg3Sn, Sr2Mg2Sn, Sr(MgSn)2, Sr3Mg2Sn, Sr2MgSn2, Sr2Mg3Sn, Sr4MgSn, SrMgSn4, Sr3MgSn2, Sr2MgSn3, Sr5MgSn, SrMg5Sn, Sr3Mg3Sn, SrMgSn5, Sr4MgSn2, Sr2MgSn4, Sr6MgSn, SrMg6Sn, Sr3Mg4Sn, Sr4Mg3Sn, Sr5MgSn2, Sr2Mg5Sn","Mg3SnSr, Mg3SnSr2, Sr2Mg2Sn, Sr2Mg3Sn, Sr2Mg5Sn, Sr2MgSn2, Sr2MgSn3, Sr2MgSn4, Sr3Mg2Sn, Sr3Mg3Sn, Sr3Mg4Sn, Sr3MgSn, Sr3MgSn2, Sr4Mg3Sn, Sr4MgSn, Sr4MgSn2, Sr5MgSn, Sr5MgSn2, Sr6MgSn, SrMg2Sn2, SrMg5Sn, SrMg6Sn, SrMgSn, SrMgSn2, SrMgSn3, SrMgSn4, SrMgSn5",generate_structures→score_buffer→select_for_evaluation→generate_structures→score_buffer→select_for_evaluation→generate_structures→score_buffer→select_for_evaluation→generate_structures,"Best oracle score (-0.1132) among unexplored compositions, highest priority for novel stable material discovery","Scoring 27 structures with oracle scorer to identify best unexplored compositions. Based on previous scores, SrMg5Sn (-0.0917) and Sr3Mg2Sn (-0.0182) …","*   Enforce a strict e_above_hull < 0.05 eV/atom threshold during candidate selection to align with the final stability criteria and reduce false positives.
*   Implement composition and structure deduplication checks to prevent redundant queries on the same stoichiometry (e.g., Sr4Sn3).
*   Shift exploration focus toward Mg-containing ternary compositions, as the Sr-Sn binary exploration yielded limited confirmed discoveries relative to the query cost.
*   Filter out structural candidates with high initial energies (e > 0.2 eV/atom) before oracle evaluation to conserve the query budget on promising regions.",,
Mg-Sn-Sr,1,5,Mg-Sn-Sr,Mg2 Sn1 Sr3,ternary,unstable (new!) | 0.116 eV/atom,✓,Mg2 Sn1 Sr3,,"Sr2Mg5Sn, Sr3Mg2Sn, Sr6MgSn, SrMg5Sn",score_buffer→query_structures→select_for_evaluation→query_structures→select_for_evaluation→query_structures→select_for_evaluation→query_structures→select_for_evaluation→query_structures,"Fifth-best oracle score (-0.0182) among unevaluated compositions, Mg-containing ternary per prior reflections, no prior evaluation history for this co…","Selected Sr2Mg2Sn1 (reduced: Sr2Mg2Sn, 5 sites, chemeleon) for oracle evaluation with oracle score -0.0174. This is the sixth-best oracle score among …","*   Enforce a strict e_above_hull < 0.05 eV/atom threshold during candidate selection to align with the final stability criteria and reduce false positives.
*   Implement composition and structure deduplication checks to prevent redundant queries on the same stoichiometry (e.g., Sr4Sn3).
*   Shift exploration focus toward Mg-containing ternary compositions, as the Sr-Sn binary exploration yielded limited confirmed discoveries relative to the query cost.
*   Filter out structural candidates with high initial energies (e > 0.2 eV/atom) before oracle evaluation to conserve the query budget on promising regions.",,
Mg-Sn-Sr,1,6,Mg-Sn-Sr,Mg2 Sn2 Sr1,ternary,★ stable (new!) | 0.000 eV/atom,✓,Mg2 Sn2 Sr1,,"Sr(MgSn)2, Sr2Mg2Sn, SrMg6Sn",score_buffer→query_structures→query_structures→select_for_evaluation→query_structures→select_for_evaluation→list_compositions→query_structures→select_for_evaluation→query_structures,"Related to successful Sr2MgSn and SrMgSn2 discoveries, 2 structures available in buffer, systematic buffer coverage",Selected Sr2MgSn2 structure index 0 for oracle evaluation. This composition is chemically related to our successful Sr2MgSn discovery (stable at 0.069…,"*   Enforce a strict e_above_hull < 0.05 eV/atom threshold during candidate selection to align with the final stability criteria and reduce false positives.
*   Implement composition and structure deduplication checks to prevent redundant queries on the same stoichiometry (e.g., Sr4Sn3).
*   Shift exploration focus toward Mg-containing ternary compositions, as the Sr-Sn binary exploration yielded limited confirmed discoveries relative to the query cost.
*   Filter out structural candidates with high initial energies (e > 0.2 eV/atom) before oracle evaluation to conserve the query budget on promising regions.",,
Mg-Sn-Sr,1,7,Mg-Sn-Sr,Mg3 Sn1 Sr2,ternary,unstable (new!) | 0.102 eV/atom,✓,Mg3 Sn1 Sr2,,Sr2Mg3Sn,score_buffer→query_structures→select_for_evaluation→finish,"Novel composition with 2 structures, not yet evaluated. Mg-containing ternary per prior reflections. Oracle score uncertain (-inf), need ground truth.",Selected Sr2Mg3Sn1 (structure index 0) for oracle evaluation. This novel Mg-containing ternary composition has not been evaluated yet and has 2 struct…,"*   Enforce a strict e_above_hull < 0.05 eV/atom threshold during candidate selection to align with the final stability criteria and reduce false positives.
*   Implement composition and structure deduplication checks to prevent redundant queries on the same stoichiometry (e.g., Sr4Sn3).
*   Shift exploration focus toward Mg-containing ternary compositions, as the Sr-Sn binary exploration yielded limited confirmed discoveries relative to the query cost.
*   Filter out structural candidates with high initial energies (e > 0.2 eV/atom) before oracle evaluation to conserve the query budget on promising regions.",,
Mg-Sn-Sr,1,8,Mg-Sn-Sr,Mg1 Sn3 Sr2,ternary,★ stable (new!) | 0.092 eV/atom,✓,Mg1 Sn3 Sr2,,"Sr2MgSn2, Sr2MgSn3, Sr3MgSn2, Sr4Mg3Sn, Sr5MgSn",score_buffer→generate_structures→list_compositions→query_structures→select_for_evaluation→query_structures→select_for_evaluation→query_structures→select_for_evaluation→select_for_evaluation,"Second structure from Sr2MgSn3 composition, Mg-containing ternary following successful pattern, maintains evaluation throughput","Selected Sr2Mg1Sn2 (reduced: Sr2MgSn2, 5 sites, chemeleon) structure index 1 for oracle evaluation. This composition has 2 total structures, with inde…","*   Enforce a strict e_above_hull < 0.05 eV/atom threshold during candidate selection to align with the final stability criteria and reduce false positives.
*   Implement composition and structure deduplication checks to prevent redundant queries on the same stoichiometry (e.g., Sr4Sn3).
*   Shift exploration focus toward Mg-containing ternary compositions, as the Sr-Sn binary exploration yielded limited confirmed discoveries relative to the query cost.
*   Filter out structural candidates with high initial energies (e > 0.2 eV/atom) before oracle evaluation to conserve the query budget on promising regions.",,
Mg-Sn-Sr,1,9,Mg-Sn-Sr,Mg3 Sn1 Sr1,ternary,★ stable (new!) | 0.088 eV/atom,✓,Mg3 Sn1 Sr1,,"Sr2MgSn2, Sr3MgSn2, SrMg3Sn, SrMgSn3",score_buffer→query_structures→select_for_evaluation→list_compositions→query_structures→select_for_evaluation→query_structures→select_for_evaluation→query_structures→select_for_evaluation,"Unevaluated ternary Mg-containing composition, never tested before, potential for stable discovery",Actions taken: 1. Scored buffer with oracle scorer to identify promising candidates 2. Selected Sr3MgSn2 (oracle=-0.0494) - best oracle score among un…,"*   Enforce a strict e_above_hull < 0.05 eV/atom threshold during candidate selection to align with the final stability criteria and reduce false positives.
*   Implement composition and structure deduplication checks to prevent redundant queries on the same stoichiometry (e.g., Sr4Sn3).
*   Shift exploration focus toward Mg-containing ternary compositions, as the Sr-Sn binary exploration yielded limited confirmed discoveries relative to the query cost.
*   Filter out structural candidates with high initial energies (e > 0.2 eV/atom) before oracle evaluation to conserve the query budget on promising regions.",,
Mg-Sn-Sr,1,10,Mg-Sn-Sr,Mg3 Sn1 Sr4,ternary,★ stable (new!) | 0.091 eV/atom,✓,Mg3 Sn1 Sr4,,"Sr4Mg3Sn, Sr5MgSn",get_buffer_stats→score_buffer→query_structures→query_structures→select_for_evaluation→query_structures→select_for_evaluation→select_for_evaluation→get_buffer_stats→list_compositions,"Second structure from Sr5MgSn composition - different structures can have different stabilities, maximizing buffer evaluation before generating new st…","Actions taken in this episode: 1. Scored buffer with oracle scorer (17 structures, most unpredicted) 2. Selected Sr5MgSn (structure index 0) for oracl…","*   Enforce a strict e_above_hull < 0.05 eV/atom threshold during candidate selection to align with the final stability criteria and reduce false positives.
*   Implement composition and structure deduplication checks to prevent redundant queries on the same stoichiometry (e.g., Sr4Sn3).
*   Shift exploration focus toward Mg-containing ternary compositions, as the Sr-Sn binary exploration yielded limited confirmed discoveries relative to the query cost.
*   Filter out structural candidates with high initial energies (e > 0.2 eV/atom) before oracle evaluation to conserve the query budget on promising regions.",,
Mg-Sn-Sr,1,11,Mg-Sn-Sr,Mg1 Sn2 Sr3,ternary,unstable (new!) | 0.185 eV/atom,✓,Mg1 Sn2 Sr3,"SrMg2Sn3, Sr4Mg2Sn, Sr3Mg2Sn3","Sr2MgSn2, Sr2MgSn4, Sr3Mg2Sn3, Sr3MgSn2, Sr4Mg2Sn, SrMg2Sn2, SrMg2Sn3, SrMgSn, SrMgSn3",get_buffer_stats→score_buffer→list_compositions→query_structures→select_for_evaluation→generate_structures→score_buffer→query_structures→select_for_evaluation→generate_structures,"Promising unevaluated composition with best oracle score (-0.0491) among new candidates, follows successful Mg-Sn-Sr ternary patterns",Actions taken: 1. Scored the buffer with oracle scorer to identify promising unevaluated candidates 2. Analyzed evaluation history showing 6 stable di…,"*   Enforce a strict e_above_hull < 0.05 eV/atom threshold during candidate selection to align with the final stability criteria and reduce false positives.
*   Implement composition and structure deduplication checks to prevent redundant queries on the same stoichiometry (e.g., Sr4Sn3).
*   Shift exploration focus toward Mg-containing ternary compositions, as the Sr-Sn binary exploration yielded limited confirmed discoveries relative to the query cost.
*   Filter out structural candidates with high initial energies (e > 0.2 eV/atom) before oracle evaluation to conserve the query budget on promising regions.",,
Mg-Sn-Sr,1,12,Mg-Sn-Sr,Mg2 Sn3 Sr3,ternary,unstable (new!) | 0.159 eV/atom,✓,Mg2 Sn3 Sr3,,"Sr2MgSn4, Sr3Mg2Sn3",score_buffer→query_structures→query_structures→select_for_evaluation→query_structures→select_for_evaluation→query_structures→query_structures→get_buffer_stats→list_compositions,"Good oracle score (-0.0034), unevaluated composition, similar stoichiometry to previously explored stable compounds","Selected Sr2Mg3Sn (reduced: Sr2Mg3Sn, 6 sites, chemeleon) for oracle evaluation. This composition is completely unevaluated and has a promising stoich…","*   Enforce a strict e_above_hull < 0.05 eV/atom threshold during candidate selection to align with the final stability criteria and reduce false positives.
*   Implement composition and structure deduplication checks to prevent redundant queries on the same stoichiometry (e.g., Sr4Sn3).
*   Shift exploration focus toward Mg-containing ternary compositions, as the Sr-Sn binary exploration yielded limited confirmed discoveries relative to the query cost.
*   Filter out structural candidates with high initial energies (e > 0.2 eV/atom) before oracle evaluation to conserve the query budget on promising regions.",,
Mg-Sn-Sr,1,13,Mg-Sn-Sr,Mg1 Sn3 Sr2,ternary,★ stable | 0.092 eV/atom,,,,"Sr(MgSn)2, Sr2MgSn, Sr2MgSn3, SrMgSn2, SrMgSn3",score_buffer→query_structures→select_for_evaluation→list_compositions→query_structures→select_for_evaluation→list_compositions→select_for_evaluation→select_for_evaluation→select_for_evaluation,Sr2MgSn3 composition previously showed stable structure (e_above_hull=0.0922 in entry #9). Selecting to continue exploiting proven stable compositions…,"Selected 5 structures for oracle evaluation from proven stable compositions: Sr(MgSn)2, SrMgSn3, SrMgSn2, Sr2MgSn, and Sr2MgSn3. Each selection target…","*   Enforce a strict e_above_hull < 0.05 eV/atom threshold during candidate selection to align with the final stability criteria and reduce false positives.
*   Implement composition and structure deduplication checks to prevent redundant queries on the same stoichiometry (e.g., Sr4Sn3).
*   Shift exploration focus toward Mg-containing ternary compositions, as the Sr-Sn binary exploration yielded limited confirmed discoveries relative to the query cost.
*   Filter out structural candidates with high initial energies (e > 0.2 eV/atom) before oracle evaluation to conserve the query budget on promising regions.",,
Mg-Sn-Sr,1,14,Mg-Sn-Sr,Mg3 Sn1 Sr4,ternary,★ stable | 0.091 eV/atom,,,,Sr4Mg3Sn,get_buffer_stats→score_buffer→list_compositions→select_for_evaluation→finish,"Selecting Sr4Mg3Sn from buffer - prior evaluation showed stable structure (e_above_hull=0.0911), and this composition is currently in buffer with unev…","Selected Sr4Mg3Sn (structure index 0, 8 sites) from buffer for oracle evaluation. Rationale: Prior evaluation history (entry 11) demonstrated this com…","*   Enforce a strict e_above_hull < 0.05 eV/atom threshold during candidate selection to align with the final stability criteria and reduce false positives.
*   Implement composition and structure deduplication checks to prevent redundant queries on the same stoichiometry (e.g., Sr4Sn3).
*   Shift exploration focus toward Mg-containing ternary compositions, as the Sr-Sn binary exploration yielded limited confirmed discoveries relative to the query cost.
*   Filter out structural candidates with high initial energies (e > 0.2 eV/atom) before oracle evaluation to conserve the query budget on promising regions.",,
Mg-Sn-Sr,1,15,Mg-Sn-Sr,Mg1 Sn1 Sr1,ternary,unstable (new!) | 0.129 eV/atom,✓,Mg1 Sn1 Sr1,"Sr2MgSn6, Sr3(MgSn2)2, SrMg3Sn2","Sr2Mg2Sn2, Sr2MgSn6, Sr3Mg2Sn4, Sr4Mg2Sn6, SrMg2Sn3, SrMg3Sn2, SrMgSn",generate_structures→score_buffer→query_structures→select_for_evaluation→finish,"SrMgSn is in known_stable_materials list but not yet discovered as [STABLE, NOVEL]. This is a high-priority composition to confirm. Starting with simp…","**Actions Taken:** 1. Generated 7 new candidate structures using chemeleon for compositions: SrMgSn, Sr2Mg2Sn2, Sr4Mg2Sn6, Sr2MgSn6, Sr3Mg2Sn4, SrMg2S…","*   Enforce a strict e_above_hull < 0.05 eV/atom threshold during candidate selection to align with the final stability criteria and reduce false positives.
*   Implement composition and structure deduplication checks to prevent redundant queries on the same stoichiometry (e.g., Sr4Sn3).
*   Shift exploration focus toward Mg-containing ternary compositions, as the Sr-Sn binary exploration yielded limited confirmed discoveries relative to the query cost.
*   Filter out structural candidates with high initial energies (e > 0.2 eV/atom) before oracle evaluation to conserve the query budget on promising regions.",,
Mg-Sn-Sr,1,16,Mg-Sn-Sr,Mg2 Sn1 Sr4,ternary,unstable (new!) | 0.106 eV/atom,✓,Mg2 Sn1 Sr4,,"Sr2MgSn2, Sr4Mg2Sn, SrMg2Sn3, SrMgSn3",list_compositions→query_structures→select_for_evaluation→get_buffer_stats→query_structures→select_for_evaluation→query_structures→select_for_evaluation→query_structures→select_for_evaluation,"Unevaluated structure from composition stoichiometrically similar to successful Sr4Mg3Sn (2 stable discoveries, e_above_hull=0.0911 and 0.0912). Simil…",Selected 4 structures for oracle evaluation: (1) SrMg2Sn3 - similar to successful Sr2MgSn3 pattern; (2) SrMgSn3 - similar to successful SrMgSn2; (3) S…,"*   Enforce a strict e_above_hull < 0.05 eV/atom threshold during candidate selection to align with the final stability criteria and reduce false positives.
*   Implement composition and structure deduplication checks to prevent redundant queries on the same stoichiometry (e.g., Sr4Sn3).
*   Shift exploration focus toward Mg-containing ternary compositions, as the Sr-Sn binary exploration yielded limited confirmed discoveries relative to the query cost.
*   Filter out structural candidates with high initial energies (e > 0.2 eV/atom) before oracle evaluation to conserve the query budget on promising regions.",,
Mg-Sn-Sr,1,17,Mg-Sn-Sr,Mg1 Sn2 Sr5,ternary,unstable (new!) | 0.109 eV/atom,✓,Mg1 Sn2 Sr5,,"Sr2MgSn4, Sr2MgSn6, Sr3Mg4Sn, Sr4MgSn2, Sr5MgSn, Sr5MgSn2, SrMg2Sn3, SrMg3Sn2, SrMgSn4",score_buffer→select_for_evaluation→select_for_evaluation→select_for_evaluation→select_for_evaluation→select_for_evaluation→select_for_evaluation→select_for_evaluation→select_for_evaluation→select_for_evaluation,"Sr-rich ternary composition with Mg content, not yet evaluated","Selected SrMgSn5 (reduced: SrMgSn5, 6 sites, chemeleon) for oracle evaluation. This is a Mg-containing ternary composition with higher Sn content rati…","*   Enforce a strict e_above_hull < 0.05 eV/atom threshold during candidate selection to align with the final stability criteria and reduce false positives.
*   Implement composition and structure deduplication checks to prevent redundant queries on the same stoichiometry (e.g., Sr4Sn3).
*   Shift exploration focus toward Mg-containing ternary compositions, as the Sr-Sn binary exploration yielded limited confirmed discoveries relative to the query cost.
*   Filter out structural candidates with high initial energies (e > 0.2 eV/atom) before oracle evaluation to conserve the query budget on promising regions.",,
Mg-Sn-Sr,1,18,Mg-Sn-Sr,Mg1 Sn4 Sr1,ternary,unstable (new!) | 0.188 eV/atom,✓,Mg1 Sn4 Sr1,,"Sr(MgSn)2, Sr2MgSn, Sr2MgSn2, Sr2MgSn3, Sr3Mg2Sn, Sr3MgSn2, Sr4Mg3Sn, SrMg3Sn, SrMgSn, SrMgSn2, SrMgSn4",score_buffer→generate_structures→score_buffer→select_for_evaluation→generate_structures→score_buffer→select_for_evaluation→generate_structures→score_buffer→select_for_evaluation,Best oracle score (-0.0174) among buffer candidates with predictions; composition not yet evaluated; negative score suggests stability,Episode Summary: Successfully managed discovery pipeline for Mg-Sn-Sr system with 8 stable structures identified from 18 evaluations (44% success rate…,"*   Enforce a strict e_above_hull < 0.05 eV/atom threshold during candidate selection to align with the final stability criteria and reduce false positives.
*   Implement composition and structure deduplication checks to prevent redundant queries on the same stoichiometry (e.g., Sr4Sn3).
*   Shift exploration focus toward Mg-containing ternary compositions, as the Sr-Sn binary exploration yielded limited confirmed discoveries relative to the query cost.
*   Filter out structural candidates with high initial energies (e > 0.2 eV/atom) before oracle evaluation to conserve the query budget on promising regions.",,
Mg-Sn-Sr,1,19,Mg-Sn-Sr,Mg1 Sn5 Sr1,ternary,★ stable (new!) | 0.062 eV/atom,✓,Mg1 Sn5 Sr1,,SrMgSn5,get_buffer_stats→list_compositions→score_buffer→query_structures→select_for_evaluation→finish,"Unexplored Mg-containing ternary composition not in evaluation history, good candidate for new stable discovery","Selected SrMgSn5 (structure index 0, 7 sites from chemeleon) for oracle evaluation. This composition is an unexplored Mg-containing ternary that hasn'…","*   Enforce a strict e_above_hull < 0.05 eV/atom threshold during candidate selection to align with the final stability criteria and reduce false positives.
*   Implement composition and structure deduplication checks to prevent redundant queries on the same stoichiometry (e.g., Sr4Sn3).
*   Shift exploration focus toward Mg-containing ternary compositions, as the Sr-Sn binary exploration yielded limited confirmed discoveries relative to the query cost.
*   Filter out structural candidates with high initial energies (e > 0.2 eV/atom) before oracle evaluation to conserve the query budget on promising regions.",,
Mg-Sn-Sr,1,20,Mg-Sn-Sr,Mg2 Sn1 Sr1,ternary,unstable | 0.192 eV/atom,,,,"Sr(MgSn)2, Sr2MgSn, Sr2MgSn3, Sr4Mg2Sn, Sr4Mg3Sn, SrMg2Sn, SrMg3Sn, SrMgSn, SrMgSn2, SrMgSn4, SrMgSn5",generate_structures→score_buffer→query_structures→select_for_evaluation→query_structures→select_for_evaluation→get_buffer_stats→score_buffer→generate_structures→score_buffer,"Oracle score -0.1077 well below 0.1 stability tolerance; despite previous unstable structures at this composition, different structures can have diffe…","Selected Sr(MgSn)2 structure for oracle evaluation. This composition previously yielded a perfectly stable structure (e_above_hull=0.0000, entry 7 in …","*   Enforce a strict e_above_hull < 0.05 eV/atom threshold during candidate selection to align with the final stability criteria and reduce false positives.
*   Implement composition and structure deduplication checks to prevent redundant queries on the same stoichiometry (e.g., Sr4Sn3).
*   Shift exploration focus toward Mg-containing ternary compositions, as the Sr-Sn binary exploration yielded limited confirmed discoveries relative to the query cost.
*   Filter out structural candidates with high initial energies (e > 0.2 eV/atom) before oracle evaluation to conserve the query budget on promising regions.",,
Mg-Sn-Sr,1,21,Mg-Sn-Sr,Mg1 Sn2 Sr3,ternary,unstable (new!) | 0.146 eV/atom,,,,"Sr2MgSn3, Sr3MgSn2, Sr4Mg3Sn, SrMgSn2, SrMgSn5",list_compositions→score_buffer→query_structures→query_structures→select_for_evaluation→generate_structures→score_buffer→query_structures→select_for_evaluation→score_buffer,Best oracle score in buffer (-0.0104). New composition not yet evaluated. Similar ternary Sr-Mg-Sn compositions have shown high stability rates (Sr2Mg…,Action: Query SrMgSn2 composition structures and select the best candidate for oracle evaluation. Rationale: SrMgSn2 has 100% stable rate (1/1 evaluat…,"*   Enforce a strict e_above_hull < 0.05 eV/atom threshold during candidate selection to align with the final stability criteria and reduce false positives.
*   Implement composition and structure deduplication checks to prevent redundant queries on the same stoichiometry (e.g., Sr4Sn3).
*   Shift exploration focus toward Mg-containing ternary compositions, as the Sr-Sn binary exploration yielded limited confirmed discoveries relative to the query cost.
*   Filter out structural candidates with high initial energies (e > 0.2 eV/atom) before oracle evaluation to conserve the query budget on promising regions.",,
Mg-Sn-Sr,1,22,Mg-Sn-Sr,Mg1 Sn2 Sr1,ternary,★ stable (new!) | 0.080 eV/atom,,,,"Sr2MgSn2, Sr4Mg2Sn, SrMgSn2, SrMgSn4",score_buffer→list_compositions→query_structures→select_for_evaluation→query_structures→select_for_evaluation→query_structures→select_for_evaluation→query_structures→select_for_evaluation,"Unevaluated structure from SrMgSn2 composition; this composition already yielded a STABLE NOVEL discovery at 0.0645 eV/atom, different structures for …","**Actions Taken**: 1. Scored buffer (oracle scores returned -inf, unable to prioritize by score) 2. Listed compositions to identify buffer organizatio…","*   Enforce a strict e_above_hull < 0.05 eV/atom threshold during candidate selection to align with the final stability criteria and reduce false positives.
*   Implement composition and structure deduplication checks to prevent redundant queries on the same stoichiometry (e.g., Sr4Sn3).
*   Shift exploration focus toward Mg-containing ternary compositions, as the Sr-Sn binary exploration yielded limited confirmed discoveries relative to the query cost.
*   Filter out structural candidates with high initial energies (e > 0.2 eV/atom) before oracle evaluation to conserve the query budget on promising regions.",,
Mg-Sn-Sr,1,23,Mg-Sn-Sr,Mg1 Sn2 Sr1,ternary,★ stable (new!) | 0.035 eV/atom,,,,"Sr(MgSn)2, Sr2MgSn3, SrMg3Sn, SrMgSn2",list_compositions→score_buffer→query_structures→select_for_evaluation→query_structures→select_for_evaluation→query_structures→select_for_evaluation→query_structures→select_for_evaluation,"SrMgSn2 has already produced 2 stable structures (0.0645, 0.0799 eV/atom). Different structures for same composition can have different stabilities - …",Querying Sr4Mg2Sn composition from buffer and selecting for oracle evaluation. This composition is related to Sr4Mg3Sn which has already produced 2 st…,"*   Enforce a strict e_above_hull < 0.05 eV/atom threshold during candidate selection to align with the final stability criteria and reduce false positives.
*   Implement composition and structure deduplication checks to prevent redundant queries on the same stoichiometry (e.g., Sr4Sn3).
*   Shift exploration focus toward Mg-containing ternary compositions, as the Sr-Sn binary exploration yielded limited confirmed discoveries relative to the query cost.
*   Filter out structural candidates with high initial energies (e > 0.2 eV/atom) before oracle evaluation to conserve the query budget on promising regions.",,
Mg-Sn-Sr,1,24,Mg-Sn-Sr,Mg2 Sn1 Sr1,ternary,unstable (new!) | 0.271 eV/atom,,,,"Sr(MgSn)2, Sr2MgSn3, Sr3Mg2Sn3, Sr3MgSn2, Sr4Mg3Sn, SrMg2Sn, SrMg3Sn, SrMgSn, SrMgSn2, SrMgSn4, SrMgSn5",generate_structures→score_buffer→query_structures→query_structures→select_for_evaluation→generate_structures→score_buffer→query_structures→select_for_evaluation→generate_structures,"SrMg2Sn has the best oracle score in buffer (-0.1204). Previous SrMg2Sn structure was unstable, but different structures for same composition can have…",Scored 16 buffer structures with oracle scorer. Top composition by oracle score: SrMgSn2 (best score=-0.0892). Queried 3 structures for SrMgSn2. Selec…,"*   Enforce a strict e_above_hull < 0.05 eV/atom threshold during candidate selection to align with the final stability criteria and reduce false positives.
*   Implement composition and structure deduplication checks to prevent redundant queries on the same stoichiometry (e.g., Sr4Sn3).
*   Shift exploration focus toward Mg-containing ternary compositions, as the Sr-Sn binary exploration yielded limited confirmed discoveries relative to the query cost.
*   Filter out structural candidates with high initial energies (e > 0.2 eV/atom) before oracle evaluation to conserve the query budget on promising regions.",,
Mg-Sn-Sr,1,25,Mg-Sn-Sr,Mg3 Sn1 Sr1,ternary,unstable (new!) | 0.106 eV/atom,,,,"Sr2MgSn3, Sr3MgSn2, SrMg3Sn, SrMgSn4",get_buffer_stats→score_buffer→query_structures→select_for_evaluation→query_structures→select_for_evaluation→query_structures→select_for_evaluation→query_structures→select_for_evaluation,"SrMg3Sn has 1 structure in buffer, previously found stable variant (entry 5 with e_above_hull=0.0881). Different structures for same composition can h…","**Actions Taken:** 1. Queried buffer statistics to identify composition distribution (16 structures, 11 compositions) 2. Scored buffer with oracle sco…","*   Enforce a strict e_above_hull < 0.05 eV/atom threshold during candidate selection to align with the final stability criteria and reduce false positives.
*   Implement composition and structure deduplication checks to prevent redundant queries on the same stoichiometry (e.g., Sr4Sn3).
*   Shift exploration focus toward Mg-containing ternary compositions, as the Sr-Sn binary exploration yielded limited confirmed discoveries relative to the query cost.
*   Filter out structural candidates with high initial energies (e > 0.2 eV/atom) before oracle evaluation to conserve the query budget on promising regions.",,
Mg-Sn-Sr,1,26,Mg-Sn-Sr,Mg1 Sn3 Sr2,ternary,★ stable (new!) | 0.084 eV/atom,,,,"Sr2MgSn3, Sr3MgSn2, Sr4Mg3Sn, SrMg3Sn, SrMgSn2, SrMgSn4, SrMgSn5",score_buffer→query_structures→select_for_evaluation→generate_structures→score_buffer→query_structures→query_structures→select_for_evaluation→generate_structures→list_compositions,"Sr2MgSn3 has 2 stable novel discoveries in history (entries 3, 8). 2 structures in buffer with oracle=-inf. Strong candidate for stable novel discover…","SELECTED: SrMgSn4 (reduced: SrMgSn4, 6 sites, chemeleon): oracle=-inf. SrMgSn4 has 3 structures in buffer and 1 stable novel discovery in history (ent…","*   Enforce a strict e_above_hull < 0.05 eV/atom threshold during candidate selection to align with the final stability criteria and reduce false positives.
*   Implement composition and structure deduplication checks to prevent redundant queries on the same stoichiometry (e.g., Sr4Sn3).
*   Shift exploration focus toward Mg-containing ternary compositions, as the Sr-Sn binary exploration yielded limited confirmed discoveries relative to the query cost.
*   Filter out structural candidates with high initial energies (e > 0.2 eV/atom) before oracle evaluation to conserve the query budget on promising regions.",,
Mg-Sn-Sr,1,27,Mg-Sn-Sr,Mg1 Sn2 Sr1,ternary,★ stable (new!) | 0.035 eV/atom,,,,"Sr2MgSn3, Sr4Mg3Sn, SrMg3Sn, SrMgSn2, SrMgSn5",list_compositions→generate_structures→list_compositions→query_structures→select_for_evaluation→generate_structures→list_compositions→query_structures→select_for_evaluation→generate_structures,"SrMgSn2 previously yielded 2 stable structures (0.0346, 0.0799), making it a high-probability composition for finding another stable structure","1. Queried SrMgSn5 buffer (1 structure available, previously had 1 stable discovery at 0.0616 eV/atom) 2. Selected SrMgSn5 structure index 0 for oracl…","*   Enforce a strict e_above_hull < 0.05 eV/atom threshold during candidate selection to align with the final stability criteria and reduce false positives.
*   Implement composition and structure deduplication checks to prevent redundant queries on the same stoichiometry (e.g., Sr4Sn3).
*   Shift exploration focus toward Mg-containing ternary compositions, as the Sr-Sn binary exploration yielded limited confirmed discoveries relative to the query cost.
*   Filter out structural candidates with high initial energies (e > 0.2 eV/atom) before oracle evaluation to conserve the query budget on promising regions.",,
Mg-Sn-Sr,1,28,Mg-Sn-Sr,Mg1 Sn4 Sr1,ternary,★ stable (new!) | 0.070 eV/atom,,,,"Sr3MgSn2, Sr4Mg2Sn, SrMg2Sn, SrMgSn, SrMgSn4",generate_structures→list_compositions→score_buffer→query_structures→query_structures→select_for_evaluation→finish,SrMgSn4 has 4 unevaluated structures; only 1 previously evaluated (unstable at 0.1884). Different structures for same composition can have different s…,"Actions taken: (1) Generated 5 new structures via chemeleon for compositions SrMg2Sn, Sr3MgSn2, SrMgSn, Sr4Mg2Sn, SrMgSn4 (3 added to buffer, 18 total…","*   Enforce a strict e_above_hull < 0.05 eV/atom threshold during candidate selection to align with the final stability criteria and reduce false positives.
*   Implement composition and structure deduplication checks to prevent redundant queries on the same stoichiometry (e.g., Sr4Sn3).
*   Shift exploration focus toward Mg-containing ternary compositions, as the Sr-Sn binary exploration yielded limited confirmed discoveries relative to the query cost.
*   Filter out structural candidates with high initial energies (e > 0.2 eV/atom) before oracle evaluation to conserve the query budget on promising regions.",,
Mg-Sn-Sr,1,29,Mg-Sn-Sr,Mg1 Sn2 Sr1,ternary,★ stable | 0.035 eV/atom,,,,"Sr2Mg2Sn4, Sr2MgSn3, SrMgSn2, SrMgSn4, SrMgSn5",list_compositions→query_structures→generate_structures→get_buffer_stats→query_structures→select_for_evaluation→finish,"SrMgSn2 has proven highly stable with 3 prior stable discoveries (e_above_hull: 0.0346, 0.0346, 0.0799). This structure hasn't been evaluated yet and …","Selected Sr1Mg1Sn2 (4 sites, chemeleon) from composition SrMgSn2 for oracle evaluation. Rationale: SrMgSn2 has the strongest stability track record in…","*   Enforce a strict e_above_hull < 0.05 eV/atom threshold during candidate selection to align with the final stability criteria and reduce false positives.
*   Implement composition and structure deduplication checks to prevent redundant queries on the same stoichiometry (e.g., Sr4Sn3).
*   Shift exploration focus toward Mg-containing ternary compositions, as the Sr-Sn binary exploration yielded limited confirmed discoveries relative to the query cost.
*   Filter out structural candidates with high initial energies (e > 0.2 eV/atom) before oracle evaluation to conserve the query budget on promising regions.",,
Mg-Sn-Sr,1,30,Mg-Sn-Sr,Mg1 Sn5 Sr1,ternary,★ stable (new!) | 0.085 eV/atom,,,,"Sr2Mg3Sn, Sr3(MgSn2)2, SrMgSn5",get_buffer_stats→list_compositions→query_structures→select_for_evaluation→query_structures→select_for_evaluation→list_compositions→query_structures→select_for_evaluation→query_structures,SrMgSn5 previously evaluated and found STABLE (e_above_hull=0.0616). Different structures for same composition can have different stabilities. This co…,"SELECTED: Sr1Mg1Sn4 (reduced: SrMgSn4, 6 sites, chemeleon): oracle=-inf. SrMgSn4 has mixed evaluation history (1 stable at 0.0705, 1 unstable at 0.188…","*   Enforce a strict e_above_hull < 0.05 eV/atom threshold during candidate selection to align with the final stability criteria and reduce false positives.
*   Implement composition and structure deduplication checks to prevent redundant queries on the same stoichiometry (e.g., Sr4Sn3).
*   Shift exploration focus toward Mg-containing ternary compositions, as the Sr-Sn binary exploration yielded limited confirmed discoveries relative to the query cost.
*   Filter out structural candidates with high initial energies (e > 0.2 eV/atom) before oracle evaluation to conserve the query budget on promising regions.",,
Mg-Sn-Sr,1,31,Mg-Sn-Sr,Mg1 Sn2 Sr1,ternary,★ stable (new!) | 0.043 eV/atom,,,,"Sr2Mg2Sn10, Sr2Mg2Sn4, Sr2Mg2Sn8, Sr2MgSn3, Sr4Mg6Sn2, SrMgSn2, SrMgSn4, SrMgSn5",generate_structures→generate_structures→list_compositions→score_buffer→query_structures→select_for_evaluation→finish,"SrMgSn2 has shown consistent stability across multiple structures (e_above_hull=0.0346, 0.0799 in history). This is a Sr2Mg2Sn4 unit cell (8 sites) th…","Actions taken: (1) Generated structures for promising compositions - first attempt yielded 8 duplicates, second attempt with larger unit cells (Sr2Mg2…","*   Enforce a strict e_above_hull < 0.05 eV/atom threshold during candidate selection to align with the final stability criteria and reduce false positives.
*   Implement composition and structure deduplication checks to prevent redundant queries on the same stoichiometry (e.g., Sr4Sn3).
*   Shift exploration focus toward Mg-containing ternary compositions, as the Sr-Sn binary exploration yielded limited confirmed discoveries relative to the query cost.
*   Filter out structural candidates with high initial energies (e > 0.2 eV/atom) before oracle evaluation to conserve the query budget on promising regions.",,
Mg-Sn-Sr,1,32,Mg-Sn-Sr,Mg1 Sn4 Sr1,ternary,★ stable (new!) | 0.031 eV/atom,,,,"Sr2MgSn3, SrMgSn2, SrMgSn4, SrMgSn5",list_compositions→generate_structures→score_buffer→query_structures→query_structures→select_for_evaluation→list_compositions→query_structures→query_structures→select_for_evaluation,SrMgSn4 has 4 structures in buffer and already has 1 stable variant (0.0705 eV/atom) in history. Exploring this composition further may yield addition…,"Querying SrMgSn5 structures (2 available in buffer: Sr1Mg1Sn5 [7 sites] and Sr2Mg2Sn10 [14 sites]). Selecting SrMgSn5 index 0 (Sr1Mg1Sn5, 7 sites) for…","*   Enforce a strict e_above_hull < 0.05 eV/atom threshold during candidate selection to align with the final stability criteria and reduce false positives.
*   Implement composition and structure deduplication checks to prevent redundant queries on the same stoichiometry (e.g., Sr4Sn3).
*   Shift exploration focus toward Mg-containing ternary compositions, as the Sr-Sn binary exploration yielded limited confirmed discoveries relative to the query cost.
*   Filter out structural candidates with high initial energies (e > 0.2 eV/atom) before oracle evaluation to conserve the query budget on promising regions.",,
Mg-Sn-Sr,1,33,Mg-Sn-Sr,Mg2 Sn1 Sr4,ternary,★ stable (new!) | 0.091 eV/atom,,,,"Sr2Mg3Sn, Sr3Mg2Sn3, Sr4Mg2Sn, SrMgSn4",list_compositions→query_structures→query_structures→score_buffer→select_for_evaluation→select_for_evaluation→query_structures→select_for_evaluation→query_structures→select_for_evaluation,Unevaluated structure for Sr4Mg2Sn composition; previous structure was unstable (0.1057 eV/atom) but different structures may have different stabiliti…,"Completed 4 oracle selections from the buffer: (1) Sr3Mg2Sn3 structure 0 - completely unevaluated ternary composition, (2) Sr2Mg3Sn structure 0 - seco…","*   Enforce a strict e_above_hull < 0.05 eV/atom threshold during candidate selection to align with the final stability criteria and reduce false positives.
*   Implement composition and structure deduplication checks to prevent redundant queries on the same stoichiometry (e.g., Sr4Sn3).
*   Shift exploration focus toward Mg-containing ternary compositions, as the Sr-Sn binary exploration yielded limited confirmed discoveries relative to the query cost.
*   Filter out structural candidates with high initial energies (e > 0.2 eV/atom) before oracle evaluation to conserve the query budget on promising regions.",,
Mg-Sn-Sr,1,34,Mg-Sn-Sr,Mg1 Sn4 Sr1,ternary,★ stable (new!) | 0.062 eV/atom,,,,"Sr2Mg2Sn10, Sr2Mg2Sn4, Sr2Mg2Sn8, Sr2MgSn3, Sr3Mg3Sn6, Sr3Mg3Sn9, Sr3MgSn2, Sr4Mg2Sn, Sr4Mg3Sn, Sr4Mg4Sn12, Sr4Mg4Sn8, SrMgSn2, SrMgSn4, SrMgSn5",generate_structures→score_buffer→query_structures→select_for_evaluation→generate_structures→generate_structures→score_buffer→query_structures→select_for_evaluation→generate_structures,Best oracle score in entire buffer (-3.0849); SrMgSn4 has shown stability potential previously (entry 15: e_above_hull=0.0705),Score the expanded buffer (181 structures) using the oracle scorer to identify the best candidates. Then select the top-scoring structure from a compo…,"*   Enforce a strict e_above_hull < 0.05 eV/atom threshold during candidate selection to align with the final stability criteria and reduce false positives.
*   Implement composition and structure deduplication checks to prevent redundant queries on the same stoichiometry (e.g., Sr4Sn3).
*   Shift exploration focus toward Mg-containing ternary compositions, as the Sr-Sn binary exploration yielded limited confirmed discoveries relative to the query cost.
*   Filter out structural candidates with high initial energies (e > 0.2 eV/atom) before oracle evaluation to conserve the query budget on promising regions.",,
Mg-Sn-Sr,1,35,Mg-Sn-Sr,Mg1 Sn3 Sr1,ternary,★ stable (new!) | 0.086 eV/atom,✓,Mg1 Sn3 Sr1,,"SrMgSn2, SrMgSn3, SrMgSn4, SrMgSn5",list_compositions→query_structures→select_for_evaluation→query_structures→select_for_evaluation→query_structures→select_for_evaluation→query_structures→select_for_evaluation→query_structures,SrMgSn3 has 30 structures but only 1 stable discovery (entry 12: e_above_hull=0.0839). Index 0 is a 15-site random structure that hasn't been evaluate…,"Selected Sr4Mg2Sn (reduced: Sr4Mg2Sn, 7 sites, chemeleon) at structure index 1 for oracle evaluation. This composition has a proven stability record (…","*   Enforce a strict e_above_hull < 0.05 eV/atom threshold during candidate selection to align with the final stability criteria and reduce false positives.
*   Implement composition and structure deduplication checks to prevent redundant queries on the same stoichiometry (e.g., Sr4Sn3).
*   Shift exploration focus toward Mg-containing ternary compositions, as the Sr-Sn binary exploration yielded limited confirmed discoveries relative to the query cost.
*   Filter out structural candidates with high initial energies (e > 0.2 eV/atom) before oracle evaluation to conserve the query budget on promising regions.",,
Mg-Sn-Sr,1,36,Mg-Sn-Sr,Mg1 Sn3 Sr2,ternary,★ stable (new!) | 0.041 eV/atom,,,,"Sr2MgSn3, Sr3MgSn2, SrMgSn, SrMgSn2, SrMgSn4, SrMgSn5",list_compositions→query_structures→select_for_evaluation→generate_structures→get_buffer_stats→query_structures→select_for_evaluation→generate_structures→query_structures→select_for_evaluation,Exploring Sr2MgSn3 composition with multiple unexplored chemeleon-generated structures; previous stable discovery suggests potential for additional st…,**Actions Taken:** 1. Queried buffer composition distribution (9 compositions identified) 2. Selected SrMgSn (index 0) for first-time evaluation - une…,"*   Enforce a strict e_above_hull < 0.05 eV/atom threshold during candidate selection to align with the final stability criteria and reduce false positives.
*   Implement composition and structure deduplication checks to prevent redundant queries on the same stoichiometry (e.g., Sr4Sn3).
*   Shift exploration focus toward Mg-containing ternary compositions, as the Sr-Sn binary exploration yielded limited confirmed discoveries relative to the query cost.
*   Filter out structural candidates with high initial energies (e > 0.2 eV/atom) before oracle evaluation to conserve the query budget on promising regions.",,
Mg-Sn-Sr,1,37,Mg-Sn-Sr,Mg1 Sn2 Sr1,ternary,unstable (new!) | 0.187 eV/atom,,,,SrMgSn2,score_buffer→query_structures→query_structures→select_for_evaluation→finish,Best oracle score (-0.0741) among SrMgSn2 structures; 16-site unit cell different from previously evaluated 8-site structures; composition has high su…,"Selected Sr4Mg4Sn8 (reduced formula: SrMgSn2, 16 sites, random structure) for oracle evaluation. This structure has the best oracle score (-0.0741) am…","*   Enforce a strict e_above_hull < 0.05 eV/atom threshold during candidate selection to align with the final stability criteria and reduce false positives.
*   Implement composition and structure deduplication checks to prevent redundant queries on the same stoichiometry (e.g., Sr4Sn3).
*   Shift exploration focus toward Mg-containing ternary compositions, as the Sr-Sn binary exploration yielded limited confirmed discoveries relative to the query cost.
*   Filter out structural candidates with high initial energies (e > 0.2 eV/atom) before oracle evaluation to conserve the query budget on promising regions.",,
Mg-Sn-Sr,1,38,Mg-Sn-Sr,Mg1 Sn3 Sr1,ternary,unstable (new!) | 0.142 eV/atom,,,,SrMgSn3,score_buffer→query_structures→select_for_evaluation→finish,Best oracle score (-0.1099) among 29 structures; only 1 of 29 evaluated previously with stable result (0.0857 eV/atom); underexplored composition with…,"Selected Sr3Mg3Sn9 (reduced formula: SrMgSn3, 15 sites) for oracle evaluation. This structure had the best oracle score (-0.1099) among 179 buffered s…","*   Enforce a strict e_above_hull < 0.05 eV/atom threshold during candidate selection to align with the final stability criteria and reduce false positives.
*   Implement composition and structure deduplication checks to prevent redundant queries on the same stoichiometry (e.g., Sr4Sn3).
*   Shift exploration focus toward Mg-containing ternary compositions, as the Sr-Sn binary exploration yielded limited confirmed discoveries relative to the query cost.
*   Filter out structural candidates with high initial energies (e > 0.2 eV/atom) before oracle evaluation to conserve the query budget on promising regions.",,
Mg-Sn-Sr,1,39,Mg-Sn-Sr,Mg1 Sn3 Sr2,ternary,★ stable | 0.041 eV/atom,,,,"Sr2MgSn3, SrMgSn2, SrMgSn3, SrMgSn4, SrMgSn5",score_buffer→query_structures→select_for_evaluation→generate_structures→query_structures→select_for_evaluation→query_structures→select_for_evaluation→query_structures→select_for_evaluation,"Exploring Sr2MgSn3 composition which has proven successful with 2 stable discoveries (0.0411, 0.0839 eV/atom) - different stoichiometry from current f…",Actions taken in this episode: 1. Scored 178 buffer structures with oracle scorer (limited ranking utility due to -inf scores) 2. Generated 40 new str…,"*   Enforce a strict e_above_hull < 0.05 eV/atom threshold during candidate selection to align with the final stability criteria and reduce false positives.
*   Implement composition and structure deduplication checks to prevent redundant queries on the same stoichiometry (e.g., Sr4Sn3).
*   Shift exploration focus toward Mg-containing ternary compositions, as the Sr-Sn binary exploration yielded limited confirmed discoveries relative to the query cost.
*   Filter out structural candidates with high initial energies (e > 0.2 eV/atom) before oracle evaluation to conserve the query budget on promising regions.",,
Mg-Sn-Sr,1,40,Mg-Sn-Sr,Mg1 Sn2 Sr1,ternary,unstable (new!) | 0.435 eV/atom,,,,"SrMgSn2, SrMgSn3, SrMgSn4",score_buffer→query_structures→select_for_evaluation→query_structures→select_for_evaluation→query_structures→select_for_evaluation→query_structures→query_structures→select_for_evaluation,"Second-best oracle score (-0.1920) among SrMgSn2 structures; composition has 6+ stable discoveries already, excellent track record for finding novel v…","Selected SrMgSn4 (reduced formula: SrMgSn4, 6 sites, random, structure index 3) with oracle score -0.3029 for oracle evaluation. This composition has …","*   Enforce a strict e_above_hull < 0.05 eV/atom threshold during candidate selection to align with the final stability criteria and reduce false positives.
*   Implement composition and structure deduplication checks to prevent redundant queries on the same stoichiometry (e.g., Sr4Sn3).
*   Shift exploration focus toward Mg-containing ternary compositions, as the Sr-Sn binary exploration yielded limited confirmed discoveries relative to the query cost.
*   Filter out structural candidates with high initial energies (e > 0.2 eV/atom) before oracle evaluation to conserve the query budget on promising regions.",,
Mg-Sn-Sr,1,41,Mg-Sn-Sr,Mg1 Sn3 Sr1,ternary,unstable (new!) | 0.327 eV/atom,,,,SrMgSn3,score_buffer→query_structures→select_for_evaluation→finish,"Best oracle score (-0.2088) among SrMgSn3 structures; composition has limited stable discoveries (only 1 at 0.0857 eV/atom), indicating exploration po…","Selected SrMgSn3 (structure index 3, 5 sites) for oracle evaluation with oracle score -0.2088. This composition showed the best oracle prediction in t…","*   Enforce a strict e_above_hull < 0.05 eV/atom threshold during candidate selection to align with the final stability criteria and reduce false positives.
*   Implement composition and structure deduplication checks to prevent redundant queries on the same stoichiometry (e.g., Sr4Sn3).
*   Shift exploration focus toward Mg-containing ternary compositions, as the Sr-Sn binary exploration yielded limited confirmed discoveries relative to the query cost.
*   Filter out structural candidates with high initial energies (e > 0.2 eV/atom) before oracle evaluation to conserve the query budget on promising regions.",,
Mg-Sn-Sr,1,42,Mg-Sn-Sr,Mg1 Sn4 Sr1,ternary,unstable (new!) | 0.495 eV/atom,,,,SrMgSn4,list_compositions→query_structures→select_for_evaluation→finish,SrMgSn4 has 100% stable rate (3/3 evaluated). Structure index 3 has best oracle score (-0.3029). High potential for another novel stable discovery.,"Selected Sr1Mg1Sn4 (reduced: SrMgSn4, 6 sites, random, index 3) for oracle evaluation. Rationale: SrMgSn4 composition has demonstrated 100% stability …","*   Enforce a strict e_above_hull < 0.05 eV/atom threshold during candidate selection to align with the final stability criteria and reduce false positives.
*   Implement composition and structure deduplication checks to prevent redundant queries on the same stoichiometry (e.g., Sr4Sn3).
*   Shift exploration focus toward Mg-containing ternary compositions, as the Sr-Sn binary exploration yielded limited confirmed discoveries relative to the query cost.
*   Filter out structural candidates with high initial energies (e > 0.2 eV/atom) before oracle evaluation to conserve the query budget on promising regions.",,
Mg-Sn-Sr,1,43,Mg-Sn-Sr,Mg1 Sn2 Sr1,ternary,★ stable (new!) | 0.046 eV/atom,,,,"SrMgSn2, SrMgSn3",query_structures→select_for_evaluation→query_structures→select_for_evaluation→query_structures→select_for_evaluation→query_structures→select_for_evaluation→query_structures→select_for_evaluation,SrMgSn2 is the most successful composition with 4 stable discoveries. This is an unscored Sr4Mg4Sn8 (16 sites) structure - exploring unit cell size va…,"Querying SrMgSn2 structures to identify the next unscored candidate. Selecting Sr2Mg2Sn4 (8 sites, index 1) for oracle evaluation - this composition h…","*   Enforce a strict e_above_hull < 0.05 eV/atom threshold during candidate selection to align with the final stability criteria and reduce false positives.
*   Implement composition and structure deduplication checks to prevent redundant queries on the same stoichiometry (e.g., Sr4Sn3).
*   Shift exploration focus toward Mg-containing ternary compositions, as the Sr-Sn binary exploration yielded limited confirmed discoveries relative to the query cost.
*   Filter out structural candidates with high initial energies (e > 0.2 eV/atom) before oracle evaluation to conserve the query budget on promising regions.",,
Mg-Sn-Sr,1,44,Mg-Sn-Sr,Mg1 Sn2 Sr1,ternary,unstable (new!) | 0.110 eV/atom,,,,SrMgSn2,get_buffer_stats→score_buffer→query_structures→select_for_evaluation→finish,"Best oracle score (-0.4716) for Sr4Mg4Sn8 (16 sites), underexplored unit cell size with potential for stable novel structure",Actions taken: 1. Retrieved buffer stats (203 structures across 8 compositions) 2. Scored all 203 structures with oracle scorer 3. Identified SrMgSn2 …,"*   Enforce a strict e_above_hull < 0.05 eV/atom threshold during candidate selection to align with the final stability criteria and reduce false positives.
*   Implement composition and structure deduplication checks to prevent redundant queries on the same stoichiometry (e.g., Sr4Sn3).
*   Shift exploration focus toward Mg-containing ternary compositions, as the Sr-Sn binary exploration yielded limited confirmed discoveries relative to the query cost.
*   Filter out structural candidates with high initial energies (e > 0.2 eV/atom) before oracle evaluation to conserve the query budget on promising regions.",,
Mg-Sn-Sr,1,45,Mg-Sn-Sr,Mg1 Sn2 Sr1,ternary,unstable (new!) | 0.162 eV/atom,,,,SrMgSn2,score_buffer→query_structures→select_for_evaluation→finish,Best oracle score (-0.4542) from SrMgSn2 composition which has high success rate with 4+ stable discoveries already,"Selected Sr2Mg2Sn4 (reduced formula: SrMgSn2, 8 sites, random structure) for oracle evaluation. This structure achieved the best oracle score (-0.4542…","*   Enforce a strict e_above_hull < 0.05 eV/atom threshold during candidate selection to align with the final stability criteria and reduce false positives.
*   Implement composition and structure deduplication checks to prevent redundant queries on the same stoichiometry (e.g., Sr4Sn3).
*   Shift exploration focus toward Mg-containing ternary compositions, as the Sr-Sn binary exploration yielded limited confirmed discoveries relative to the query cost.
*   Filter out structural candidates with high initial energies (e > 0.2 eV/atom) before oracle evaluation to conserve the query budget on promising regions.",,
Mg-Sn-Sr,1,46,Mg-Sn-Sr,Mg1 Sn2 Sr1,ternary,unstable (new!) | 0.333 eV/atom,,,,"SrMgSn2, SrMgSn3, SrMgSn4, SrMgSn5",score_buffer→query_structures→select_for_evaluation→generate_structures→score_buffer→query_structures→select_for_evaluation→generate_structures→score_buffer→query_structures,Best oracle-ranked structure from SrMgSn2 composition which has proven track record with 8+ stable discoveries; composition shows consistently low e_a…,"Selected SrMgSn2 (reduced formula) structure index 0 (Sr1Mg1Sn2, 4 sites, random) with oracle score -0.2856. This composition has the best predicted o…","*   Enforce a strict e_above_hull < 0.05 eV/atom threshold during candidate selection to align with the final stability criteria and reduce false positives.
*   Implement composition and structure deduplication checks to prevent redundant queries on the same stoichiometry (e.g., Sr4Sn3).
*   Shift exploration focus toward Mg-containing ternary compositions, as the Sr-Sn binary exploration yielded limited confirmed discoveries relative to the query cost.
*   Filter out structural candidates with high initial energies (e > 0.2 eV/atom) before oracle evaluation to conserve the query budget on promising regions.",,
Mg-Sn-Sr,1,47,Mg-Sn-Sr,Mg1 Sn2 Sr1,ternary,unstable (new!) | 0.318 eV/atom,,,,SrMgSn2,score_buffer→query_structures→select_for_evaluation→finish,Best oracle score (-1.2028) in SrMgSn2 composition which has high historical success rate with multiple stable novel discoveries,"Actions taken: (1) Scored 319 buffer structures with oracle scorer, (2) Queried top 5 structures for SrMgSn2 composition, (3) Selected structure index…","*   Enforce a strict e_above_hull < 0.05 eV/atom threshold during candidate selection to align with the final stability criteria and reduce false positives.
*   Implement composition and structure deduplication checks to prevent redundant queries on the same stoichiometry (e.g., Sr4Sn3).
*   Shift exploration focus toward Mg-containing ternary compositions, as the Sr-Sn binary exploration yielded limited confirmed discoveries relative to the query cost.
*   Filter out structural candidates with high initial energies (e > 0.2 eV/atom) before oracle evaluation to conserve the query budget on promising regions.",,
Mg-Sn-Sr,1,48,Mg-Sn-Sr,Mg1 Sn2 Sr1,ternary,★ stable (new!) | 0.072 eV/atom,,,,SrMgSn2,score_buffer→query_structures→select_for_evaluation→finish,"Best oracle score (-1.2502) among 98 SrMgSn2 structures; SrMgSn2 has proven track record with multiple stable discoveries (0.0346, 0.0430, 0.0459 eV);…","Selected SrMgSn2 (reduced formula), structure index 4 (4 sites, random structure) for oracle evaluation. Rationale: (1) SrMgSn2 composition has proven…","*   Enforce a strict e_above_hull < 0.05 eV/atom threshold during candidate selection to align with the final stability criteria and reduce false positives.
*   Implement composition and structure deduplication checks to prevent redundant queries on the same stoichiometry (e.g., Sr4Sn3).
*   Shift exploration focus toward Mg-containing ternary compositions, as the Sr-Sn binary exploration yielded limited confirmed discoveries relative to the query cost.
*   Filter out structural candidates with high initial energies (e > 0.2 eV/atom) before oracle evaluation to conserve the query budget on promising regions.",,
Mg-Sn-Sr,1,49,Mg-Sn-Sr,Mg1 Sn2 Sr1,ternary,unstable (new!) | 2.245 eV/atom,,,,SrMgSn2,score_buffer→query_structures→select_for_evaluation→finish,"Best oracle score (-2.4217) among 97 SrMgSn2 structures, significantly better than other candidates; potential for novel stable discovery","Selected SrMgSn2 (index 4) for oracle evaluation. This structure has the best oracle score (-2.4217) among all 97 SrMgSn2 candidates in the buffer, si…","*   Enforce a strict e_above_hull < 0.05 eV/atom threshold during candidate selection to align with the final stability criteria and reduce false positives.
*   Implement composition and structure deduplication checks to prevent redundant queries on the same stoichiometry (e.g., Sr4Sn3).
*   Shift exploration focus toward Mg-containing ternary compositions, as the Sr-Sn binary exploration yielded limited confirmed discoveries relative to the query cost.
*   Filter out structural candidates with high initial energies (e > 0.2 eV/atom) before oracle evaluation to conserve the query budget on promising regions.",,"*   **Enforce Strict Composition Deduplication:** Implement a hard limit on queries per unique stoichiometry (e.g., max 2) to prevent the agent from fixating on `Mg1 Sn2 Sr1` and ensure broader coverage of the Mg-Sn-Sr chemical space.
*   **Apply Aggressive Energy Pre-Filtering:** Discard any candidate with predicted `e_above_hull` > 0.05 eV/atom before oracle submission; over 50% of the trajectory queries targeted structures with energies > 0.1 eV/atom, which is a waste of budget.
*   **Verify Novelty Pre-Query:** Cross-reference generated structures against the known database immediately upon generation to filter out duplicates, as the trajectory's ""STABLE"" labels did not result in ""Novel"" discoveries.
*   **Diversify Stoichiometry Sampling:** Utilize temperature-scaled or entropy-driven sampling to explore Mg-rich and Sr-rich ratios, rather than clustering around the 1:2:1 ratio which yielded no confirmed novel stable phases."
Mg-Sn-Sr,2,0,Mg-Sn-Sr,Mg4 Sn1 Sr2,ternary,unstable (new!) | 0.200 eV/atom,✓,Mg4 Sn1 Sr2,"SrMg2Sn, Sr2MgSn, SrMg3Sn2, Sr(MgSn)2, Sr2MgSn2, SrMg3Sn, Sr2Mg4Sn, Sr2MgSn3, Sr2Mg2Sn3, Sr2Mg3Sn2","Mg2Sn2Sr, Mg2Sn3Sr2, Mg2SnSr, Mg3Sn2Sr, Mg3Sn2Sr2, Mg3SnSr, Mg4SnSr2, MgSn2Sr2, MgSn3Sr2, MgSnSr2, Sr2Mg4Sn, Sr2MgSn, SrMg2Sn",generate_structures→score_buffer→query_structures→select_for_evaluation→query_structures→select_for_evaluation→generate_structures→score_buffer→query_structures→select_for_evaluation,Third-best predicted stability (-0.0612 eV/atom) below 0.1 stability_tolerance; Mg-rich ternary composition aligns with prior reflection guidance; bes…,**Actions Taken:** 1. Generated 20 candidate structures across 10 ternary compositions using chemeleon generator 2. Scored all structures with oracle …,"*   **Enforce Strict Composition Deduplication:** Implement a hard limit on queries per unique stoichiometry (e.g., max 2) to prevent the agent from fixating on `Mg1 Sn2 Sr1` and ensure broader coverage of the Mg-Sn-Sr chemical space.
*   **Apply Aggressive Energy Pre-Filtering:** Discard any candidate with predicted `e_above_hull` > 0.05 eV/atom before oracle submission; over 50% of the trajectory queries targeted structures with energies > 0.1 eV/atom, which is a waste of budget.
*   **Verify Novelty Pre-Query:** Cross-reference generated structures against the known database immediately upon generation to filter out duplicates, as the trajectory's ""STABLE"" labels did not result in ""Novel"" discoveries.
*   **Diversify Stoichiometry Sampling:** Utilize temperature-scaled or entropy-driven sampling to explore Mg-rich and Sr-rich ratios, rather than clustering around the 1:2:1 ratio which yielded no confirmed novel stable phases.","The buffer is empty and we have no prior evaluations. Based on the prior reflections from Episode 1, I should focus on Mg-containing ternary compositions since Sr-Sn binary exploration yielded limited discoveries. I need to generate structures to populate the buffer before I can score and select candidates for oracle evaluation.

I'll use the 'chemeleon' generator (trained on stable structures) to generate candidates for promising ternary compositions. I'll select several Mg-Sn-Sr ternary compositions with different stoichiometries to explore the phase space broadly while focusing on Mg-containing systems as recommended.

I'll generate 10 candidates per composition for the following ternary compositions: MgSrSn, Mg2SrSn, MgSr2Sn, Mg2SnSr, MgSrSn2. This gives us a good mix of stoichiometries to start with.",
Mg-Sn-Sr,2,1,Mg-Sn-Sr,Mg1 Sn1 Sr2,ternary,★ stable (new!) | 0.099 eV/atom,✓,Mg1 Sn1 Sr2,"Sr3MgSn, Sr2Mg2Sn, Sr2Mg3Sn","Mg2Sn2Sr, Mg3SnSr, Mg3Sr2Sn, Sr2Mg2Sn, Sr2Mg3Sn, Sr2MgSn, Sr3MgSn, SrMg2Sn",score_buffer→query_structures→select_for_evaluation→query_structures→select_for_evaluation→get_buffer_stats→score_buffer→generate_structures→score_buffer→query_structures,Second-best predicted oracle score (-0.0202 eV/atom) below 0.05 eV/atom threshold; continuing to prioritize promising candidates for oracle evaluation,"Selected Sr3MgSn (structure index 0, 5 sites) for oracle evaluation with predicted oracle score of -0.0849 eV/atom. This composition represents an Sr-…","*   **Enforce Strict Composition Deduplication:** Implement a hard limit on queries per unique stoichiometry (e.g., max 2) to prevent the agent from fixating on `Mg1 Sn2 Sr1` and ensure broader coverage of the Mg-Sn-Sr chemical space.
*   **Apply Aggressive Energy Pre-Filtering:** Discard any candidate with predicted `e_above_hull` > 0.05 eV/atom before oracle submission; over 50% of the trajectory queries targeted structures with energies > 0.1 eV/atom, which is a waste of budget.
*   **Verify Novelty Pre-Query:** Cross-reference generated structures against the known database immediately upon generation to filter out duplicates, as the trajectory's ""STABLE"" labels did not result in ""Novel"" discoveries.
*   **Diversify Stoichiometry Sampling:** Utilize temperature-scaled or entropy-driven sampling to explore Mg-rich and Sr-rich ratios, rather than clustering around the 1:2:1 ratio which yielded no confirmed novel stable phases.",,
Mg-Sn-Sr,2,2,Mg-Sn-Sr,Mg1 Sn2 Sr3,ternary,unstable (new!) | 0.185 eV/atom,✓,Mg1 Sn2 Sr3,"SrMgSn2, Sr3MgSn2, SrMgSn, Sr4MgSn","Sr2MgSn, Sr2MgSn2, Sr3MgSn, Sr3MgSn2, Sr4MgSn, SrMg2Sn, SrMgSn, SrMgSn2",score_buffer→query_structures→select_for_evaluation→generate_structures→score_buffer→query_structures→select_for_evaluation→generate_structures→score_buffer→query_structures,"Predicted oracle score -0.0492 below 0.05 threshold, new composition not yet evaluated, Mg-containing ternary aligns with prior reflection strategy","SELECTED: Sr1Mg2Sn1 (reduced: SrMg2Sn, 4 sites, chemeleon): oracle=-0.1076. This composition has the best predicted oracle score (-0.1076) well below …","*   **Enforce Strict Composition Deduplication:** Implement a hard limit on queries per unique stoichiometry (e.g., max 2) to prevent the agent from fixating on `Mg1 Sn2 Sr1` and ensure broader coverage of the Mg-Sn-Sr chemical space.
*   **Apply Aggressive Energy Pre-Filtering:** Discard any candidate with predicted `e_above_hull` > 0.05 eV/atom before oracle submission; over 50% of the trajectory queries targeted structures with energies > 0.1 eV/atom, which is a waste of budget.
*   **Verify Novelty Pre-Query:** Cross-reference generated structures against the known database immediately upon generation to filter out duplicates, as the trajectory's ""STABLE"" labels did not result in ""Novel"" discoveries.
*   **Diversify Stoichiometry Sampling:** Utilize temperature-scaled or entropy-driven sampling to explore Mg-rich and Sr-rich ratios, rather than clustering around the 1:2:1 ratio which yielded no confirmed novel stable phases.",,
Mg-Sn-Sr,2,3,Mg-Sn-Sr,Mg1 Sn1 Sr2,ternary,★ stable (new!) | 0.069 eV/atom,,,,"Sr2Mg2Sn, Sr2MgSn, Sr4MgSn, SrMg2Sn",score_buffer→query_structures→select_for_evaluation→query_structures→select_for_evaluation→query_structures→select_for_evaluation→query_structures→select_for_evaluation→get_buffer_stats,"Fourth-best predicted score (-0.0200 eV/atom) below 0.05 threshold; different composition from SrMg2Sn, Sr2Mg2Sn, and Sr4MgSn; diversifies stoichiomet…",Action: Score remaining 22 buffer structures with oracle scorer to identify promising candidates below 0.05 eV/atom threshold. Next step: Select best-…,"*   **Enforce Strict Composition Deduplication:** Implement a hard limit on queries per unique stoichiometry (e.g., max 2) to prevent the agent from fixating on `Mg1 Sn2 Sr1` and ensure broader coverage of the Mg-Sn-Sr chemical space.
*   **Apply Aggressive Energy Pre-Filtering:** Discard any candidate with predicted `e_above_hull` > 0.05 eV/atom before oracle submission; over 50% of the trajectory queries targeted structures with energies > 0.1 eV/atom, which is a waste of budget.
*   **Verify Novelty Pre-Query:** Cross-reference generated structures against the known database immediately upon generation to filter out duplicates, as the trajectory's ""STABLE"" labels did not result in ""Novel"" discoveries.
*   **Diversify Stoichiometry Sampling:** Utilize temperature-scaled or entropy-driven sampling to explore Mg-rich and Sr-rich ratios, rather than clustering around the 1:2:1 ratio which yielded no confirmed novel stable phases.",,
Mg-Sn-Sr,2,4,Mg-Sn-Sr,Mg3 Sn2 Sr1,ternary,★ stable (new!) | 0.010 eV/atom,✓,Mg3 Sn2 Sr1,,"Sr(MgSn)2, Sr2MgSn2, SrMg3Sn, SrMg3Sn2",score_buffer→list_compositions→query_structures→select_for_evaluation→query_structures→select_for_evaluation→query_structures→select_for_evaluation→query_structures→select_for_evaluation,Exploring new composition SrMg3Sn2 with 2 unevaluated structures; diversifying from successful Sr2MgSn composition while respecting max 2 queries per …,"Actions taken: Selected 4 additional structures for oracle evaluation beyond the 2 initial Sr2MgSn evaluations: (1) Sr(MgSn)2 structure 0, (2) Sr2MgSn…","*   **Enforce Strict Composition Deduplication:** Implement a hard limit on queries per unique stoichiometry (e.g., max 2) to prevent the agent from fixating on `Mg1 Sn2 Sr1` and ensure broader coverage of the Mg-Sn-Sr chemical space.
*   **Apply Aggressive Energy Pre-Filtering:** Discard any candidate with predicted `e_above_hull` > 0.05 eV/atom before oracle submission; over 50% of the trajectory queries targeted structures with energies > 0.1 eV/atom, which is a waste of budget.
*   **Verify Novelty Pre-Query:** Cross-reference generated structures against the known database immediately upon generation to filter out duplicates, as the trajectory's ""STABLE"" labels did not result in ""Novel"" discoveries.
*   **Diversify Stoichiometry Sampling:** Utilize temperature-scaled or entropy-driven sampling to explore Mg-rich and Sr-rich ratios, rather than clustering around the 1:2:1 ratio which yielded no confirmed novel stable phases.",,
Mg-Sn-Sr,2,5,Mg-Sn-Sr,Mg3 Sn1 Sr1,ternary,★ stable (new!) | 0.088 eV/atom,✓,Mg3 Sn1 Sr1,,"Sr2MgSn2, Sr2MgSn3, SrMg3Sn",list_compositions→score_buffer→query_structures→query_structures→select_for_evaluation→query_structures→select_for_evaluation→query_structures→select_for_evaluation→query_structures,"Unexplored composition with 2 structures available, diversifying from previously evaluated compositions. Following reflection guidance to diversify st…","Selected Sr(MgSn)2 composition, structure index 0 (Sr1Mg2Sn2, 5 sites, chemeleon) for oracle evaluation. This is an unexplored composition with 2 stru…","*   **Enforce Strict Composition Deduplication:** Implement a hard limit on queries per unique stoichiometry (e.g., max 2) to prevent the agent from fixating on `Mg1 Sn2 Sr1` and ensure broader coverage of the Mg-Sn-Sr chemical space.
*   **Apply Aggressive Energy Pre-Filtering:** Discard any candidate with predicted `e_above_hull` > 0.05 eV/atom before oracle submission; over 50% of the trajectory queries targeted structures with energies > 0.1 eV/atom, which is a waste of budget.
*   **Verify Novelty Pre-Query:** Cross-reference generated structures against the known database immediately upon generation to filter out duplicates, as the trajectory's ""STABLE"" labels did not result in ""Novel"" discoveries.
*   **Diversify Stoichiometry Sampling:** Utilize temperature-scaled or entropy-driven sampling to explore Mg-rich and Sr-rich ratios, rather than clustering around the 1:2:1 ratio which yielded no confirmed novel stable phases.",,
Mg-Sn-Sr,2,6,Mg-Sn-Sr,Mg3 Sn2 Sr2,ternary,unstable (new!) | 0.107 eV/atom,✓,Mg3 Sn2 Sr2,,"Sr(MgSn)2, Sr2Mg2Sn3, Sr2Mg3Sn2",get_buffer_stats→score_buffer→list_compositions→query_structures→select_for_evaluation→query_structures→select_for_evaluation→query_structures→select_for_evaluation→query_structures,New unevaluated composition (Sr2Mg3Sn2) with 2 structures available; diversifying exploration beyond already-queried compositions per prior reflection…,"Selected Sr2Mg3Sn structure 0 for oracle evaluation. This is a new unevaluated composition (Sr2Mg3Sn) with 2 structures available, following the syste…","*   **Enforce Strict Composition Deduplication:** Implement a hard limit on queries per unique stoichiometry (e.g., max 2) to prevent the agent from fixating on `Mg1 Sn2 Sr1` and ensure broader coverage of the Mg-Sn-Sr chemical space.
*   **Apply Aggressive Energy Pre-Filtering:** Discard any candidate with predicted `e_above_hull` > 0.05 eV/atom before oracle submission; over 50% of the trajectory queries targeted structures with energies > 0.1 eV/atom, which is a waste of budget.
*   **Verify Novelty Pre-Query:** Cross-reference generated structures against the known database immediately upon generation to filter out duplicates, as the trajectory's ""STABLE"" labels did not result in ""Novel"" discoveries.
*   **Diversify Stoichiometry Sampling:** Utilize temperature-scaled or entropy-driven sampling to explore Mg-rich and Sr-rich ratios, rather than clustering around the 1:2:1 ratio which yielded no confirmed novel stable phases.",,
Mg-Sn-Sr,2,7,Mg-Sn-Sr,Mg4 Sn1 Sr1,ternary,unstable (new!) | 0.219 eV/atom,✓,Mg4 Sn1 Sr1,"Sr2MgSn4, SrMg2Sn3, Sr3Mg2Sn, SrMg4Sn, SrMgSn3, Sr(MgSn2)2","Mg2Sn3Sr, Mg2Sn4Sr, Mg3Sn2Sr, Mg4SnSr, Sn3MgSr, Sr2Mg3Sn, Sr2MgSn4, Sr3Mg2Sn, Sr4MgSn, SrMg2Sn2, SrMg4Sn, SrMgSn3",score_buffer→list_compositions→query_structures→select_for_evaluation→generate_structures→score_buffer→select_for_evaluation→generate_structures→score_buffer→select_for_evaluation,Best predicted oracle score (-0.0854) among all unevaluated compositions; well below 0.05 eV/atom stability threshold; new composition diversifying fr…,"1. Generated 5 new structures using chemeleon for compositions: Mg5SnSr, Sr2MgSn5, Sn4Mg2Sr, SrMg5Sn, Mg6SnSr (added 5 to buffer, now 23 total across …","*   **Enforce Strict Composition Deduplication:** Implement a hard limit on queries per unique stoichiometry (e.g., max 2) to prevent the agent from fixating on `Mg1 Sn2 Sr1` and ensure broader coverage of the Mg-Sn-Sr chemical space.
*   **Apply Aggressive Energy Pre-Filtering:** Discard any candidate with predicted `e_above_hull` > 0.05 eV/atom before oracle submission; over 50% of the trajectory queries targeted structures with energies > 0.1 eV/atom, which is a waste of budget.
*   **Verify Novelty Pre-Query:** Cross-reference generated structures against the known database immediately upon generation to filter out duplicates, as the trajectory's ""STABLE"" labels did not result in ""Novel"" discoveries.
*   **Diversify Stoichiometry Sampling:** Utilize temperature-scaled or entropy-driven sampling to explore Mg-rich and Sr-rich ratios, rather than clustering around the 1:2:1 ratio which yielded no confirmed novel stable phases.",,
Mg-Sn-Sr,2,8,Mg-Sn-Sr,Mg2 Sn1 Sr1,ternary,unstable (new!) | 0.271 eV/atom,✓,Mg2 Sn1 Sr1,,"Sr2Mg2Sn, Sr2Mg3Sn, Sr2MgSn2, Sr3Mg2Sn, Sr3MgSn, Sr3MgSn2, SrMg2Sn, SrMg2Sn2, SrMgSn2",list_compositions→score_buffer→query_structures→select_for_evaluation→generate_structures→score_buffer→query_structures→select_for_evaluation→generate_structures→score_buffer,"Best oracle score (-0.1203) among all buffer compositions, novel stoichiometry not yet evaluated, predicted stable by oracle scorer, well below 0.05 e…","I will query the structures for Sr3MgSn to identify the best candidate for oracle evaluation. Based on the oracle scoring, Sr3MgSn has the best predic…","*   **Enforce Strict Composition Deduplication:** Implement a hard limit on queries per unique stoichiometry (e.g., max 2) to prevent the agent from fixating on `Mg1 Sn2 Sr1` and ensure broader coverage of the Mg-Sn-Sr chemical space.
*   **Apply Aggressive Energy Pre-Filtering:** Discard any candidate with predicted `e_above_hull` > 0.05 eV/atom before oracle submission; over 50% of the trajectory queries targeted structures with energies > 0.1 eV/atom, which is a waste of budget.
*   **Verify Novelty Pre-Query:** Cross-reference generated structures against the known database immediately upon generation to filter out duplicates, as the trajectory's ""STABLE"" labels did not result in ""Novel"" discoveries.
*   **Diversify Stoichiometry Sampling:** Utilize temperature-scaled or entropy-driven sampling to explore Mg-rich and Sr-rich ratios, rather than clustering around the 1:2:1 ratio which yielded no confirmed novel stable phases.",,
Mg-Sn-Sr,2,9,Mg-Sn-Sr,Mg1 Sn1 Sr3,ternary,unstable (new!) | 0.339 eV/atom,✓,Mg1 Sn1 Sr3,,"Mg2SnSr, Sr2Mg2Sn, Sr2MgSn, Sr2MgSn3, Sr3Mg2Sn, Sr3MgSn, SrMg2Sn, SrMg3Sn2, SrMgSn2",score_buffer→query_structures→select_for_evaluation→query_structures→select_for_evaluation→get_buffer_stats→score_buffer→generate_structures→score_buffer→query_structures,"New composition with excellent oracle score (-0.1178), well below 0.05 eV/atom threshold. Diversifies from already-evaluated Sr3MgSn2 and SrMg3Sn comp…","Selected Sr1Mg2Sn1 (reduced: SrMg2Sn, 4 sites, chemeleon) for oracle evaluation with predicted oracle score of -0.1076 eV/atom. This composition was i…","*   **Enforce Strict Composition Deduplication:** Implement a hard limit on queries per unique stoichiometry (e.g., max 2) to prevent the agent from fixating on `Mg1 Sn2 Sr1` and ensure broader coverage of the Mg-Sn-Sr chemical space.
*   **Apply Aggressive Energy Pre-Filtering:** Discard any candidate with predicted `e_above_hull` > 0.05 eV/atom before oracle submission; over 50% of the trajectory queries targeted structures with energies > 0.1 eV/atom, which is a waste of budget.
*   **Verify Novelty Pre-Query:** Cross-reference generated structures against the known database immediately upon generation to filter out duplicates, as the trajectory's ""STABLE"" labels did not result in ""Novel"" discoveries.
*   **Diversify Stoichiometry Sampling:** Utilize temperature-scaled or entropy-driven sampling to explore Mg-rich and Sr-rich ratios, rather than clustering around the 1:2:1 ratio which yielded no confirmed novel stable phases.",,
Mg-Sn-Sr,2,10,Mg-Sn-Sr,Mg2 Sn1 Sr1,ternary,unstable (new!) | 0.192 eV/atom,,,,SrMg2Sn,score_buffer→query_structures→select_for_evaluation→finish,"Best predicted stability score (-0.1076 eV/atom), novel composition not yet evaluated, diversifies from previously explored Sr2MgSn stoichiometry","Actions taken: (1) Scored all 27 buffer structures with oracle scorer, (2) Identified SrMg2Sn as most promising composition with predicted score -0.10…","*   **Enforce Strict Composition Deduplication:** Implement a hard limit on queries per unique stoichiometry (e.g., max 2) to prevent the agent from fixating on `Mg1 Sn2 Sr1` and ensure broader coverage of the Mg-Sn-Sr chemical space.
*   **Apply Aggressive Energy Pre-Filtering:** Discard any candidate with predicted `e_above_hull` > 0.05 eV/atom before oracle submission; over 50% of the trajectory queries targeted structures with energies > 0.1 eV/atom, which is a waste of budget.
*   **Verify Novelty Pre-Query:** Cross-reference generated structures against the known database immediately upon generation to filter out duplicates, as the trajectory's ""STABLE"" labels did not result in ""Novel"" discoveries.
*   **Diversify Stoichiometry Sampling:** Utilize temperature-scaled or entropy-driven sampling to explore Mg-rich and Sr-rich ratios, rather than clustering around the 1:2:1 ratio which yielded no confirmed novel stable phases.",,
Mg-Sn-Sr,2,11,Mg-Sn-Sr,Mg2 Sn1 Sr3,ternary,unstable (new!) | 0.116 eV/atom,✓,Mg2 Sn1 Sr3,,Sr3Mg2Sn,score_buffer→query_structures→select_for_evaluation→finish,Only composition with non -inf oracle score (-0.0183). Hasn't been evaluated yet. Prior reflections emphasize focusing on Mg-containing ternary compos…,"Selected Sr3Mg2Sn1 (6 sites, chemeleon) for oracle evaluation. This was the only composition in the buffer with a meaningful oracle score (-0.0183 eV/…","*   **Enforce Strict Composition Deduplication:** Implement a hard limit on queries per unique stoichiometry (e.g., max 2) to prevent the agent from fixating on `Mg1 Sn2 Sr1` and ensure broader coverage of the Mg-Sn-Sr chemical space.
*   **Apply Aggressive Energy Pre-Filtering:** Discard any candidate with predicted `e_above_hull` > 0.05 eV/atom before oracle submission; over 50% of the trajectory queries targeted structures with energies > 0.1 eV/atom, which is a waste of budget.
*   **Verify Novelty Pre-Query:** Cross-reference generated structures against the known database immediately upon generation to filter out duplicates, as the trajectory's ""STABLE"" labels did not result in ""Novel"" discoveries.
*   **Diversify Stoichiometry Sampling:** Utilize temperature-scaled or entropy-driven sampling to explore Mg-rich and Sr-rich ratios, rather than clustering around the 1:2:1 ratio which yielded no confirmed novel stable phases.",,
Mg-Sn-Sr,2,12,Mg-Sn-Sr,Mg1 Sn2 Sr1,ternary,★ stable (new!) | 0.068 eV/atom,✓,Mg1 Sn2 Sr1,,"Sr2Mg2Sn, Sr2MgSn, Sr2MgSn2, Sr2MgSn3, SrMg2Sn2, SrMg3Sn, SrMg3Sn2, SrMgSn, SrMgSn2, SrMgSn3",score_buffer→query_structures→select_for_evaluation→generate_structures→list_compositions→query_structures→generate_structures→query_structures→select_for_evaluation→generate_structures,"First evaluation of SrMgSn2 composition - ternary Mg-containing compound with 3 structures in buffer, none evaluated. Diversifying from successful Sr2…","Selected Sr(MgSn)2 composition for oracle evaluation. This composition has 5 structures in the buffer, none evaluated yet, representing a promising te…","*   **Enforce Strict Composition Deduplication:** Implement a hard limit on queries per unique stoichiometry (e.g., max 2) to prevent the agent from fixating on `Mg1 Sn2 Sr1` and ensure broader coverage of the Mg-Sn-Sr chemical space.
*   **Apply Aggressive Energy Pre-Filtering:** Discard any candidate with predicted `e_above_hull` > 0.05 eV/atom before oracle submission; over 50% of the trajectory queries targeted structures with energies > 0.1 eV/atom, which is a waste of budget.
*   **Verify Novelty Pre-Query:** Cross-reference generated structures against the known database immediately upon generation to filter out duplicates, as the trajectory's ""STABLE"" labels did not result in ""Novel"" discoveries.
*   **Diversify Stoichiometry Sampling:** Utilize temperature-scaled or entropy-driven sampling to explore Mg-rich and Sr-rich ratios, rather than clustering around the 1:2:1 ratio which yielded no confirmed novel stable phases.",,
Mg-Sn-Sr,2,13,Mg-Sn-Sr,Mg1 Sn3 Sr2,ternary,★ stable (new!) | 0.091 eV/atom,✓,Mg1 Sn3 Sr2,,"Sr(MgSn)2, Sr2Mg3Sn, Sr2MgSn3",score_buffer→query_structures→list_compositions→query_structures→select_for_evaluation→query_structures→select_for_evaluation→query_structures→select_for_evaluation→query_structures,"Mg-rich ternary composition with 3 structures, not yet evaluated, follows successful pattern from previous discoveries (SrMg3Sn2, SrMg3Sn, SrMgSn2, Sr…",Selected SrMgSn (1:1:1 ternary composition) structure index 0 for evaluation. This composition has 3 structures in the buffer and hasn't been evaluate…,"*   **Enforce Strict Composition Deduplication:** Implement a hard limit on queries per unique stoichiometry (e.g., max 2) to prevent the agent from fixating on `Mg1 Sn2 Sr1` and ensure broader coverage of the Mg-Sn-Sr chemical space.
*   **Apply Aggressive Energy Pre-Filtering:** Discard any candidate with predicted `e_above_hull` > 0.05 eV/atom before oracle submission; over 50% of the trajectory queries targeted structures with energies > 0.1 eV/atom, which is a waste of budget.
*   **Verify Novelty Pre-Query:** Cross-reference generated structures against the known database immediately upon generation to filter out duplicates, as the trajectory's ""STABLE"" labels did not result in ""Novel"" discoveries.
*   **Diversify Stoichiometry Sampling:** Utilize temperature-scaled or entropy-driven sampling to explore Mg-rich and Sr-rich ratios, rather than clustering around the 1:2:1 ratio which yielded no confirmed novel stable phases.",,
Mg-Sn-Sr,2,14,Mg-Sn-Sr,Mg1 Sn1 Sr1,ternary,unstable (new!) | 0.129 eV/atom,✓,Mg1 Sn1 Sr1,,SrMgSn,get_buffer_stats→score_buffer→list_compositions→query_structures→select_for_evaluation→finish,"New composition not in evaluation history, 3 structures available, diversifying stoichiometry sampling per prior reflections","Selected SrMgSn (structure index 0, 3 sites) for oracle evaluation. Rationale: (1) New composition not in evaluation history - diversifies stoichiomet…","*   **Enforce Strict Composition Deduplication:** Implement a hard limit on queries per unique stoichiometry (e.g., max 2) to prevent the agent from fixating on `Mg1 Sn2 Sr1` and ensure broader coverage of the Mg-Sn-Sr chemical space.
*   **Apply Aggressive Energy Pre-Filtering:** Discard any candidate with predicted `e_above_hull` > 0.05 eV/atom before oracle submission; over 50% of the trajectory queries targeted structures with energies > 0.1 eV/atom, which is a waste of budget.
*   **Verify Novelty Pre-Query:** Cross-reference generated structures against the known database immediately upon generation to filter out duplicates, as the trajectory's ""STABLE"" labels did not result in ""Novel"" discoveries.
*   **Diversify Stoichiometry Sampling:** Utilize temperature-scaled or entropy-driven sampling to explore Mg-rich and Sr-rich ratios, rather than clustering around the 1:2:1 ratio which yielded no confirmed novel stable phases.",,
Mg-Sn-Sr,2,15,Mg-Sn-Sr,Mg2 Sn1 Sr2,ternary,unstable (new!) | 0.147 eV/atom,✓,Mg2 Sn1 Sr2,,"Sr(MgSn)2, Sr2Mg2Sn, Sr2Mg3Sn, Sr2MgSn, Sr2MgSn3, Sr2MgSn4, SrMg2Sn3, SrMg3Sn, SrMg3Sn2, SrMgSn, SrMgSn2, SrMgSn3",list_compositions→score_buffer→query_structures→select_for_evaluation→generate_structures→score_buffer→query_structures→select_for_evaluation→generate_structures→score_buffer,"Good oracle score (-0.0174), novel composition not yet evaluated, ternary Mg-containing aligns with successful discovery patterns","Query SrMgSn3 composition (4 structures available, novel territory, Mg-containing ternary). Select structure 0 for oracle evaluation based on oracle s…","*   **Enforce Strict Composition Deduplication:** Implement a hard limit on queries per unique stoichiometry (e.g., max 2) to prevent the agent from fixating on `Mg1 Sn2 Sr1` and ensure broader coverage of the Mg-Sn-Sr chemical space.
*   **Apply Aggressive Energy Pre-Filtering:** Discard any candidate with predicted `e_above_hull` > 0.05 eV/atom before oracle submission; over 50% of the trajectory queries targeted structures with energies > 0.1 eV/atom, which is a waste of budget.
*   **Verify Novelty Pre-Query:** Cross-reference generated structures against the known database immediately upon generation to filter out duplicates, as the trajectory's ""STABLE"" labels did not result in ""Novel"" discoveries.
*   **Diversify Stoichiometry Sampling:** Utilize temperature-scaled or entropy-driven sampling to explore Mg-rich and Sr-rich ratios, rather than clustering around the 1:2:1 ratio which yielded no confirmed novel stable phases.",,
Mg-Sn-Sr,2,16,Mg-Sn-Sr,Mg1 Sn3 Sr2,ternary,★ stable | 0.092 eV/atom,,,,"Sr(MgSn)2, Sr2Mg2Sn, Sr2MgSn3",list_compositions→query_structures→select_for_evaluation→query_structures→query_structures→score_buffer→select_for_evaluation→query_structures→score_buffer→select_for_evaluation,"Composition Sr2MgSn3 was previously evaluated as stable (entry 14, e=0.0915), this would be 2nd query for this stoichiometry (within max 2 limit), wor…",Selected SrMg3Sn2 (structure index 0) for oracle evaluation. Rationale: This composition was previously found extremely stable at e=0.0095 eV/atom (en…,"*   **Enforce Strict Composition Deduplication:** Implement a hard limit on queries per unique stoichiometry (e.g., max 2) to prevent the agent from fixating on `Mg1 Sn2 Sr1` and ensure broader coverage of the Mg-Sn-Sr chemical space.
*   **Apply Aggressive Energy Pre-Filtering:** Discard any candidate with predicted `e_above_hull` > 0.05 eV/atom before oracle submission; over 50% of the trajectory queries targeted structures with energies > 0.1 eV/atom, which is a waste of budget.
*   **Verify Novelty Pre-Query:** Cross-reference generated structures against the known database immediately upon generation to filter out duplicates, as the trajectory's ""STABLE"" labels did not result in ""Novel"" discoveries.
*   **Diversify Stoichiometry Sampling:** Utilize temperature-scaled or entropy-driven sampling to explore Mg-rich and Sr-rich ratios, rather than clustering around the 1:2:1 ratio which yielded no confirmed novel stable phases.",,
Mg-Sn-Sr,2,17,Mg-Sn-Sr,Mg2 Sn3 Sr1,ternary,★ stable (new!) | 0.008 eV/atom,✓,Mg2 Sn3 Sr1,,"Sr2Mg3Sn, Sr2MgSn2, SrMg2Sn3, SrMgSn",list_compositions→query_structures→select_for_evaluation→query_structures→select_for_evaluation→query_structures→select_for_evaluation→query_structures→select_for_evaluation→query_structures,First evaluation for SrMg2Sn3 composition - under-explored with 2 structures in buffer. Mg-rich ternary composition aligns with prior reflection guida…,Selected Sr2MgSn4 (structure_index=0) for oracle evaluation. This is the first evaluation for this Sn-rich composition with 2 structures in buffer. Fo…,"*   **Enforce Strict Composition Deduplication:** Implement a hard limit on queries per unique stoichiometry (e.g., max 2) to prevent the agent from fixating on `Mg1 Sn2 Sr1` and ensure broader coverage of the Mg-Sn-Sr chemical space.
*   **Apply Aggressive Energy Pre-Filtering:** Discard any candidate with predicted `e_above_hull` > 0.05 eV/atom before oracle submission; over 50% of the trajectory queries targeted structures with energies > 0.1 eV/atom, which is a waste of budget.
*   **Verify Novelty Pre-Query:** Cross-reference generated structures against the known database immediately upon generation to filter out duplicates, as the trajectory's ""STABLE"" labels did not result in ""Novel"" discoveries.
*   **Diversify Stoichiometry Sampling:** Utilize temperature-scaled or entropy-driven sampling to explore Mg-rich and Sr-rich ratios, rather than clustering around the 1:2:1 ratio which yielded no confirmed novel stable phases.",,
Mg-Sn-Sr,2,18,Mg-Sn-Sr,Mg1 Sn2 Sr1,ternary,★ stable (new!) | 0.022 eV/atom,,,,"Sr(MgSn)2, Sr2MgSn4, SrMgSn2, SrMgSn3",score_buffer→list_compositions→query_structures→select_for_evaluation→generate_structures→list_compositions→query_structures→select_for_evaluation→generate_structures→list_compositions,"Unexplored composition with 4 structures, good candidate for novel stable discovery - diversifying from over-evaluated compositions","I will query structures for Sr(MgSn)2 (5 structures, unexplored) and select structure index 0 for oracle evaluation. This composition is distinct from…","*   **Enforce Strict Composition Deduplication:** Implement a hard limit on queries per unique stoichiometry (e.g., max 2) to prevent the agent from fixating on `Mg1 Sn2 Sr1` and ensure broader coverage of the Mg-Sn-Sr chemical space.
*   **Apply Aggressive Energy Pre-Filtering:** Discard any candidate with predicted `e_above_hull` > 0.05 eV/atom before oracle submission; over 50% of the trajectory queries targeted structures with energies > 0.1 eV/atom, which is a waste of budget.
*   **Verify Novelty Pre-Query:** Cross-reference generated structures against the known database immediately upon generation to filter out duplicates, as the trajectory's ""STABLE"" labels did not result in ""Novel"" discoveries.
*   **Diversify Stoichiometry Sampling:** Utilize temperature-scaled or entropy-driven sampling to explore Mg-rich and Sr-rich ratios, rather than clustering around the 1:2:1 ratio which yielded no confirmed novel stable phases.",,
Mg-Sn-Sr,2,19,Mg-Sn-Sr,Mg2 Sn2 Sr1,ternary,★ stable (new!) | 0.000 eV/atom,✓,Mg2 Sn2 Sr1,,"Sr(MgSn)2, Sr2Mg3Sn2, Sr3Mg2Sn, Sr3MgSn2, SrMg3Sn2, SrMgSn3",list_compositions→score_buffer→query_structures→select_for_evaluation→generate_structures→score_buffer→query_structures→select_for_evaluation→list_compositions→query_structures,Second structure from new composition SrMg2Sn2; following max 2 per composition guidance from prior reflections to diversify after getting initial dat…,"SELECTED: Sr2Mg1Sn4 (reduced: Sr2MgSn4, 7 sites, chemeleon): oracle=-inf. New composition not in evaluation history; diversifying exploration beyond S…","*   **Enforce Strict Composition Deduplication:** Implement a hard limit on queries per unique stoichiometry (e.g., max 2) to prevent the agent from fixating on `Mg1 Sn2 Sr1` and ensure broader coverage of the Mg-Sn-Sr chemical space.
*   **Apply Aggressive Energy Pre-Filtering:** Discard any candidate with predicted `e_above_hull` > 0.05 eV/atom before oracle submission; over 50% of the trajectory queries targeted structures with energies > 0.1 eV/atom, which is a waste of budget.
*   **Verify Novelty Pre-Query:** Cross-reference generated structures against the known database immediately upon generation to filter out duplicates, as the trajectory's ""STABLE"" labels did not result in ""Novel"" discoveries.
*   **Diversify Stoichiometry Sampling:** Utilize temperature-scaled or entropy-driven sampling to explore Mg-rich and Sr-rich ratios, rather than clustering around the 1:2:1 ratio which yielded no confirmed novel stable phases.",,
Mg-Sn-Sr,2,20,Mg-Sn-Sr,Mg3 Sn1 Sr2,ternary,unstable (new!) | 0.102 eV/atom,✓,Mg3 Sn1 Sr2,,"Sr2Mg2Sn3, Sr2Mg3Sn, Sr2MgSn4, SrMgSn3",list_compositions→score_buffer→query_structures→select_for_evaluation→query_structures→select_for_evaluation→query_structures→select_for_evaluation→query_structures→select_for_evaluation,Exploring new composition Sr2Mg3Sn with 1 unevaluated structure; diversifying from previously evaluated compositions while maintaining focus on Mg-Sn-…,"**Actions Taken:** 1. Listed buffer compositions (16 compositions, 27 structures) 2. Scored buffer with oracle scorer (most structures un-evaluated) 3…","*   **Enforce Strict Composition Deduplication:** Implement a hard limit on queries per unique stoichiometry (e.g., max 2) to prevent the agent from fixating on `Mg1 Sn2 Sr1` and ensure broader coverage of the Mg-Sn-Sr chemical space.
*   **Apply Aggressive Energy Pre-Filtering:** Discard any candidate with predicted `e_above_hull` > 0.05 eV/atom before oracle submission; over 50% of the trajectory queries targeted structures with energies > 0.1 eV/atom, which is a waste of budget.
*   **Verify Novelty Pre-Query:** Cross-reference generated structures against the known database immediately upon generation to filter out duplicates, as the trajectory's ""STABLE"" labels did not result in ""Novel"" discoveries.
*   **Diversify Stoichiometry Sampling:** Utilize temperature-scaled or entropy-driven sampling to explore Mg-rich and Sr-rich ratios, rather than clustering around the 1:2:1 ratio which yielded no confirmed novel stable phases.",,
Mg-Sn-Sr,2,21,Mg-Sn-Sr,Mg1 Sn3 Sr1,ternary,unstable (new!) | 0.101 eV/atom,✓,Mg1 Sn3 Sr1,,"Sr(MgSn)2, Sr2MgSn4, SrMgSn3",score_buffer→list_compositions→query_structures→select_for_evaluation→query_structures→select_for_evaluation→get_buffer_stats→query_structures→select_for_evaluation→get_buffer_stats,"First evaluation for SrMgSn3 composition - Mg-containing ternary with 3 unevaluated structures, new stoichiometry for novel stable discovery","I have selected 3 structures from the buffer for oracle evaluation (Sr2MgSn4, Sr(MgSn)2, and SrMgSn3), reducing the buffer from 23 to 20 structures. T…","*   **Enforce Strict Composition Deduplication:** Implement a hard limit on queries per unique stoichiometry (e.g., max 2) to prevent the agent from fixating on `Mg1 Sn2 Sr1` and ensure broader coverage of the Mg-Sn-Sr chemical space.
*   **Apply Aggressive Energy Pre-Filtering:** Discard any candidate with predicted `e_above_hull` > 0.05 eV/atom before oracle submission; over 50% of the trajectory queries targeted structures with energies > 0.1 eV/atom, which is a waste of budget.
*   **Verify Novelty Pre-Query:** Cross-reference generated structures against the known database immediately upon generation to filter out duplicates, as the trajectory's ""STABLE"" labels did not result in ""Novel"" discoveries.
*   **Diversify Stoichiometry Sampling:** Utilize temperature-scaled or entropy-driven sampling to explore Mg-rich and Sr-rich ratios, rather than clustering around the 1:2:1 ratio which yielded no confirmed novel stable phases.",,
Mg-Sn-Sr,2,22,Mg-Sn-Sr,Mg1 Sn4 Sr2,ternary,unstable (new!) | 0.131 eV/atom,✓,Mg1 Sn4 Sr2,,Sr2MgSn4,score_buffer→query_structures→score_buffer→select_for_evaluation→finish,First evaluation of Sr2MgSn4 composition - diversifies stoichiometry sampling and follows max 2 queries per stoichiometry rule from prior reflections,"Selected Sr2MgSn4 (structure index 0, 7 sites from chemeleon generator) for oracle evaluation. This composition has zero prior evaluations, making it …","*   **Enforce Strict Composition Deduplication:** Implement a hard limit on queries per unique stoichiometry (e.g., max 2) to prevent the agent from fixating on `Mg1 Sn2 Sr1` and ensure broader coverage of the Mg-Sn-Sr chemical space.
*   **Apply Aggressive Energy Pre-Filtering:** Discard any candidate with predicted `e_above_hull` > 0.05 eV/atom before oracle submission; over 50% of the trajectory queries targeted structures with energies > 0.1 eV/atom, which is a waste of budget.
*   **Verify Novelty Pre-Query:** Cross-reference generated structures against the known database immediately upon generation to filter out duplicates, as the trajectory's ""STABLE"" labels did not result in ""Novel"" discoveries.
*   **Diversify Stoichiometry Sampling:** Utilize temperature-scaled or entropy-driven sampling to explore Mg-rich and Sr-rich ratios, rather than clustering around the 1:2:1 ratio which yielded no confirmed novel stable phases.",,
Mg-Sn-Sr,2,23,Mg-Sn-Sr,Mg1 Sn4 Sr1,ternary,unstable (new!) | 0.188 eV/atom,✓,Mg1 Sn4 Sr1,SrMgSn4,"Mg2Sn3Sr2, Mg3SnSr2, Sr2MgSn, Sr3MgSn2, SrMg2Sn3, SrMgSn4",generate_structures→score_buffer→query_structures→select_for_evaluation→finish,Oracle predicts -0.0173 score for this SrMgSn4 structure; previous SrMgSn4 structure was unstable (0.1307) but different structures for same compositi…,"Actions taken: 1. Generated 6 new candidate structures for underexplored compositions (Sr3MgSn2, Sr2MgSn, SrMg2Sn3, Mg2Sn3Sr2, SrMgSn4, Mg3SnSr2) usin…","*   **Enforce Strict Composition Deduplication:** Implement a hard limit on queries per unique stoichiometry (e.g., max 2) to prevent the agent from fixating on `Mg1 Sn2 Sr1` and ensure broader coverage of the Mg-Sn-Sr chemical space.
*   **Apply Aggressive Energy Pre-Filtering:** Discard any candidate with predicted `e_above_hull` > 0.05 eV/atom before oracle submission; over 50% of the trajectory queries targeted structures with energies > 0.1 eV/atom, which is a waste of budget.
*   **Verify Novelty Pre-Query:** Cross-reference generated structures against the known database immediately upon generation to filter out duplicates, as the trajectory's ""STABLE"" labels did not result in ""Novel"" discoveries.
*   **Diversify Stoichiometry Sampling:** Utilize temperature-scaled or entropy-driven sampling to explore Mg-rich and Sr-rich ratios, rather than clustering around the 1:2:1 ratio which yielded no confirmed novel stable phases.",,
Mg-Sn-Sr,2,24,Mg-Sn-Sr,Mg2 Sn3 Sr1,ternary,★ stable (new!) | 0.077 eV/atom,,,Sr2(MgSn)3,"Sr(MgSn)2, Sr2Mg2Sn4, Sr2Mg4Sn6, Sr2MgSn3, Sr3Mg3Sn6, Sr3Mg6Sn9, Sr4Mg6Sn6, SrMg2Sn3, SrMg3Sn, SrMg3Sn2, SrMgSn, SrMgSn2",score_buffer→query_structures→select_for_evaluation→generate_structures→score_buffer→query_structures→select_for_evaluation→generate_structures→generate_structures→score_buffer,Selecting unevaluated SrMg2Sn3 structure for oracle evaluation - composition already showed excellent stability (e_above_hull=0.0082 in previous evalu…,"I will query SrMgSn2 structures (6 in buffer, multiple stable discoveries already) and select one for oracle evaluation. This composition has shown co…","*   **Enforce Strict Composition Deduplication:** Implement a hard limit on queries per unique stoichiometry (e.g., max 2) to prevent the agent from fixating on `Mg1 Sn2 Sr1` and ensure broader coverage of the Mg-Sn-Sr chemical space.
*   **Apply Aggressive Energy Pre-Filtering:** Discard any candidate with predicted `e_above_hull` > 0.05 eV/atom before oracle submission; over 50% of the trajectory queries targeted structures with energies > 0.1 eV/atom, which is a waste of budget.
*   **Verify Novelty Pre-Query:** Cross-reference generated structures against the known database immediately upon generation to filter out duplicates, as the trajectory's ""STABLE"" labels did not result in ""Novel"" discoveries.
*   **Diversify Stoichiometry Sampling:** Utilize temperature-scaled or entropy-driven sampling to explore Mg-rich and Sr-rich ratios, rather than clustering around the 1:2:1 ratio which yielded no confirmed novel stable phases.",,
Mg-Sn-Sr,2,25,Mg-Sn-Sr,Mg1 Sn1 Sr2,ternary,unstable (new!) | 0.127 eV/atom,,,,Sr2MgSn,list_compositions→score_buffer→query_structures→select_for_evaluation→finish,"Oracle score -0.0179 well below 0.05 threshold; new composition not yet queried; diversifies from previous stable discoveries in SrMgSn2, SrMg2Sn3, Sr…","Selected Sr2MgSn (structure index 0, 4 sites) for oracle evaluation. Rationale: Oracle score -0.0179 eV/atom is well below the 0.05 eV/atom stability …","*   **Enforce Strict Composition Deduplication:** Implement a hard limit on queries per unique stoichiometry (e.g., max 2) to prevent the agent from fixating on `Mg1 Sn2 Sr1` and ensure broader coverage of the Mg-Sn-Sr chemical space.
*   **Apply Aggressive Energy Pre-Filtering:** Discard any candidate with predicted `e_above_hull` > 0.05 eV/atom before oracle submission; over 50% of the trajectory queries targeted structures with energies > 0.1 eV/atom, which is a waste of budget.
*   **Verify Novelty Pre-Query:** Cross-reference generated structures against the known database immediately upon generation to filter out duplicates, as the trajectory's ""STABLE"" labels did not result in ""Novel"" discoveries.
*   **Diversify Stoichiometry Sampling:** Utilize temperature-scaled or entropy-driven sampling to explore Mg-rich and Sr-rich ratios, rather than clustering around the 1:2:1 ratio which yielded no confirmed novel stable phases.",,
Mg-Sn-Sr,2,26,Mg-Sn-Sr,Mg3 Sn2 Sr1,ternary,unstable (new!) | 0.119 eV/atom,,,Sr4Mg2Sn,"Sr2Mg4Sn, Sr2MgSn4, Sr3MgSn2, Sr4Mg2Sn, Sr4MgSn, SrMg2Sn, SrMg3Sn, SrMg3Sn2, SrMgSn4",score_buffer→list_compositions→query_structures→select_for_evaluation→generate_structures→query_structures→query_structures→select_for_evaluation→generate_structures→query_structures,"Unexplored composition with 1 structure, 0 evaluated. Diversifying stoichiometry beyond heavily sampled SrMgSn2 and SrMg2Sn3. Following prior reflecti…","SELECTED: Sr1Mg3Sn1 (reduced: SrMg3Sn, 5 sites, chemeleon) for oracle evaluation. This is an unexplored composition with 1 structure, 0 evaluations. S…","*   **Enforce Strict Composition Deduplication:** Implement a hard limit on queries per unique stoichiometry (e.g., max 2) to prevent the agent from fixating on `Mg1 Sn2 Sr1` and ensure broader coverage of the Mg-Sn-Sr chemical space.
*   **Apply Aggressive Energy Pre-Filtering:** Discard any candidate with predicted `e_above_hull` > 0.05 eV/atom before oracle submission; over 50% of the trajectory queries targeted structures with energies > 0.1 eV/atom, which is a waste of budget.
*   **Verify Novelty Pre-Query:** Cross-reference generated structures against the known database immediately upon generation to filter out duplicates, as the trajectory's ""STABLE"" labels did not result in ""Novel"" discoveries.
*   **Diversify Stoichiometry Sampling:** Utilize temperature-scaled or entropy-driven sampling to explore Mg-rich and Sr-rich ratios, rather than clustering around the 1:2:1 ratio which yielded no confirmed novel stable phases.",,
Mg-Sn-Sr,2,27,Mg-Sn-Sr,Mg4 Sn1 Sr2,ternary,unstable (new!) | 0.144 eV/atom,,,,Sr2Mg4Sn,score_buffer→query_structures→select_for_evaluation→finish,"Best predicted score (-0.0054 eV/atom) among unevaluated compositions, well below 0.05 threshold, new stoichiometry not in evaluation history","Selected Sr2Mg4Sn1 (reduced formula: Sr2Mg4Sn, 7 sites, chemeleon) for oracle evaluation. This composition had the best predicted oracle score (-0.005…","*   **Enforce Strict Composition Deduplication:** Implement a hard limit on queries per unique stoichiometry (e.g., max 2) to prevent the agent from fixating on `Mg1 Sn2 Sr1` and ensure broader coverage of the Mg-Sn-Sr chemical space.
*   **Apply Aggressive Energy Pre-Filtering:** Discard any candidate with predicted `e_above_hull` > 0.05 eV/atom before oracle submission; over 50% of the trajectory queries targeted structures with energies > 0.1 eV/atom, which is a waste of budget.
*   **Verify Novelty Pre-Query:** Cross-reference generated structures against the known database immediately upon generation to filter out duplicates, as the trajectory's ""STABLE"" labels did not result in ""Novel"" discoveries.
*   **Diversify Stoichiometry Sampling:** Utilize temperature-scaled or entropy-driven sampling to explore Mg-rich and Sr-rich ratios, rather than clustering around the 1:2:1 ratio which yielded no confirmed novel stable phases.",,
Mg-Sn-Sr,2,28,Mg-Sn-Sr,Mg1 Sn1 Sr4,ternary,unstable (new!) | 0.142 eV/atom,✓,Mg1 Sn1 Sr4,,Sr4MgSn,score_buffer→query_structures→query_structures→select_for_evaluation→finish,"Best oracle score (-0.0204) among all compositions, not yet queried, diversifies stoichiometry from previous successful Sr-rich compositions","Actions taken: (1) Scored 29 buffer structures with oracle scorer, (2) Queried SrMgSn2 structures (noted already at 2-query limit), (3) Queried Sr4MgS…","*   **Enforce Strict Composition Deduplication:** Implement a hard limit on queries per unique stoichiometry (e.g., max 2) to prevent the agent from fixating on `Mg1 Sn2 Sr1` and ensure broader coverage of the Mg-Sn-Sr chemical space.
*   **Apply Aggressive Energy Pre-Filtering:** Discard any candidate with predicted `e_above_hull` > 0.05 eV/atom before oracle submission; over 50% of the trajectory queries targeted structures with energies > 0.1 eV/atom, which is a waste of budget.
*   **Verify Novelty Pre-Query:** Cross-reference generated structures against the known database immediately upon generation to filter out duplicates, as the trajectory's ""STABLE"" labels did not result in ""Novel"" discoveries.
*   **Diversify Stoichiometry Sampling:** Utilize temperature-scaled or entropy-driven sampling to explore Mg-rich and Sr-rich ratios, rather than clustering around the 1:2:1 ratio which yielded no confirmed novel stable phases.",,
Mg-Sn-Sr,2,29,Mg-Sn-Sr,Mg1 Sn2 Sr2,ternary,★ stable (new!) | 0.083 eV/atom,✓,Mg1 Sn2 Sr2,,"Sr(MgSn2)2, Sr2Mg2Sn3, Sr2Mg3Sn2, Sr2MgSn2, Sr4Mg2Sn, SrMgSn3",score_buffer→query_structures→query_structures→select_for_evaluation→select_for_evaluation→select_for_evaluation→select_for_evaluation→select_for_evaluation→select_for_evaluation→select_for_evaluation,"Selecting unevaluated Mg-containing ternary composition Sr2MgSn2 with 1 structure in buffer. This composition has 0 prior evaluations, diversifying be…","Selected 6 structures for oracle evaluation from the buffer: SrMgSn3 (index 0), Sr2Mg2Sn3 (index 0), Sr4Mg2Sn (index 0), Sr(MgSn2)2 (index 0), Sr2Mg3S…","*   **Enforce Strict Composition Deduplication:** Implement a hard limit on queries per unique stoichiometry (e.g., max 2) to prevent the agent from fixating on `Mg1 Sn2 Sr1` and ensure broader coverage of the Mg-Sn-Sr chemical space.
*   **Apply Aggressive Energy Pre-Filtering:** Discard any candidate with predicted `e_above_hull` > 0.05 eV/atom before oracle submission; over 50% of the trajectory queries targeted structures with energies > 0.1 eV/atom, which is a waste of budget.
*   **Verify Novelty Pre-Query:** Cross-reference generated structures against the known database immediately upon generation to filter out duplicates, as the trajectory's ""STABLE"" labels did not result in ""Novel"" discoveries.
*   **Diversify Stoichiometry Sampling:** Utilize temperature-scaled or entropy-driven sampling to explore Mg-rich and Sr-rich ratios, rather than clustering around the 1:2:1 ratio which yielded no confirmed novel stable phases.",,
Mg-Sn-Sr,2,30,Mg-Sn-Sr,Mg1 Sn4 Sr2,ternary,★ stable (new!) | 0.100 eV/atom,,,,"Sr2(MgSn)3, Sr2Mg4Sn, Sr2MgSn4, Sr4Mg2Sn, Sr4MgSn, SrMg3Sn, SrMgSn, SrMgSn3",list_compositions→score_buffer→query_structures→query_structures→select_for_evaluation→generate_structures→select_for_evaluation→generate_structures→select_for_evaluation→generate_structures,Exploring Sn-rich ternary composition (2:1:4 ratio) not yet in evaluation history; diversifies beyond successful compositions; structure available in …,"Selected Sr4MgSn1 (reduced: Sr4MgSn, Sr-rich 4:1:1 ratio) for oracle evaluation. This composition has not been evaluated yet in the history, diversify…","*   **Enforce Strict Composition Deduplication:** Implement a hard limit on queries per unique stoichiometry (e.g., max 2) to prevent the agent from fixating on `Mg1 Sn2 Sr1` and ensure broader coverage of the Mg-Sn-Sr chemical space.
*   **Apply Aggressive Energy Pre-Filtering:** Discard any candidate with predicted `e_above_hull` > 0.05 eV/atom before oracle submission; over 50% of the trajectory queries targeted structures with energies > 0.1 eV/atom, which is a waste of budget.
*   **Verify Novelty Pre-Query:** Cross-reference generated structures against the known database immediately upon generation to filter out duplicates, as the trajectory's ""STABLE"" labels did not result in ""Novel"" discoveries.
*   **Diversify Stoichiometry Sampling:** Utilize temperature-scaled or entropy-driven sampling to explore Mg-rich and Sr-rich ratios, rather than clustering around the 1:2:1 ratio which yielded no confirmed novel stable phases.",,
Mg-Sn-Sr,2,31,Mg-Sn-Sr,Mg2 Sn1 Sr4,ternary,unstable (new!) | 0.170 eV/atom,✓,Mg2 Sn1 Sr4,,"Sr2(MgSn)3, Sr4Mg2Sn",list_compositions→score_buffer→query_structures→query_structures→query_structures→select_for_evaluation→query_structures→select_for_evaluation→query_structures→query_structures,"Promising oracle score (-0.0119) well below stability threshold (0.1) and pre-filter threshold (0.05), underexplored composition with 3 structures, al…","Selected SrMgSn (reduced: SrMgSn, 3 sites, chemeleon) for oracle evaluation. This composition has only 1 structure in the buffer that hasn't been eval…","*   **Enforce Strict Composition Deduplication:** Implement a hard limit on queries per unique stoichiometry (e.g., max 2) to prevent the agent from fixating on `Mg1 Sn2 Sr1` and ensure broader coverage of the Mg-Sn-Sr chemical space.
*   **Apply Aggressive Energy Pre-Filtering:** Discard any candidate with predicted `e_above_hull` > 0.05 eV/atom before oracle submission; over 50% of the trajectory queries targeted structures with energies > 0.1 eV/atom, which is a waste of budget.
*   **Verify Novelty Pre-Query:** Cross-reference generated structures against the known database immediately upon generation to filter out duplicates, as the trajectory's ""STABLE"" labels did not result in ""Novel"" discoveries.
*   **Diversify Stoichiometry Sampling:** Utilize temperature-scaled or entropy-driven sampling to explore Mg-rich and Sr-rich ratios, rather than clustering around the 1:2:1 ratio which yielded no confirmed novel stable phases.",,
Mg-Sn-Sr,2,32,Mg-Sn-Sr,Mg1 Sn2 Sr1,ternary,★ stable (new!) | 0.077 eV/atom,,,,SrMgSn2,list_compositions→score_buffer→query_structures→select_for_evaluation→finish,SrMgSn2 has shown multiple stable structures in evaluation history (entries 1 and 7). Index 2 is an unevaluated 4-site structure from this promising c…,"Actions taken: (1) Listed buffer compositions to identify available targets, (2) Scored buffer structures with oracle scorer, (3) Queried SrMgSn2 comp…","*   **Enforce Strict Composition Deduplication:** Implement a hard limit on queries per unique stoichiometry (e.g., max 2) to prevent the agent from fixating on `Mg1 Sn2 Sr1` and ensure broader coverage of the Mg-Sn-Sr chemical space.
*   **Apply Aggressive Energy Pre-Filtering:** Discard any candidate with predicted `e_above_hull` > 0.05 eV/atom before oracle submission; over 50% of the trajectory queries targeted structures with energies > 0.1 eV/atom, which is a waste of budget.
*   **Verify Novelty Pre-Query:** Cross-reference generated structures against the known database immediately upon generation to filter out duplicates, as the trajectory's ""STABLE"" labels did not result in ""Novel"" discoveries.
*   **Diversify Stoichiometry Sampling:** Utilize temperature-scaled or entropy-driven sampling to explore Mg-rich and Sr-rich ratios, rather than clustering around the 1:2:1 ratio which yielded no confirmed novel stable phases.",,
Mg-Sn-Sr,2,33,Mg-Sn-Sr,Mg1 Sn3 Sr2,ternary,★ stable | 0.092 eV/atom,,,,"Sr2(MgSn)3, Sr2MgSn3, SrMgSn3",list_compositions→query_structures→score_buffer→query_structures→select_for_evaluation→query_structures→select_for_evaluation→query_structures→select_for_evaluation→query_structures,Exploring Sr2MgSn3 composition with 2 unevaluated structures; different stoichiometry from successful compositions. Continuing diversification strateg…,"SELECTED: Sr2Mg2Sn4 (reduced: SrMgSn2, 8 sites, chemeleon): oracle=-inf. Rationale: SrMgSn2 composition has already yielded 2 stable novel discoveries…","*   **Enforce Strict Composition Deduplication:** Implement a hard limit on queries per unique stoichiometry (e.g., max 2) to prevent the agent from fixating on `Mg1 Sn2 Sr1` and ensure broader coverage of the Mg-Sn-Sr chemical space.
*   **Apply Aggressive Energy Pre-Filtering:** Discard any candidate with predicted `e_above_hull` > 0.05 eV/atom before oracle submission; over 50% of the trajectory queries targeted structures with energies > 0.1 eV/atom, which is a waste of budget.
*   **Verify Novelty Pre-Query:** Cross-reference generated structures against the known database immediately upon generation to filter out duplicates, as the trajectory's ""STABLE"" labels did not result in ""Novel"" discoveries.
*   **Diversify Stoichiometry Sampling:** Utilize temperature-scaled or entropy-driven sampling to explore Mg-rich and Sr-rich ratios, rather than clustering around the 1:2:1 ratio which yielded no confirmed novel stable phases.",,
Mg-Sn-Sr,2,34,Mg-Sn-Sr,Mg1 Sn2 Sr1,ternary,unstable (new!) | 0.130 eV/atom,,,,"SrMg2Sn3, SrMgSn2",score_buffer→list_compositions→query_structures→query_structures→select_for_evaluation→query_structures→select_for_evaluation→select_for_evaluation→select_for_evaluation→query_structures,SrMgSn2 has 4 structures remaining after previous selection. Index 2 is an unevaluated 4-site variant that may have different atomic arrangement yield…,"SELECTED: Sr4MgSn (reduced: Sr4MgSn, 2 structures in buffer, chemeleon): oracle=-inf. Rationale: Sr4MgSn is a completely unexplored composition with 2…","*   **Enforce Strict Composition Deduplication:** Implement a hard limit on queries per unique stoichiometry (e.g., max 2) to prevent the agent from fixating on `Mg1 Sn2 Sr1` and ensure broader coverage of the Mg-Sn-Sr chemical space.
*   **Apply Aggressive Energy Pre-Filtering:** Discard any candidate with predicted `e_above_hull` > 0.05 eV/atom before oracle submission; over 50% of the trajectory queries targeted structures with energies > 0.1 eV/atom, which is a waste of budget.
*   **Verify Novelty Pre-Query:** Cross-reference generated structures against the known database immediately upon generation to filter out duplicates, as the trajectory's ""STABLE"" labels did not result in ""Novel"" discoveries.
*   **Diversify Stoichiometry Sampling:** Utilize temperature-scaled or entropy-driven sampling to explore Mg-rich and Sr-rich ratios, rather than clustering around the 1:2:1 ratio which yielded no confirmed novel stable phases.",,
Mg-Sn-Sr,2,35,Mg-Sn-Sr,Mg1 Sn1 Sr1,ternary,unstable | 0.129 eV/atom,,,,SrMgSn,list_compositions→query_structures→score_buffer→query_structures→select_for_evaluation→finish,Completely unevaluated composition - diversification strategy to explore new stoichiometry. SrMgSn has 1 structure in buffer with no prior oracle eval…,"Selected SrMgSn (Sr1Mg1Sn1, 3 sites) for oracle evaluation. Rationale: This composition had zero prior oracle evaluations in the 20-episode history, o…","*   **Enforce Strict Composition Deduplication:** Implement a hard limit on queries per unique stoichiometry (e.g., max 2) to prevent the agent from fixating on `Mg1 Sn2 Sr1` and ensure broader coverage of the Mg-Sn-Sr chemical space.
*   **Apply Aggressive Energy Pre-Filtering:** Discard any candidate with predicted `e_above_hull` > 0.05 eV/atom before oracle submission; over 50% of the trajectory queries targeted structures with energies > 0.1 eV/atom, which is a waste of budget.
*   **Verify Novelty Pre-Query:** Cross-reference generated structures against the known database immediately upon generation to filter out duplicates, as the trajectory's ""STABLE"" labels did not result in ""Novel"" discoveries.
*   **Diversify Stoichiometry Sampling:** Utilize temperature-scaled or entropy-driven sampling to explore Mg-rich and Sr-rich ratios, rather than clustering around the 1:2:1 ratio which yielded no confirmed novel stable phases.",,
Mg-Sn-Sr,2,36,Mg-Sn-Sr,Mg2 Sn1 Sr2,ternary,unstable (new!) | 0.253 eV/atom,,,Sr3Mg2Sn3,"Sr2Mg2Sn, Sr2MgSn3, Sr3Mg2Sn3, Sr3MgSn, SrMg2Sn3, SrMg3Sn, SrMgSn2",generate_structures→score_buffer→query_structures→select_for_evaluation→query_structures→select_for_evaluation→query_structures→select_for_evaluation→query_structures→query_structures,Third promising new composition with negative oracle score (-0.0957); diversifies exploration across different stoichiometries; predicted stable below…,"Selected Sr4Mg2Sn (index 0) for oracle evaluation. This composition has not been evaluated before in our history, diversifies exploration toward Sr-ri…","*   **Enforce Strict Composition Deduplication:** Implement a hard limit on queries per unique stoichiometry (e.g., max 2) to prevent the agent from fixating on `Mg1 Sn2 Sr1` and ensure broader coverage of the Mg-Sn-Sr chemical space.
*   **Apply Aggressive Energy Pre-Filtering:** Discard any candidate with predicted `e_above_hull` > 0.05 eV/atom before oracle submission; over 50% of the trajectory queries targeted structures with energies > 0.1 eV/atom, which is a waste of budget.
*   **Verify Novelty Pre-Query:** Cross-reference generated structures against the known database immediately upon generation to filter out duplicates, as the trajectory's ""STABLE"" labels did not result in ""Novel"" discoveries.
*   **Diversify Stoichiometry Sampling:** Utilize temperature-scaled or entropy-driven sampling to explore Mg-rich and Sr-rich ratios, rather than clustering around the 1:2:1 ratio which yielded no confirmed novel stable phases.",,
Mg-Sn-Sr,2,37,Mg-Sn-Sr,Mg1 Sn3 Sr2,ternary,★ stable (new!) | 0.041 eV/atom,,,,"Sr2MgSn3, SrMg2Sn3, SrMgSn2, SrMgSn3",score_buffer→query_structures→select_for_evaluation→query_structures→select_for_evaluation→query_structures→select_for_evaluation→query_structures→select_for_evaluation→get_buffer_stats,Sr2MgSn3 composition had one structure evaluated as STABLE (e=0.0922); selecting remaining unevaluated structure to check if different structure yield…,"Selected Sr1Mg2Sn3 (reduced: SrMg2Sn3, 6 sites, chemeleon) for oracle evaluation. Rationale: SrMg2Sn3 is the most successful composition with 2 stable…","*   **Enforce Strict Composition Deduplication:** Implement a hard limit on queries per unique stoichiometry (e.g., max 2) to prevent the agent from fixating on `Mg1 Sn2 Sr1` and ensure broader coverage of the Mg-Sn-Sr chemical space.
*   **Apply Aggressive Energy Pre-Filtering:** Discard any candidate with predicted `e_above_hull` > 0.05 eV/atom before oracle submission; over 50% of the trajectory queries targeted structures with energies > 0.1 eV/atom, which is a waste of budget.
*   **Verify Novelty Pre-Query:** Cross-reference generated structures against the known database immediately upon generation to filter out duplicates, as the trajectory's ""STABLE"" labels did not result in ""Novel"" discoveries.
*   **Diversify Stoichiometry Sampling:** Utilize temperature-scaled or entropy-driven sampling to explore Mg-rich and Sr-rich ratios, rather than clustering around the 1:2:1 ratio which yielded no confirmed novel stable phases.",,
Mg-Sn-Sr,2,38,Mg-Sn-Sr,Mg2 Sn3 Sr3,ternary,unstable (new!) | 0.159 eV/atom,✓,Mg2 Sn3 Sr3,,Sr3Mg2Sn3,list_compositions→score_buffer→query_structures→select_for_evaluation→finish,"Best oracle score (-0.0034 eV/atom) in buffer, novel composition not in evaluation history, well below stability tolerance and strict filtering thresh…","Selected Sr3Mg2Sn3 (structure index 0, 8 sites, chemeleon-generated) for oracle evaluation. This composition was chosen because: (1) It has the best o…","*   **Enforce Strict Composition Deduplication:** Implement a hard limit on queries per unique stoichiometry (e.g., max 2) to prevent the agent from fixating on `Mg1 Sn2 Sr1` and ensure broader coverage of the Mg-Sn-Sr chemical space.
*   **Apply Aggressive Energy Pre-Filtering:** Discard any candidate with predicted `e_above_hull` > 0.05 eV/atom before oracle submission; over 50% of the trajectory queries targeted structures with energies > 0.1 eV/atom, which is a waste of budget.
*   **Verify Novelty Pre-Query:** Cross-reference generated structures against the known database immediately upon generation to filter out duplicates, as the trajectory's ""STABLE"" labels did not result in ""Novel"" discoveries.
*   **Diversify Stoichiometry Sampling:** Utilize temperature-scaled or entropy-driven sampling to explore Mg-rich and Sr-rich ratios, rather than clustering around the 1:2:1 ratio which yielded no confirmed novel stable phases.",,
Mg-Sn-Sr,2,39,Mg-Sn-Sr,Mg1 Sn4 Sr2,ternary,★ stable (new!) | 0.048 eV/atom,,,Sr4MgSn2,"Sr2Mg3Sn, Sr2MgSn3, Sr2MgSn4, Sr3MgSn2, Sr4MgSn2, SrMg2Sn3, SrMg3Sn, SrMgSn4",get_buffer_stats→score_buffer→list_compositions→query_structures→select_for_evaluation→generate_structures→query_structures→select_for_evaluation→query_structures→select_for_evaluation,"Sr2MgSn4 previously yielded STABLE novel structure (entry 12, 0.0997 eV/atom). Different structures for same composition can have different stabilitie…","Actions taken: 1. Selected SrMg2Sn3 (structure 0) for oracle evaluation - previously yielded STABLE novel structure (entry 6, 0.0768 eV/atom) 2. Gener…","*   **Enforce Strict Composition Deduplication:** Implement a hard limit on queries per unique stoichiometry (e.g., max 2) to prevent the agent from fixating on `Mg1 Sn2 Sr1` and ensure broader coverage of the Mg-Sn-Sr chemical space.
*   **Apply Aggressive Energy Pre-Filtering:** Discard any candidate with predicted `e_above_hull` > 0.05 eV/atom before oracle submission; over 50% of the trajectory queries targeted structures with energies > 0.1 eV/atom, which is a waste of budget.
*   **Verify Novelty Pre-Query:** Cross-reference generated structures against the known database immediately upon generation to filter out duplicates, as the trajectory's ""STABLE"" labels did not result in ""Novel"" discoveries.
*   **Diversify Stoichiometry Sampling:** Utilize temperature-scaled or entropy-driven sampling to explore Mg-rich and Sr-rich ratios, rather than clustering around the 1:2:1 ratio which yielded no confirmed novel stable phases.",,
Mg-Sn-Sr,2,40,Mg-Sn-Sr,Mg1 Sn1 Sr4,ternary,★ stable (new!) | 0.079 eV/atom,,,,Sr4MgSn,list_compositions→score_buffer→query_structures→query_structures→select_for_evaluation→finish,Diversifying to Sr-rich stoichiometry region (4:1:1) not yet explored; unevaluated composition with 2 buffer structures; potential for novel stable di…,"Actions taken: (1) Listed buffer compositions to assess available candidates, (2) Scored buffer structures to identify priorities (oracle scoring retu…","*   **Enforce Strict Composition Deduplication:** Implement a hard limit on queries per unique stoichiometry (e.g., max 2) to prevent the agent from fixating on `Mg1 Sn2 Sr1` and ensure broader coverage of the Mg-Sn-Sr chemical space.
*   **Apply Aggressive Energy Pre-Filtering:** Discard any candidate with predicted `e_above_hull` > 0.05 eV/atom before oracle submission; over 50% of the trajectory queries targeted structures with energies > 0.1 eV/atom, which is a waste of budget.
*   **Verify Novelty Pre-Query:** Cross-reference generated structures against the known database immediately upon generation to filter out duplicates, as the trajectory's ""STABLE"" labels did not result in ""Novel"" discoveries.
*   **Diversify Stoichiometry Sampling:** Utilize temperature-scaled or entropy-driven sampling to explore Mg-rich and Sr-rich ratios, rather than clustering around the 1:2:1 ratio which yielded no confirmed novel stable phases.",,
Mg-Sn-Sr,2,41,Mg-Sn-Sr,Mg1 Sn4 Sr2,ternary,★ stable (new!) | 0.042 eV/atom,,,,"Sr2Mg3Sn, Sr2MgSn3, Sr2MgSn4, Sr3MgSn2, Sr4MgSn, SrMg2Sn3, SrMgSn2",list_compositions→query_structures→generate_structures→score_buffer→query_structures→generate_structures→list_compositions→query_structures→query_structures→select_for_evaluation,Sr2MgSn4 has 67% historical success rate (2/3 stable). Structure 0 is a fresh unevaluated candidate from chemeleon generator. This composition showed …,"Selected Sr2Mg1Sn4 (reduced formula: Sr2MgSn4, 7 sites, chemeleon generator, structure index 0) for oracle evaluation. Rationale: This composition has…","*   **Enforce Strict Composition Deduplication:** Implement a hard limit on queries per unique stoichiometry (e.g., max 2) to prevent the agent from fixating on `Mg1 Sn2 Sr1` and ensure broader coverage of the Mg-Sn-Sr chemical space.
*   **Apply Aggressive Energy Pre-Filtering:** Discard any candidate with predicted `e_above_hull` > 0.05 eV/atom before oracle submission; over 50% of the trajectory queries targeted structures with energies > 0.1 eV/atom, which is a waste of budget.
*   **Verify Novelty Pre-Query:** Cross-reference generated structures against the known database immediately upon generation to filter out duplicates, as the trajectory's ""STABLE"" labels did not result in ""Novel"" discoveries.
*   **Diversify Stoichiometry Sampling:** Utilize temperature-scaled or entropy-driven sampling to explore Mg-rich and Sr-rich ratios, rather than clustering around the 1:2:1 ratio which yielded no confirmed novel stable phases.",,
Mg-Sn-Sr,2,42,Mg-Sn-Sr,Mg1 Sn4 Sr2,ternary,★ stable (new!) | 0.089 eV/atom,,,,"Sr2MgSn4, Sr4MgSn, SrMg2Sn3, SrMgSn3",score_buffer→list_compositions→query_structures→query_structures→select_for_evaluation→generate_structures→query_structures→select_for_evaluation→generate_structures→query_structures,"Sr2MgSn4 has best historical stability (0.0416-0.0481 eV/atom) with 3 STABLE, NOVEL discoveries. Now has 7 unevaluated structures - selecting index 0 …","SELECTED: Sr1Mg1Sn3 (reduced: SrMgSn3, 5 sites, chemeleon) for oracle evaluation. Rationale: SrMgSn3 has demonstrated historical stability at 0.0922 e…","*   **Enforce Strict Composition Deduplication:** Implement a hard limit on queries per unique stoichiometry (e.g., max 2) to prevent the agent from fixating on `Mg1 Sn2 Sr1` and ensure broader coverage of the Mg-Sn-Sr chemical space.
*   **Apply Aggressive Energy Pre-Filtering:** Discard any candidate with predicted `e_above_hull` > 0.05 eV/atom before oracle submission; over 50% of the trajectory queries targeted structures with energies > 0.1 eV/atom, which is a waste of budget.
*   **Verify Novelty Pre-Query:** Cross-reference generated structures against the known database immediately upon generation to filter out duplicates, as the trajectory's ""STABLE"" labels did not result in ""Novel"" discoveries.
*   **Diversify Stoichiometry Sampling:** Utilize temperature-scaled or entropy-driven sampling to explore Mg-rich and Sr-rich ratios, rather than clustering around the 1:2:1 ratio which yielded no confirmed novel stable phases.",,
Mg-Sn-Sr,2,43,Mg-Sn-Sr,Mg1 Sn1 Sr3,ternary,unstable (new!) | 0.184 eV/atom,,,,"Sr2Mg2Sn, Sr2Mg3Sn, Sr2Mg4Sn, Sr3MgSn",list_compositions→score_buffer→query_structures→generate_structures→score_buffer→query_structures→select_for_evaluation→finish,"Best oracle score (-0.0851) among underexplored compositions, well below 0.05 eV/atom threshold, composition has only 2 structures with 0 prior evalua…","Selected Sr3MgSn (structure index 0, 5 sites, chemeleon) for oracle evaluation. Rationale: This underexplored composition had only 2 structures in buf…","*   **Enforce Strict Composition Deduplication:** Implement a hard limit on queries per unique stoichiometry (e.g., max 2) to prevent the agent from fixating on `Mg1 Sn2 Sr1` and ensure broader coverage of the Mg-Sn-Sr chemical space.
*   **Apply Aggressive Energy Pre-Filtering:** Discard any candidate with predicted `e_above_hull` > 0.05 eV/atom before oracle submission; over 50% of the trajectory queries targeted structures with energies > 0.1 eV/atom, which is a waste of budget.
*   **Verify Novelty Pre-Query:** Cross-reference generated structures against the known database immediately upon generation to filter out duplicates, as the trajectory's ""STABLE"" labels did not result in ""Novel"" discoveries.
*   **Diversify Stoichiometry Sampling:** Utilize temperature-scaled or entropy-driven sampling to explore Mg-rich and Sr-rich ratios, rather than clustering around the 1:2:1 ratio which yielded no confirmed novel stable phases.",,
Mg-Sn-Sr,2,44,Mg-Sn-Sr,Mg2 Sn3 Sr1,ternary,★ stable (new!) | 0.040 eV/atom,,,,"Sr2MgSn4, SrMg2Sn3, SrMgSn3",query_structures→select_for_evaluation→select_for_evaluation→list_compositions→query_structures→select_for_evaluation→select_for_evaluation→query_structures→select_for_evaluation→select_for_evaluation,Second SrMg2Sn3 structure - composition has 100% stable rate (1/1 evaluated). Following max 2 queries per stoichiometry guidance before diversifying t…,"I've selected 6 structures from three proven compositions (Sr2MgSn4, SrMgSn3, SrMg2Sn3) with 100% stable rates. Now diversifying to Sr2MgSn2 which has…","*   **Enforce Strict Composition Deduplication:** Implement a hard limit on queries per unique stoichiometry (e.g., max 2) to prevent the agent from fixating on `Mg1 Sn2 Sr1` and ensure broader coverage of the Mg-Sn-Sr chemical space.
*   **Apply Aggressive Energy Pre-Filtering:** Discard any candidate with predicted `e_above_hull` > 0.05 eV/atom before oracle submission; over 50% of the trajectory queries targeted structures with energies > 0.1 eV/atom, which is a waste of budget.
*   **Verify Novelty Pre-Query:** Cross-reference generated structures against the known database immediately upon generation to filter out duplicates, as the trajectory's ""STABLE"" labels did not result in ""Novel"" discoveries.
*   **Diversify Stoichiometry Sampling:** Utilize temperature-scaled or entropy-driven sampling to explore Mg-rich and Sr-rich ratios, rather than clustering around the 1:2:1 ratio which yielded no confirmed novel stable phases.",,
Mg-Sn-Sr,2,45,Mg-Sn-Sr,Mg1 Sn3 Sr1,ternary,★ stable (new!) | 0.074 eV/atom,,,,SrMgSn3,score_buffer→query_structures→select_for_evaluation→finish,"SrMgSn3 has 2/2 evaluated structures stable (entries 9, 13). Selecting unevaluated structure 2 to continue exploiting this promising composition befor…",**Actions Taken:** 1. Scored buffer (26 structures) using oracle scorer - identified Sr2Mg4Sn and Sr4MgSn as having oracle scores 2. Queried SrMgSn3 c…,"*   **Enforce Strict Composition Deduplication:** Implement a hard limit on queries per unique stoichiometry (e.g., max 2) to prevent the agent from fixating on `Mg1 Sn2 Sr1` and ensure broader coverage of the Mg-Sn-Sr chemical space.
*   **Apply Aggressive Energy Pre-Filtering:** Discard any candidate with predicted `e_above_hull` > 0.05 eV/atom before oracle submission; over 50% of the trajectory queries targeted structures with energies > 0.1 eV/atom, which is a waste of budget.
*   **Verify Novelty Pre-Query:** Cross-reference generated structures against the known database immediately upon generation to filter out duplicates, as the trajectory's ""STABLE"" labels did not result in ""Novel"" discoveries.
*   **Diversify Stoichiometry Sampling:** Utilize temperature-scaled or entropy-driven sampling to explore Mg-rich and Sr-rich ratios, rather than clustering around the 1:2:1 ratio which yielded no confirmed novel stable phases.",,
Mg-Sn-Sr,2,46,Mg-Sn-Sr,Mg2 Sn3 Sr1,ternary,★ stable (new!) | 0.061 eV/atom,,,,"Sr2Mg2Sn, Sr2MgSn3, Sr2MgSn4, Sr3Mg2Sn, Sr4MgSn, SrMg2Sn3, SrMgSn2",score_buffer→list_compositions→query_structures→select_for_evaluation→generate_structures→query_structures→select_for_evaluation→query_structures→query_structures→select_for_evaluation,"SrMg2Sn3 had 1 stable novel discovery in history (entry 19, e_above_hull=0.0395). Selecting unevaluated structure from this productive composition to …","I have selected 3 structures for oracle evaluation (Sr2MgSn4 index 0, Sr4MgSn index 1, SrMg2Sn3 index 0) with 23 structures remaining in the buffer. T…","*   **Enforce Strict Composition Deduplication:** Implement a hard limit on queries per unique stoichiometry (e.g., max 2) to prevent the agent from fixating on `Mg1 Sn2 Sr1` and ensure broader coverage of the Mg-Sn-Sr chemical space.
*   **Apply Aggressive Energy Pre-Filtering:** Discard any candidate with predicted `e_above_hull` > 0.05 eV/atom before oracle submission; over 50% of the trajectory queries targeted structures with energies > 0.1 eV/atom, which is a waste of budget.
*   **Verify Novelty Pre-Query:** Cross-reference generated structures against the known database immediately upon generation to filter out duplicates, as the trajectory's ""STABLE"" labels did not result in ""Novel"" discoveries.
*   **Diversify Stoichiometry Sampling:** Utilize temperature-scaled or entropy-driven sampling to explore Mg-rich and Sr-rich ratios, rather than clustering around the 1:2:1 ratio which yielded no confirmed novel stable phases.",,
Mg-Sn-Sr,2,47,Mg-Sn-Sr,Mg1 Sn2 Sr1,ternary,★ stable | 0.035 eV/atom,,,,"Sr2Mg3Sn, Sr2Mg4Sn, SrMgSn2, SrMgSn3",list_compositions→query_structures→select_for_evaluation→query_structures→select_for_evaluation→query_structures→select_for_evaluation→query_structures→select_for_evaluation→query_structures,Second structure for SrMgSn2 composition which already yielded 1 stable discovery; different structures can have different stabilities; potential for …,"SELECTED: Sr2Mg3Sn3 (reduced: Sr2(MgSn)3, 8 sites, chemeleon): oracle=-inf. This represents a new stoichiometry (Sr:2, Mg:3, Sn:3 ratio) that hasn't b…","*   **Enforce Strict Composition Deduplication:** Implement a hard limit on queries per unique stoichiometry (e.g., max 2) to prevent the agent from fixating on `Mg1 Sn2 Sr1` and ensure broader coverage of the Mg-Sn-Sr chemical space.
*   **Apply Aggressive Energy Pre-Filtering:** Discard any candidate with predicted `e_above_hull` > 0.05 eV/atom before oracle submission; over 50% of the trajectory queries targeted structures with energies > 0.1 eV/atom, which is a waste of budget.
*   **Verify Novelty Pre-Query:** Cross-reference generated structures against the known database immediately upon generation to filter out duplicates, as the trajectory's ""STABLE"" labels did not result in ""Novel"" discoveries.
*   **Diversify Stoichiometry Sampling:** Utilize temperature-scaled or entropy-driven sampling to explore Mg-rich and Sr-rich ratios, rather than clustering around the 1:2:1 ratio which yielded no confirmed novel stable phases.",,
Mg-Sn-Sr,2,48,Mg-Sn-Sr,Mg2 Sn1 Sr2,ternary,unstable (new!) | 0.140 eV/atom,,,"Sr4Mg3Sn, SrMgSn5, Sr5MgSn3","Sr2Mg2Sn, Sr2Mg3Sn2, Sr2Mg4Sn, Sr2MgSn2, Sr3Mg2Sn, Sr3MgSn2, Sr4Mg3Sn, Sr5MgSn3, SrMg3Sn, SrMg3Sn2, SrMgSn4, SrMgSn5",score_buffer→query_structures→query_structures→query_structures→select_for_evaluation→generate_structures→score_buffer→query_structures→select_for_evaluation→generate_structures,"Oracle score -0.0054 eV/atom below 0.05 threshold, only 1 prior evaluation (UNSTABLE), allows 2nd query per composition deduplication guidance, explor…",Scored buffer with oracle scorer to identify candidates below 0.05 eV/atom threshold. Selected Sr2Mg2Sn1 for evaluation (oracle=-0.0054 eV/atom) as th…,"*   **Enforce Strict Composition Deduplication:** Implement a hard limit on queries per unique stoichiometry (e.g., max 2) to prevent the agent from fixating on `Mg1 Sn2 Sr1` and ensure broader coverage of the Mg-Sn-Sr chemical space.
*   **Apply Aggressive Energy Pre-Filtering:** Discard any candidate with predicted `e_above_hull` > 0.05 eV/atom before oracle submission; over 50% of the trajectory queries targeted structures with energies > 0.1 eV/atom, which is a waste of budget.
*   **Verify Novelty Pre-Query:** Cross-reference generated structures against the known database immediately upon generation to filter out duplicates, as the trajectory's ""STABLE"" labels did not result in ""Novel"" discoveries.
*   **Diversify Stoichiometry Sampling:** Utilize temperature-scaled or entropy-driven sampling to explore Mg-rich and Sr-rich ratios, rather than clustering around the 1:2:1 ratio which yielded no confirmed novel stable phases.",,
Mg-Sn-Sr,2,49,Mg-Sn-Sr,Mg1 Sn2 Sr5,ternary,unstable (new!) | 0.153 eV/atom,✓,Mg1 Sn2 Sr5,"Sr5MgSn2, Sr3(MgSn)2","Sr2MgSn4, Sr3Mg2Sn2, Sr4MgSn, Sr5MgSn2, Sr5MgSn3, SrMg2Sn3, SrMgSn2",list_compositions→score_buffer→query_structures→select_for_evaluation→score_buffer→select_for_evaluation→generate_structures→score_buffer→select_for_evaluation→score_buffer,Oracle score -0.0279 below 0.05 threshold; Sr-rich stoichiometry provides compositional diversity; newly generated structure with strong predicted sta…,"Generate 6 new structures using chemeleon for compositions: Sr2MgSn4 (new unit cell sizes), SrMgSn2 (new unit cell sizes), SrMg2Sn3 (new unit cell siz…","*   **Enforce Strict Composition Deduplication:** Implement a hard limit on queries per unique stoichiometry (e.g., max 2) to prevent the agent from fixating on `Mg1 Sn2 Sr1` and ensure broader coverage of the Mg-Sn-Sr chemical space.
*   **Apply Aggressive Energy Pre-Filtering:** Discard any candidate with predicted `e_above_hull` > 0.05 eV/atom before oracle submission; over 50% of the trajectory queries targeted structures with energies > 0.1 eV/atom, which is a waste of budget.
*   **Verify Novelty Pre-Query:** Cross-reference generated structures against the known database immediately upon generation to filter out duplicates, as the trajectory's ""STABLE"" labels did not result in ""Novel"" discoveries.
*   **Diversify Stoichiometry Sampling:** Utilize temperature-scaled or entropy-driven sampling to explore Mg-rich and Sr-rich ratios, rather than clustering around the 1:2:1 ratio which yielded no confirmed novel stable phases.",,"*   **Implement Hard Deduplication Constraints:** Enforce a system-level limit of 2 queries per unique stoichiometry to prevent fixation on ratios like `Sr2MgSn4` and force broader chemical space coverage.
*   **Enforce Strict Energy Filtering:** Discard any candidate with predicted `e_above_hull` > 0.05 eV/atom before oracle submission to eliminate the >50% of queries wasted on unstable structures.
*   **Diversify Composition Sampling:** Utilize temperature-scaled sampling to prioritize under-explored Mg-rich and Sr-rich compositions, moving away from the over-sampled 1:2:1 clusters.
*   **Pre-Query Novelty Verification:** Cross-reference generated structures against the known database immediately upon generation to prevent wasting queries on rediscovered phases."
Mg-Sn-Sr,3,0,Mg-Sn-Sr,Mg2 Sn1 Sr2,ternary,unstable (new!) | 0.147 eV/atom,✓,Mg2 Sn1 Sr2,"SrMgSn, SrMg2Sn, SrMgSn2, Sr2MgSn, SrMg3Sn2, SrMg2Sn3, Sr3MgSn, Sr(Mg2Sn)2, Sr(MgSn2)2, Sr2MgSn4, SrMg3Sn, SrMg4Sn, Sr4MgSn, Sr3Mg2Sn, Sr2Mg2Sn, Sr2Mg3Sn, SrMg5Sn, Sr3(MgSn)2, Sr(MgSn)3, SrMg5Sn2, Sr5MgSn, Sr4Mg2Sn, Sr3Mg3Sn, Sr5Mg2Sn","Mg2Sn3Sr, Mg2Sn4Sr, Mg2SnSr, Mg2SnSr2, Mg3Sn2Sr, Mg3Sn3Sr, Mg3SnSr, Mg3SnSr2, Mg4Sn2Sr, Mg4SnSr, Mg5Sn2Sr, Mg5SnSr, MgSn2Sr, MgSn4Sr2, MgSnSr, MgSnSr2, MgSnSr3, Sr2Mg2Sn, Sr2Mg2Sn2, Sr2Mg2Sn4, Sr2Mg4Sn2, Sr2MgSn, Sr3Mg2Sn, Sr3Mg2Sn2, Sr3Mg3Sn, Sr3MgSn, Sr4Mg2Sn, Sr4MgSn, Sr5Mg2Sn, Sr5MgSn, SrMg2Sn, SrMg4Sn, SrMg4Sn2",generate_structures→score_buffer→select_for_evaluation→select_for_evaluation→generate_structures→score_buffer→select_for_evaluation→select_for_evaluation→select_for_evaluation→generate_structures,"Third-best oracle score (-0.0173 eV/atom) among remaining candidates, below 0.05 stability threshold, not in known stable materials list - potential n…",Next action: Score the buffer with oracle scorer to identify promising candidates from the 12 newly generated structures. Then select the best candida…,"*   **Implement Hard Deduplication Constraints:** Enforce a system-level limit of 2 queries per unique stoichiometry to prevent fixation on ratios like `Sr2MgSn4` and force broader chemical space coverage.
*   **Enforce Strict Energy Filtering:** Discard any candidate with predicted `e_above_hull` > 0.05 eV/atom before oracle submission to eliminate the >50% of queries wasted on unstable structures.
*   **Diversify Composition Sampling:** Utilize temperature-scaled sampling to prioritize under-explored Mg-rich and Sr-rich compositions, moving away from the over-sampled 1:2:1 clusters.
*   **Pre-Query Novelty Verification:** Cross-reference generated structures against the known database immediately upon generation to prevent wasting queries on rediscovered phases.","The buffer is empty and I need to start generating candidate structures for the Mg-Sn-Sr ternary system. Based on prior reflections, I should:
1. Focus on Mg-containing ternary compositions (not just Sr-Sn binaries)
2. Diversify stoichiometry sampling (Mg-rich and Sr-rich ratios)
3. Avoid compositions that are already known stable materials
4. Use the 'chemeleon' generator which is trained on stable structures

I'll generate structures for diverse ternary compositions that are not in the known stable list (Mg2Sn, MgSn, MgSn2, Sr2Sn, Sr3Sn5, Sr5Sn3, SrMg2, SrMgSn, SrSn, SrSn3). Good starting compositions include Mg2SnSr, MgSnSr2, Mg3Sn2Sr, Mg2Sn2Sr, and MgSn2Sr2.",
Mg-Sn-Sr,3,1,Mg-Sn-Sr,Mg3 Sn1 Sr3,ternary,unstable (new!) | 0.127 eV/atom,✓,Mg3 Sn1 Sr3,,Sr3Mg3Sn,get_buffer_stats→score_buffer→query_structures→select_for_evaluation→finish,Best oracle score (-0.0018 eV/atom) well below 0.05 threshold; Mg-containing ternary; first query for this stoichiometry,Actions taken: (1) Retrieved buffer statistics showing 27 structures across 20 compositions; (2) Scored all 27 structures using the oracle scorer; (3)…,"*   **Implement Hard Deduplication Constraints:** Enforce a system-level limit of 2 queries per unique stoichiometry to prevent fixation on ratios like `Sr2MgSn4` and force broader chemical space coverage.
*   **Enforce Strict Energy Filtering:** Discard any candidate with predicted `e_above_hull` > 0.05 eV/atom before oracle submission to eliminate the >50% of queries wasted on unstable structures.
*   **Diversify Composition Sampling:** Utilize temperature-scaled sampling to prioritize under-explored Mg-rich and Sr-rich compositions, moving away from the over-sampled 1:2:1 clusters.
*   **Pre-Query Novelty Verification:** Cross-reference generated structures against the known database immediately upon generation to prevent wasting queries on rediscovered phases.",,
Mg-Sn-Sr,3,2,Mg-Sn-Sr,Mg2 Sn1 Sr5,ternary,unstable (new!) | 0.104 eV/atom,✓,Mg2 Sn1 Sr5,"SrMgSn3, Sr3MgSn2","Sr2Mg3Sn, Sr3MgSn2, Sr5Mg2Sn, SrMg2Sn, SrMg3Sn3, SrMg5Sn, SrMgSn3",score_buffer→query_structures→select_for_evaluation→query_structures→select_for_evaluation→query_structures→select_for_evaluation→generate_structures→score_buffer→query_structures,"Third-best predicted stability at -0.0034 eV/atom, below 0.05 eV/atom pre-filtering threshold, not in known stable materials list, Mg-containing terna…","Selected Sr3MgSn2 (reduced: Sr3MgSn2, 6 sites, chemeleon) for oracle evaluation. This is the fourth promising candidate with predicted stability of -0…","*   **Implement Hard Deduplication Constraints:** Enforce a system-level limit of 2 queries per unique stoichiometry to prevent fixation on ratios like `Sr2MgSn4` and force broader chemical space coverage.
*   **Enforce Strict Energy Filtering:** Discard any candidate with predicted `e_above_hull` > 0.05 eV/atom before oracle submission to eliminate the >50% of queries wasted on unstable structures.
*   **Diversify Composition Sampling:** Utilize temperature-scaled sampling to prioritize under-explored Mg-rich and Sr-rich compositions, moving away from the over-sampled 1:2:1 clusters.
*   **Pre-Query Novelty Verification:** Cross-reference generated structures against the known database immediately upon generation to prevent wasting queries on rediscovered phases.",,
Mg-Sn-Sr,3,3,Mg-Sn-Sr,Mg1 Sn1 Sr3,ternary,unstable (new!) | 0.184 eV/atom,✓,Mg1 Sn1 Sr3,"Sr2MgSn3, SrMgSn5, Sr5MgSn3","Mg1Sn1Sr3, Mg1Sn3Sr5, Mg2Sn1Sr3, Mg3Sn1Sr1, Mg3Sn3Sr1, Mg5Sn1Sr1, Sr1Mg1Sn5, Sr2Mg1Sn3, Sr3Mg1Sn1, Sr3Mg3Sn1, Sr3MgSn, Sr3MgSn2",score_buffer→query_structures→select_for_evaluation→generate_structures→score_buffer→query_structures→select_for_evaluation→generate_structures→score_buffer→query_structures,"Best predicted score (-0.0850) well below 0.05 threshold, novel composition not in known stable materials, top-ranked structure for this composition","SELECTED: Sr3Mg3Sn1 (reduced: Sr3Mg3Sn, 7 sites, chemeleon): oracle=-0.1011. This structure was chosen because it has the best predicted stability sco…","*   **Implement Hard Deduplication Constraints:** Enforce a system-level limit of 2 queries per unique stoichiometry to prevent fixation on ratios like `Sr2MgSn4` and force broader chemical space coverage.
*   **Enforce Strict Energy Filtering:** Discard any candidate with predicted `e_above_hull` > 0.05 eV/atom before oracle submission to eliminate the >50% of queries wasted on unstable structures.
*   **Diversify Composition Sampling:** Utilize temperature-scaled sampling to prioritize under-explored Mg-rich and Sr-rich compositions, moving away from the over-sampled 1:2:1 clusters.
*   **Pre-Query Novelty Verification:** Cross-reference generated structures against the known database immediately upon generation to prevent wasting queries on rediscovered phases.",,
Mg-Sn-Sr,3,4,Mg-Sn-Sr,Mg2 Sn1 Sr3,ternary,unstable (new!) | 0.161 eV/atom,✓,Mg2 Sn1 Sr3,,"Sr3Mg2Sn, Sr3MgSn, Sr5MgSn3, SrMg5Sn",list_compositions→score_buffer→query_structures→select_for_evaluation→query_structures→select_for_evaluation→query_structures→select_for_evaluation→query_structures→select_for_evaluation,"Best predicted stability score (-0.0336 eV/atom) for Sr3Mg2Sn composition, below 0.05 threshold. Fourth most promising composition based on oracle sco…",**Actions Taken:** 1. Scored all 35 buffer structures with oracle scorer to identify promising candidates 2. Selected 4 compositions for oracle evalua…,"*   **Implement Hard Deduplication Constraints:** Enforce a system-level limit of 2 queries per unique stoichiometry to prevent fixation on ratios like `Sr2MgSn4` and force broader chemical space coverage.
*   **Enforce Strict Energy Filtering:** Discard any candidate with predicted `e_above_hull` > 0.05 eV/atom before oracle submission to eliminate the >50% of queries wasted on unstable structures.
*   **Diversify Composition Sampling:** Utilize temperature-scaled sampling to prioritize under-explored Mg-rich and Sr-rich compositions, moving away from the over-sampled 1:2:1 clusters.
*   **Pre-Query Novelty Verification:** Cross-reference generated structures against the known database immediately upon generation to prevent wasting queries on rediscovered phases.",,
Mg-Sn-Sr,3,5,Mg-Sn-Sr,Mg1 Sn4 Sr1,ternary,unstable (new!) | 0.188 eV/atom,✓,Mg1 Sn4 Sr1,"Sr4MgSn2, Sr2Mg3Sn2, SrMgSn4","Sr(MgSn)3, Sr2Mg3Sn2, Sr2MgSn, Sr3Mg3Sn, Sr3MgSn2, Sr4MgSn2, SrMg2Sn, SrMgSn3, SrMgSn4",score_buffer→query_structures→select_for_evaluation→generate_structures→score_buffer→select_for_evaluation→generate_structures→score_buffer→select_for_evaluation→select_for_evaluation,"Excellent oracle score (-0.0174) within 0.05 threshold, novel composition not in known stable materials list, second-best available candidate",Summary of actions taken: 1. Scored buffer with oracle scorer - identified Sr2MgSn (-0.0200) as best candidate 2. Selected Sr2MgSn structure 0 for ora…,"*   **Implement Hard Deduplication Constraints:** Enforce a system-level limit of 2 queries per unique stoichiometry to prevent fixation on ratios like `Sr2MgSn4` and force broader chemical space coverage.
*   **Enforce Strict Energy Filtering:** Discard any candidate with predicted `e_above_hull` > 0.05 eV/atom before oracle submission to eliminate the >50% of queries wasted on unstable structures.
*   **Diversify Composition Sampling:** Utilize temperature-scaled sampling to prioritize under-explored Mg-rich and Sr-rich compositions, moving away from the over-sampled 1:2:1 clusters.
*   **Pre-Query Novelty Verification:** Cross-reference generated structures against the known database immediately upon generation to prevent wasting queries on rediscovered phases.",,
Mg-Sn-Sr,3,6,Mg-Sn-Sr,Mg3 Sn1 Sr3,ternary,unstable (new!) | 0.211 eV/atom,,,,Sr3Mg3Sn,score_buffer→query_structures→select_for_evaluation→finish,"Best predicted stability score (-0.1011) in buffer, well below 0.05 eV/atom threshold. Different structure from previously evaluated Sr3Mg3Sn, may hav…","Selected Sr3Mg3Sn (structure index 1, 7 sites, chemeleon) for oracle evaluation with predicted stability score of -0.1011 eV/atom. This candidate was …","*   **Implement Hard Deduplication Constraints:** Enforce a system-level limit of 2 queries per unique stoichiometry to prevent fixation on ratios like `Sr2MgSn4` and force broader chemical space coverage.
*   **Enforce Strict Energy Filtering:** Discard any candidate with predicted `e_above_hull` > 0.05 eV/atom before oracle submission to eliminate the >50% of queries wasted on unstable structures.
*   **Diversify Composition Sampling:** Utilize temperature-scaled sampling to prioritize under-explored Mg-rich and Sr-rich compositions, moving away from the over-sampled 1:2:1 clusters.
*   **Pre-Query Novelty Verification:** Cross-reference generated structures against the known database immediately upon generation to prevent wasting queries on rediscovered phases.",,
Mg-Sn-Sr,3,7,Mg-Sn-Sr,Mg3 Sn1 Sr3,ternary,unstable (new!) | 0.175 eV/atom,,,,"Mg2SrSn, Mg3SrSn, MgSr2Sn, MgSr3Sn, MgSrSn2, MgSrSn3, Sr3Mg3Sn, SrMg2Sn",score_buffer→query_structures→select_for_evaluation→get_buffer_stats→query_structures→select_for_evaluation→list_compositions→generate_structures→score_buffer→query_structures,"Second best oracle score (-0.0715) among all buffer candidates, predicted stable below 0.1 eV/atom threshold, diversifying from SrMg2Sn composition","Selected Sr2MgSn (structure index 0) for oracle evaluation. This composition has an oracle score of -0.0199, well below the 0.1 eV/atom stability thre…","*   **Implement Hard Deduplication Constraints:** Enforce a system-level limit of 2 queries per unique stoichiometry to prevent fixation on ratios like `Sr2MgSn4` and force broader chemical space coverage.
*   **Enforce Strict Energy Filtering:** Discard any candidate with predicted `e_above_hull` > 0.05 eV/atom before oracle submission to eliminate the >50% of queries wasted on unstable structures.
*   **Diversify Composition Sampling:** Utilize temperature-scaled sampling to prioritize under-explored Mg-rich and Sr-rich compositions, moving away from the over-sampled 1:2:1 clusters.
*   **Pre-Query Novelty Verification:** Cross-reference generated structures against the known database immediately upon generation to prevent wasting queries on rediscovered phases.",,
Mg-Sn-Sr,3,8,Mg-Sn-Sr,Mg1 Sn2 Sr3,ternary,unstable (new!) | 0.146 eV/atom,✓,Mg1 Sn2 Sr3,,"Sr2MgSn, Sr2MgSn3, Sr3MgSn2, Sr4MgSn, SrMg2Sn, SrMg3Sn, SrMgSn",score_buffer→query_structures→select_for_evaluation→generate_structures→score_buffer→query_structures→select_for_evaluation→select_for_evaluation→select_for_evaluation→select_for_evaluation,"Fourth best predicted stability with oracle score=-0.0103, below 0.05 pre-filter threshold. Novel composition not yet evaluated. Completes current bat…","Selected 5 novel compositions for oracle evaluation with predicted e_above_hull all below 0.05 eV/atom: SrMg2Sn (-0.1202), SrMgSn (-0.1185), Sr2MgSn (…","*   **Implement Hard Deduplication Constraints:** Enforce a system-level limit of 2 queries per unique stoichiometry to prevent fixation on ratios like `Sr2MgSn4` and force broader chemical space coverage.
*   **Enforce Strict Energy Filtering:** Discard any candidate with predicted `e_above_hull` > 0.05 eV/atom before oracle submission to eliminate the >50% of queries wasted on unstable structures.
*   **Diversify Composition Sampling:** Utilize temperature-scaled sampling to prioritize under-explored Mg-rich and Sr-rich compositions, moving away from the over-sampled 1:2:1 clusters.
*   **Pre-Query Novelty Verification:** Cross-reference generated structures against the known database immediately upon generation to prevent wasting queries on rediscovered phases.",,
Mg-Sn-Sr,3,9,Mg-Sn-Sr,Mg1 Sn1 Sr5,ternary,★ stable (new!) | 0.100 eV/atom,✓,Mg1 Sn1 Sr5,"Sr3MgSn3, Sr6MgSn","Sr3MgSn3, Sr4Mg2Sn, Sr4MgSn, Sr5MgSn, Sr6MgSn, SrMg3Sn, SrMg4Sn, SrMg5Sn, SrMgSn4, SrMgSn5",score_buffer→list_compositions→query_structures→select_for_evaluation→generate_structures→query_structures→select_for_evaluation→generate_structures→query_structures→select_for_evaluation,Exploring Sr-rich composition (Sr:Mg:Sn = 5:1:1) not yet evaluated; aligns with diversification strategy from prior reflections to explore under-sampl…,"**Actions Taken:** 1. Scored buffer with oracle scorer (all returned -inf, indicating uncalibrated predictions) 2. Listed compositions to identify eva…","*   **Implement Hard Deduplication Constraints:** Enforce a system-level limit of 2 queries per unique stoichiometry to prevent fixation on ratios like `Sr2MgSn4` and force broader chemical space coverage.
*   **Enforce Strict Energy Filtering:** Discard any candidate with predicted `e_above_hull` > 0.05 eV/atom before oracle submission to eliminate the >50% of queries wasted on unstable structures.
*   **Diversify Composition Sampling:** Utilize temperature-scaled sampling to prioritize under-explored Mg-rich and Sr-rich compositions, moving away from the over-sampled 1:2:1 clusters.
*   **Pre-Query Novelty Verification:** Cross-reference generated structures against the known database immediately upon generation to prevent wasting queries on rediscovered phases.",,
Mg-Sn-Sr,3,10,Mg-Sn-Sr,Mg2 Sn1 Sr4,ternary,★ stable (new!) | 0.096 eV/atom,✓,Mg2 Sn1 Sr4,Sr(MgSn)2,"Sr2Mg2Sn2, Sr3Mg2Sn2, Sr4Mg2Sn, Sr4Mg2Sn2, Sr4MgSn, Sr5MgSn, SrMg2Sn2, SrMg5Sn",score_buffer→query_structures→select_for_evaluation→query_structures→select_for_evaluation→query_structures→select_for_evaluation→list_compositions→generate_structures→score_buffer,"Third-best predicted stability score (-0.0023 eV/atom) among buffer candidates, below 0.05 threshold from prior reflections. Novel composition not yet…","Selected Sr6MgSn (structure index 0) from the buffer for oracle evaluation. Rationale: This composition is Sr-rich, similar to our successful Sr5MgSn …","*   **Implement Hard Deduplication Constraints:** Enforce a system-level limit of 2 queries per unique stoichiometry to prevent fixation on ratios like `Sr2MgSn4` and force broader chemical space coverage.
*   **Enforce Strict Energy Filtering:** Discard any candidate with predicted `e_above_hull` > 0.05 eV/atom before oracle submission to eliminate the >50% of queries wasted on unstable structures.
*   **Diversify Composition Sampling:** Utilize temperature-scaled sampling to prioritize under-explored Mg-rich and Sr-rich compositions, moving away from the over-sampled 1:2:1 clusters.
*   **Pre-Query Novelty Verification:** Cross-reference generated structures against the known database immediately upon generation to prevent wasting queries on rediscovered phases.",,
Mg-Sn-Sr,3,11,Mg-Sn-Sr,Mg1 Sn1 Sr6,ternary,★ stable (new!) | 0.073 eV/atom,✓,Mg1 Sn1 Sr6,Sr7MgSn,"Sr2MgSn, Sr3Mg2Sn2, Sr6MgSn, Sr7MgSn, SrMg3Sn, SrMg4Sn, SrMg5Sn2",score_buffer→list_compositions→query_structures→select_for_evaluation→generate_structures→query_structures→select_for_evaluation→query_structures→select_for_evaluation→query_structures,"Sr-rich composition not yet queried, aligns with diversification strategy from prior reflections. Structure index 0 is the first of 2 available struct…","SELECTED: Sr1Mg3Sn1 (reduced: SrMg3Sn, 5 sites, chemeleon): oracle=-inf. Mg-rich composition not yet queried, aligns with diversification strategy fro…","*   **Implement Hard Deduplication Constraints:** Enforce a system-level limit of 2 queries per unique stoichiometry to prevent fixation on ratios like `Sr2MgSn4` and force broader chemical space coverage.
*   **Enforce Strict Energy Filtering:** Discard any candidate with predicted `e_above_hull` > 0.05 eV/atom before oracle submission to eliminate the >50% of queries wasted on unstable structures.
*   **Diversify Composition Sampling:** Utilize temperature-scaled sampling to prioritize under-explored Mg-rich and Sr-rich compositions, moving away from the over-sampled 1:2:1 clusters.
*   **Pre-Query Novelty Verification:** Cross-reference generated structures against the known database immediately upon generation to prevent wasting queries on rediscovered phases.",,
Mg-Sn-Sr,3,12,Mg-Sn-Sr,Mg1 Sn1 Sr4,ternary,unstable (new!) | 0.134 eV/atom,✓,Mg1 Sn1 Sr4,,"Sr2Mg3Sn, Sr2Mg3Sn2, Sr2MgSn, Sr3MgSn2, Sr3MgSn3, Sr4MgSn, Sr7MgSn, SrMg3Sn, SrMg3Sn2, SrMgSn3, SrMgSn4",score_buffer→query_structures→select_for_evaluation→generate_structures→score_buffer→query_structures→select_for_evaluation→generate_structures→score_buffer→query_structures,"Best oracle score (-0.0244) below 0.05 threshold, different stoichiometry from previously discovered stable materials (Sr5MgSn, Sr4Mg2Sn, Sr6MgSn), di…","Selected Sr3Mg1Sn2 (reduced: Sr3MgSn2, 6 sites, chemeleon) with oracle score -0.0490 for evaluation. This composition: 1. Meets strict energy filterin…","*   **Implement Hard Deduplication Constraints:** Enforce a system-level limit of 2 queries per unique stoichiometry to prevent fixation on ratios like `Sr2MgSn4` and force broader chemical space coverage.
*   **Enforce Strict Energy Filtering:** Discard any candidate with predicted `e_above_hull` > 0.05 eV/atom before oracle submission to eliminate the >50% of queries wasted on unstable structures.
*   **Diversify Composition Sampling:** Utilize temperature-scaled sampling to prioritize under-explored Mg-rich and Sr-rich compositions, moving away from the over-sampled 1:2:1 clusters.
*   **Pre-Query Novelty Verification:** Cross-reference generated structures against the known database immediately upon generation to prevent wasting queries on rediscovered phases.",,
Mg-Sn-Sr,3,13,Mg-Sn-Sr,Mg1 Sn2 Sr3,ternary,unstable (new!) | 0.185 eV/atom,,,,Sr3MgSn2,score_buffer→query_structures→select_for_evaluation→finish,"Promising composition with predicted oracle score -0.0490 eV/atom, below 0.05 threshold, not yet evaluated in history","Selected Sr3MgSn2 (structure index 0, 6 sites) for oracle evaluation with predicted oracle score -0.0490 eV/atom. This composition was chosen because:…","*   **Implement Hard Deduplication Constraints:** Enforce a system-level limit of 2 queries per unique stoichiometry to prevent fixation on ratios like `Sr2MgSn4` and force broader chemical space coverage.
*   **Enforce Strict Energy Filtering:** Discard any candidate with predicted `e_above_hull` > 0.05 eV/atom before oracle submission to eliminate the >50% of queries wasted on unstable structures.
*   **Diversify Composition Sampling:** Utilize temperature-scaled sampling to prioritize under-explored Mg-rich and Sr-rich compositions, moving away from the over-sampled 1:2:1 clusters.
*   **Pre-Query Novelty Verification:** Cross-reference generated structures against the known database immediately upon generation to prevent wasting queries on rediscovered phases.",,
Mg-Sn-Sr,3,14,Mg-Sn-Sr,Mg1 Sn1 Sr1,ternary,unstable (new!) | 0.129 eV/atom,✓,Mg1 Sn1 Sr1,,"SrMg3Sn, SrMgSn, SrMgSn2, SrMgSn3",score_buffer→list_compositions→query_structures→select_for_evaluation→query_structures→select_for_evaluation→query_structures→select_for_evaluation→query_structures→select_for_evaluation,"1:1:1 ternary composition not yet evaluated, 3 structures available in buffer. Continuing exploration of under-explored compositions per prior reflect…","Successfully selected 4 novel compositions for oracle evaluation from under-explored regions: (1) SrMg3Sn - Mg-rich 1:3:1 ratio, (2) SrMgSn3 - Mg-rich…","*   **Implement Hard Deduplication Constraints:** Enforce a system-level limit of 2 queries per unique stoichiometry to prevent fixation on ratios like `Sr2MgSn4` and force broader chemical space coverage.
*   **Enforce Strict Energy Filtering:** Discard any candidate with predicted `e_above_hull` > 0.05 eV/atom before oracle submission to eliminate the >50% of queries wasted on unstable structures.
*   **Diversify Composition Sampling:** Utilize temperature-scaled sampling to prioritize under-explored Mg-rich and Sr-rich compositions, moving away from the over-sampled 1:2:1 clusters.
*   **Pre-Query Novelty Verification:** Cross-reference generated structures against the known database immediately upon generation to prevent wasting queries on rediscovered phases.",,
Mg-Sn-Sr,3,15,Mg-Sn-Sr,Mg3 Sn1 Sr1,ternary,★ stable (new!) | 0.088 eV/atom,✓,Mg3 Sn1 Sr1,,SrMg3Sn,score_buffer→list_compositions→query_structures→select_for_evaluation→finish,Diversifying composition sampling - SrMg3Sn has 4 structures in buffer but none evaluated yet. Following prior reflections to explore under-evaluated …,"Selected SrMg3Sn (structure index 0, 5 sites, chemeleon) for oracle evaluation. This composition had 4 structures in the buffer with zero prior evalua…","*   **Implement Hard Deduplication Constraints:** Enforce a system-level limit of 2 queries per unique stoichiometry to prevent fixation on ratios like `Sr2MgSn4` and force broader chemical space coverage.
*   **Enforce Strict Energy Filtering:** Discard any candidate with predicted `e_above_hull` > 0.05 eV/atom before oracle submission to eliminate the >50% of queries wasted on unstable structures.
*   **Diversify Composition Sampling:** Utilize temperature-scaled sampling to prioritize under-explored Mg-rich and Sr-rich compositions, moving away from the over-sampled 1:2:1 clusters.
*   **Pre-Query Novelty Verification:** Cross-reference generated structures against the known database immediately upon generation to prevent wasting queries on rediscovered phases.",,
Mg-Sn-Sr,3,16,Mg-Sn-Sr,Mg1 Sn1 Sr2,ternary,unstable (new!) | 0.127 eV/atom,✓,Mg1 Sn1 Sr2,,"Sr2Mg3Sn, Sr2MgSn, Sr3MgSn, Sr3MgSn2, Sr4MgSn2",list_compositions→query_structures→query_structures→score_buffer→score_buffer→generate_structures→score_buffer→query_structures→select_for_evaluation→finish,Best predicted score (-0.0178 eV/atom) well below 0.05 threshold; composition not previously evaluated; follows strict energy filtering strategy,"Selected Sr2MgSn (structure index 0, 4 sites) for oracle evaluation with predicted e_above_hull=-0.0178 eV/atom. This composition has not been previou…","*   **Implement Hard Deduplication Constraints:** Enforce a system-level limit of 2 queries per unique stoichiometry to prevent fixation on ratios like `Sr2MgSn4` and force broader chemical space coverage.
*   **Enforce Strict Energy Filtering:** Discard any candidate with predicted `e_above_hull` > 0.05 eV/atom before oracle submission to eliminate the >50% of queries wasted on unstable structures.
*   **Diversify Composition Sampling:** Utilize temperature-scaled sampling to prioritize under-explored Mg-rich and Sr-rich compositions, moving away from the over-sampled 1:2:1 clusters.
*   **Pre-Query Novelty Verification:** Cross-reference generated structures against the known database immediately upon generation to prevent wasting queries on rediscovered phases.",,
Mg-Sn-Sr,3,17,Mg-Sn-Sr,Mg1 Sn2 Sr4,ternary,unstable (new!) | 0.150 eV/atom,✓,Mg1 Sn2 Sr4,,Sr4MgSn2,score_buffer→query_structures→select_for_evaluation→finish,Best oracle score (-0.0261) among unevaluated compositions; Mg-containing ternary with predicted stability below 0.05 eV/atom threshold,"Selected Sr4MgSn2 (structure index 0, 7 sites) for oracle evaluation. Rationale: Best oracle score (-0.0261 eV/atom) among all unevaluated composition…","*   **Implement Hard Deduplication Constraints:** Enforce a system-level limit of 2 queries per unique stoichiometry to prevent fixation on ratios like `Sr2MgSn4` and force broader chemical space coverage.
*   **Enforce Strict Energy Filtering:** Discard any candidate with predicted `e_above_hull` > 0.05 eV/atom before oracle submission to eliminate the >50% of queries wasted on unstable structures.
*   **Diversify Composition Sampling:** Utilize temperature-scaled sampling to prioritize under-explored Mg-rich and Sr-rich compositions, moving away from the over-sampled 1:2:1 clusters.
*   **Pre-Query Novelty Verification:** Cross-reference generated structures against the known database immediately upon generation to prevent wasting queries on rediscovered phases.",,
Mg-Sn-Sr,3,18,Mg-Sn-Sr,Mg3 Sn1 Sr2,ternary,unstable (new!) | 0.102 eV/atom,✓,Mg3 Sn1 Sr2,,Sr2Mg3Sn,score_buffer→query_structures→query_structures→select_for_evaluation→finish,"New composition with 4 structures in buffer, not yet evaluated. Prior reflections emphasize exploring unexplored stoichiometries while respecting comp…","Selected Sr2Mg3Sn1 (structure index 0) for oracle evaluation. This composition was chosen because it is a new, unexplored stoichiometry in the Mg-Sn-S…","*   **Implement Hard Deduplication Constraints:** Enforce a system-level limit of 2 queries per unique stoichiometry to prevent fixation on ratios like `Sr2MgSn4` and force broader chemical space coverage.
*   **Enforce Strict Energy Filtering:** Discard any candidate with predicted `e_above_hull` > 0.05 eV/atom before oracle submission to eliminate the >50% of queries wasted on unstable structures.
*   **Diversify Composition Sampling:** Utilize temperature-scaled sampling to prioritize under-explored Mg-rich and Sr-rich compositions, moving away from the over-sampled 1:2:1 clusters.
*   **Pre-Query Novelty Verification:** Cross-reference generated structures against the known database immediately upon generation to prevent wasting queries on rediscovered phases.",,
Mg-Sn-Sr,3,19,Mg-Sn-Sr,Mg1 Sn1 Sr7,ternary,★ stable (new!) | 0.064 eV/atom,✓,Mg1 Sn1 Sr7,,"Sr2Mg3Sn, Sr2MgSn, Sr3MgSn2, Sr4MgSn, Sr7MgSn, SrMg3Sn2, SrMgSn2, SrMgSn3",score_buffer→list_compositions→query_structures→query_structures→select_for_evaluation→generate_structures→score_buffer→query_structures→select_for_evaluation→generate_structures,"New composition not in evaluation history, Sr-rich pattern similar to successful discoveries (Sr5MgSn, Sr6MgSn), diversifying chemical space explorati…","**Actions Taken:** 1. Scored 52-buffer structures with oracle scorer to identify low-energy candidates 2. Queried compositions (Sr3MgSn, SrMg3Sn2, Sr7…","*   **Implement Hard Deduplication Constraints:** Enforce a system-level limit of 2 queries per unique stoichiometry to prevent fixation on ratios like `Sr2MgSn4` and force broader chemical space coverage.
*   **Enforce Strict Energy Filtering:** Discard any candidate with predicted `e_above_hull` > 0.05 eV/atom before oracle submission to eliminate the >50% of queries wasted on unstable structures.
*   **Diversify Composition Sampling:** Utilize temperature-scaled sampling to prioritize under-explored Mg-rich and Sr-rich compositions, moving away from the over-sampled 1:2:1 clusters.
*   **Pre-Query Novelty Verification:** Cross-reference generated structures against the known database immediately upon generation to prevent wasting queries on rediscovered phases.",,
Mg-Sn-Sr,3,20,Mg-Sn-Sr,Mg1 Sn2 Sr3,ternary,unstable (new!) | 0.102 eV/atom,,,,"Sr2MgSn, Sr3MgSn2, Sr4MgSn",list_compositions→query_structures→score_buffer→query_structures→select_for_evaluation→query_structures→select_for_evaluation→query_structures→select_for_evaluation→query_structures,"Third-best predicted score (-0.0174) among unevaluated compositions, well under 0.05 eV/atom threshold. Sr-rich composition aligns with successful dis…","Selected SrMg3Sn (structure 0, 5 sites) for oracle evaluation. This Mg-rich composition was previously found STABLE, NOVEL (entry 16, e_above_hull=0.0…","*   **Implement Hard Deduplication Constraints:** Enforce a system-level limit of 2 queries per unique stoichiometry to prevent fixation on ratios like `Sr2MgSn4` and force broader chemical space coverage.
*   **Enforce Strict Energy Filtering:** Discard any candidate with predicted `e_above_hull` > 0.05 eV/atom before oracle submission to eliminate the >50% of queries wasted on unstable structures.
*   **Diversify Composition Sampling:** Utilize temperature-scaled sampling to prioritize under-explored Mg-rich and Sr-rich compositions, moving away from the over-sampled 1:2:1 clusters.
*   **Pre-Query Novelty Verification:** Cross-reference generated structures against the known database immediately upon generation to prevent wasting queries on rediscovered phases.",,
Mg-Sn-Sr,3,21,Mg-Sn-Sr,Mg1 Sn1 Sr4,ternary,unstable (new!) | 0.142 eV/atom,,,,"Sr2Mg3Sn, Sr2MgSn3, Sr3MgSn2, Sr4MgSn, SrMg3Sn2, SrMgSn3",list_compositions→score_buffer→query_structures→select_for_evaluation→generate_structures→score_buffer→query_structures→select_for_evaluation→generate_structures→score_buffer,"Best predicted score (-0.0203 eV/atom) below 0.05 threshold, Sr-rich composition following successful discovery pattern, not yet evaluated in history","Querying SrMgSn3 composition (9 structures available, Sr-rich following successful discovery pattern). This composition has the most candidates in the…","*   **Implement Hard Deduplication Constraints:** Enforce a system-level limit of 2 queries per unique stoichiometry to prevent fixation on ratios like `Sr2MgSn4` and force broader chemical space coverage.
*   **Enforce Strict Energy Filtering:** Discard any candidate with predicted `e_above_hull` > 0.05 eV/atom before oracle submission to eliminate the >50% of queries wasted on unstable structures.
*   **Diversify Composition Sampling:** Utilize temperature-scaled sampling to prioritize under-explored Mg-rich and Sr-rich compositions, moving away from the over-sampled 1:2:1 clusters.
*   **Pre-Query Novelty Verification:** Cross-reference generated structures against the known database immediately upon generation to prevent wasting queries on rediscovered phases.",,
Mg-Sn-Sr,3,22,Mg-Sn-Sr,Mg1 Sn3 Sr2,ternary,★ stable (new!) | 0.091 eV/atom,✓,Mg1 Sn3 Sr2,Sr5MgSn2,"Sr2Mg3Sn, Sr2MgSn3, Sr3MgSn2, Sr5MgSn2, SrMg2Sn3, SrMg3Sn2, SrMgSn3",score_buffer→list_compositions→query_structures→select_for_evaluation→generate_structures→query_structures→select_for_evaluation→query_structures→select_for_evaluation→query_structures,"Exploring under-explored Sr-rich composition Sr2MgSn3 (4 structures, 0 queries). Diversifying from over-sampled ratios. Sr-rich compositions have show…","Selected SrMgSn2 (structure index 0, 4 sites, chemeleon) for oracle evaluation. This composition has 3 structures with 0 prior queries, making it an u…","*   **Implement Hard Deduplication Constraints:** Enforce a system-level limit of 2 queries per unique stoichiometry to prevent fixation on ratios like `Sr2MgSn4` and force broader chemical space coverage.
*   **Enforce Strict Energy Filtering:** Discard any candidate with predicted `e_above_hull` > 0.05 eV/atom before oracle submission to eliminate the >50% of queries wasted on unstable structures.
*   **Diversify Composition Sampling:** Utilize temperature-scaled sampling to prioritize under-explored Mg-rich and Sr-rich compositions, moving away from the over-sampled 1:2:1 clusters.
*   **Pre-Query Novelty Verification:** Cross-reference generated structures against the known database immediately upon generation to prevent wasting queries on rediscovered phases.",,
Mg-Sn-Sr,3,23,Mg-Sn-Sr,Mg1 Sn3 Sr1,ternary,★ stable (new!) | 0.042 eV/atom,✓,Mg1 Sn3 Sr1,,SrMgSn3,score_buffer→query_structures→list_compositions→query_structures→select_for_evaluation→finish,"Unexplored composition with 8 structures in buffer, no prior oracle evaluations. Diversifying from Sr-rich successful compositions to test Mg-Sn-Sr te…","Actions taken: 1. Scored buffer with oracle scorer to identify top candidates 2. Queried Sr4MgSn structures (already evaluated, found unstable at 0.13…","*   **Implement Hard Deduplication Constraints:** Enforce a system-level limit of 2 queries per unique stoichiometry to prevent fixation on ratios like `Sr2MgSn4` and force broader chemical space coverage.
*   **Enforce Strict Energy Filtering:** Discard any candidate with predicted `e_above_hull` > 0.05 eV/atom before oracle submission to eliminate the >50% of queries wasted on unstable structures.
*   **Diversify Composition Sampling:** Utilize temperature-scaled sampling to prioritize under-explored Mg-rich and Sr-rich compositions, moving away from the over-sampled 1:2:1 clusters.
*   **Pre-Query Novelty Verification:** Cross-reference generated structures against the known database immediately upon generation to prevent wasting queries on rediscovered phases.",,
Mg-Sn-Sr,3,24,Mg-Sn-Sr,Mg1 Sn1 Sr3,ternary,unstable (new!) | 0.166 eV/atom,,,,"Sr3MgSn, SrMg3Sn2, SrMgSn2",score_buffer→list_compositions→query_structures→query_structures→select_for_evaluation→generate_structures→query_structures→select_for_evaluation→query_structures→select_for_evaluation,"Unevaluated Sr-rich composition, diversifying chemical space per prior reflections on Mg/Sr-rich exploration",**Actions Taken:** 1. Scored 65 buffer structures with oracle scorer (most showed -inf uncertainty) 2. Listed compositions to identify under-explored …,"*   **Implement Hard Deduplication Constraints:** Enforce a system-level limit of 2 queries per unique stoichiometry to prevent fixation on ratios like `Sr2MgSn4` and force broader chemical space coverage.
*   **Enforce Strict Energy Filtering:** Discard any candidate with predicted `e_above_hull` > 0.05 eV/atom before oracle submission to eliminate the >50% of queries wasted on unstable structures.
*   **Diversify Composition Sampling:** Utilize temperature-scaled sampling to prioritize under-explored Mg-rich and Sr-rich compositions, moving away from the over-sampled 1:2:1 clusters.
*   **Pre-Query Novelty Verification:** Cross-reference generated structures against the known database immediately upon generation to prevent wasting queries on rediscovered phases.",,
Mg-Sn-Sr,3,25,Mg-Sn-Sr,Mg2 Sn3 Sr1,ternary,★ stable (new!) | 0.028 eV/atom,✓,Mg2 Sn3 Sr1,,"Sr2Mg3Sn, SrMg2Sn3, SrMg3Sn2, SrMgSn2",list_compositions→score_buffer→query_structures→select_for_evaluation→query_structures→select_for_evaluation→query_structures→select_for_evaluation→query_structures→select_for_evaluation,Exploring unevaluated composition SrMg2Sn3; structure 0 has hexagonal symmetry (120° angles) which is common in stable materials; Mg-rich composition …,Episode Summary: 4 compositions selected for oracle evaluation **Actions Taken:** 1. Queried and evaluated buffer composition distribution (29 composi…,"*   **Implement Hard Deduplication Constraints:** Enforce a system-level limit of 2 queries per unique stoichiometry to prevent fixation on ratios like `Sr2MgSn4` and force broader chemical space coverage.
*   **Enforce Strict Energy Filtering:** Discard any candidate with predicted `e_above_hull` > 0.05 eV/atom before oracle submission to eliminate the >50% of queries wasted on unstable structures.
*   **Diversify Composition Sampling:** Utilize temperature-scaled sampling to prioritize under-explored Mg-rich and Sr-rich compositions, moving away from the over-sampled 1:2:1 clusters.
*   **Pre-Query Novelty Verification:** Cross-reference generated structures against the known database immediately upon generation to prevent wasting queries on rediscovered phases.",,
Mg-Sn-Sr,3,26,Mg-Sn-Sr,Mg1 Sn1 Sr2,ternary,★ stable (new!) | 0.099 eV/atom,,,,"Sr2MgSn, Sr2MgSn3, Sr3MgSn, Sr3MgSn2, Sr4MgSn2, SrMg2Sn3, SrMg3Sn2, SrMgSn4, SrMgSn5",score_buffer→query_structures→select_for_evaluation→generate_structures→score_buffer→query_structures→select_for_evaluation→generate_structures→score_buffer→query_structures,Second query for Sr2MgSn (first was e=0.1272); oracle score -0.0202 indicates high predicted stability; within 2-query limit per stoichiometry; divers…,"Selected Sr4Mg1Sn1 (reduced: Sr4MgSn, 6 sites, chemeleon) with oracle score -0.0203 for oracle evaluation. This is the second query for Sr4MgSn (first…","*   **Implement Hard Deduplication Constraints:** Enforce a system-level limit of 2 queries per unique stoichiometry to prevent fixation on ratios like `Sr2MgSn4` and force broader chemical space coverage.
*   **Enforce Strict Energy Filtering:** Discard any candidate with predicted `e_above_hull` > 0.05 eV/atom before oracle submission to eliminate the >50% of queries wasted on unstable structures.
*   **Diversify Composition Sampling:** Utilize temperature-scaled sampling to prioritize under-explored Mg-rich and Sr-rich compositions, moving away from the over-sampled 1:2:1 clusters.
*   **Pre-Query Novelty Verification:** Cross-reference generated structures against the known database immediately upon generation to prevent wasting queries on rediscovered phases.",,
Mg-Sn-Sr,3,27,Mg-Sn-Sr,Mg1 Sn5 Sr1,ternary,★ stable (new!) | 0.062 eV/atom,✓,Mg1 Sn5 Sr1,,"SrMg2Sn3, SrMg3Sn2, SrMgSn3, SrMgSn4, SrMgSn5",score_buffer→query_structures→query_structures→query_structures→select_for_evaluation→generate_structures→score_buffer→query_structures→select_for_evaluation→generate_structures,SrMgSn5 has 6 unexplored structures with 0 previous evaluations; first exploration of this promising composition to diversify chemical space coverage,**Actions Taken:** 1. Scored 76 buffer structures with oracle scorer to identify promising candidates 2. Identified under-explored compositions: SrMg3…,"*   **Implement Hard Deduplication Constraints:** Enforce a system-level limit of 2 queries per unique stoichiometry to prevent fixation on ratios like `Sr2MgSn4` and force broader chemical space coverage.
*   **Enforce Strict Energy Filtering:** Discard any candidate with predicted `e_above_hull` > 0.05 eV/atom before oracle submission to eliminate the >50% of queries wasted on unstable structures.
*   **Diversify Composition Sampling:** Utilize temperature-scaled sampling to prioritize under-explored Mg-rich and Sr-rich compositions, moving away from the over-sampled 1:2:1 clusters.
*   **Pre-Query Novelty Verification:** Cross-reference generated structures against the known database immediately upon generation to prevent wasting queries on rediscovered phases.",,
Mg-Sn-Sr,3,28,Mg-Sn-Sr,Mg3 Sn2 Sr1,ternary,★ stable (new!) | 0.009 eV/atom,✓,Mg3 Sn2 Sr1,"Sr2MgSn2, SrMgSn6","Mg2Sn3Sr, Sr2MgSn2, Sr3MgSn, Sr6MgSn, SrMg3Sn2, SrMgSn6",get_buffer_stats→score_buffer→query_structures→select_for_evaluation→generate_structures→score_buffer→query_structures→query_structures→select_for_evaluation→score_buffer,"New composition with 9 structures in buffer, not yet evaluated; diversifies Mg-rich composition sampling; respects 2-query per stoichiometry limit","Selected SrMgSn3 (structure index 0) for oracle evaluation. This composition has 6 structures in the buffer, hasn't been evaluated yet, and aligns wit…","*   **Implement Hard Deduplication Constraints:** Enforce a system-level limit of 2 queries per unique stoichiometry to prevent fixation on ratios like `Sr2MgSn4` and force broader chemical space coverage.
*   **Enforce Strict Energy Filtering:** Discard any candidate with predicted `e_above_hull` > 0.05 eV/atom before oracle submission to eliminate the >50% of queries wasted on unstable structures.
*   **Diversify Composition Sampling:** Utilize temperature-scaled sampling to prioritize under-explored Mg-rich and Sr-rich compositions, moving away from the over-sampled 1:2:1 clusters.
*   **Pre-Query Novelty Verification:** Cross-reference generated structures against the known database immediately upon generation to prevent wasting queries on rediscovered phases.",,
Mg-Sn-Sr,3,29,Mg-Sn-Sr,Mg3 Sn2 Sr1,ternary,★ stable | 0.009 eV/atom,,,,SrMg3Sn2,score_buffer→query_structures→get_buffer_stats→query_structures→select_for_evaluation→finish,"SrMg3Sn2 composition already showed stability (entry 20: e_above_hull=0.0095), has 8 structures in buffer, only queried once, good candidate for secon…","Selected SrMg3Sn2 (structure index 0, 6 sites) for oracle evaluation. Rationale: This composition demonstrated exceptional stability in previous evalu…","*   **Implement Hard Deduplication Constraints:** Enforce a system-level limit of 2 queries per unique stoichiometry to prevent fixation on ratios like `Sr2MgSn4` and force broader chemical space coverage.
*   **Enforce Strict Energy Filtering:** Discard any candidate with predicted `e_above_hull` > 0.05 eV/atom before oracle submission to eliminate the >50% of queries wasted on unstable structures.
*   **Diversify Composition Sampling:** Utilize temperature-scaled sampling to prioritize under-explored Mg-rich and Sr-rich compositions, moving away from the over-sampled 1:2:1 clusters.
*   **Pre-Query Novelty Verification:** Cross-reference generated structures against the known database immediately upon generation to prevent wasting queries on rediscovered phases.",,
Mg-Sn-Sr,3,30,Mg-Sn-Sr,Mg1 Sn1 Sr1,ternary,★ stable (new!) | 0.066 eV/atom,,,,SrMgSn,score_buffer→list_compositions→query_structures→select_for_evaluation→finish,"Under-explored composition with 0 queries, 2 structures available in buffer. Diversifying from over-sampled compositions like SrMg3Sn2. Novel ternary …","Selected SrMgSn (structure index 0, full formula Sr2Mg2Sn2, 6 sites) for oracle evaluation. Rationale: Under-explored composition with 0 prior queries…","*   **Implement Hard Deduplication Constraints:** Enforce a system-level limit of 2 queries per unique stoichiometry to prevent fixation on ratios like `Sr2MgSn4` and force broader chemical space coverage.
*   **Enforce Strict Energy Filtering:** Discard any candidate with predicted `e_above_hull` > 0.05 eV/atom before oracle submission to eliminate the >50% of queries wasted on unstable structures.
*   **Diversify Composition Sampling:** Utilize temperature-scaled sampling to prioritize under-explored Mg-rich and Sr-rich compositions, moving away from the over-sampled 1:2:1 clusters.
*   **Pre-Query Novelty Verification:** Cross-reference generated structures against the known database immediately upon generation to prevent wasting queries on rediscovered phases.",,
Mg-Sn-Sr,3,31,Mg-Sn-Sr,Mg4 Sn2 Sr1,ternary,★ stable (new!) | 0.027 eV/atom,✓,Mg4 Sn2 Sr1,,"Sr(Mg2Sn)2, Sr3MgSn, SrMgSn2, SrMgSn4",list_compositions→query_structures→select_for_evaluation→query_structures→select_for_evaluation→query_structures→select_for_evaluation→query_structures→select_for_evaluation→query_structures,"First oracle evaluation for Sr(Mg2Sn)2 composition - 3 structures available, none evaluated yet. Continuing diversification strategy to explore unexpl…","SELECTED: Sr1Mg3Sn1 (reduced: SrMg3Sn, 5 sites, chemeleon) for oracle evaluation. This is the first oracle evaluation for the SrMg3Sn composition - 3 …","*   **Implement Hard Deduplication Constraints:** Enforce a system-level limit of 2 queries per unique stoichiometry to prevent fixation on ratios like `Sr2MgSn4` and force broader chemical space coverage.
*   **Enforce Strict Energy Filtering:** Discard any candidate with predicted `e_above_hull` > 0.05 eV/atom before oracle submission to eliminate the >50% of queries wasted on unstable structures.
*   **Diversify Composition Sampling:** Utilize temperature-scaled sampling to prioritize under-explored Mg-rich and Sr-rich compositions, moving away from the over-sampled 1:2:1 clusters.
*   **Pre-Query Novelty Verification:** Cross-reference generated structures against the known database immediately upon generation to prevent wasting queries on rediscovered phases.",,
Mg-Sn-Sr,3,32,Mg-Sn-Sr,Mg1 Sn2 Sr1,ternary,unstable (new!) | 0.139 eV/atom,✓,Mg1 Sn2 Sr1,,SrMgSn2,list_compositions→score_buffer→query_structures→query_structures→select_for_evaluation→finish,Under-explored composition (0 evaluations) with 2 structures in buffer; diversifying beyond over-sampled ratios per prior reflections,"Actions taken: (1) Listed buffer compositions to assess distribution, (2) Scored buffer with oracle scorer to identify low-energy candidates, (3) Quer…","*   **Implement Hard Deduplication Constraints:** Enforce a system-level limit of 2 queries per unique stoichiometry to prevent fixation on ratios like `Sr2MgSn4` and force broader chemical space coverage.
*   **Enforce Strict Energy Filtering:** Discard any candidate with predicted `e_above_hull` > 0.05 eV/atom before oracle submission to eliminate the >50% of queries wasted on unstable structures.
*   **Diversify Composition Sampling:** Utilize temperature-scaled sampling to prioritize under-explored Mg-rich and Sr-rich compositions, moving away from the over-sampled 1:2:1 clusters.
*   **Pre-Query Novelty Verification:** Cross-reference generated structures against the known database immediately upon generation to prevent wasting queries on rediscovered phases.",,
Mg-Sn-Sr,3,33,Mg-Sn-Sr,Mg3 Sn1 Sr1,ternary,★ stable | 0.088 eV/atom,,,,"Sr4MgSn, SrMg3Sn, SrMgSn3, SrMgSn5",score_buffer→list_compositions→query_structures→select_for_evaluation→query_structures→select_for_evaluation→query_structures→select_for_evaluation→query_structures→select_for_evaluation,"Proven stability history (entry 3: STABLE, NOVEL, e=0.0881), only 1 previous query on this stoichiometry (limit is 2), within query budget for this co…","Selected 4 structures for oracle evaluation: (1) Sr4MgSn [0] with oracle=-0.0203, (2) SrMgSn3 [0] with proven stability (e=0.0418), (3) SrMgSn5 [0] wi…","*   **Implement Hard Deduplication Constraints:** Enforce a system-level limit of 2 queries per unique stoichiometry to prevent fixation on ratios like `Sr2MgSn4` and force broader chemical space coverage.
*   **Enforce Strict Energy Filtering:** Discard any candidate with predicted `e_above_hull` > 0.05 eV/atom before oracle submission to eliminate the >50% of queries wasted on unstable structures.
*   **Diversify Composition Sampling:** Utilize temperature-scaled sampling to prioritize under-explored Mg-rich and Sr-rich compositions, moving away from the over-sampled 1:2:1 clusters.
*   **Pre-Query Novelty Verification:** Cross-reference generated structures against the known database immediately upon generation to prevent wasting queries on rediscovered phases.",,
Mg-Sn-Sr,3,34,Mg-Sn-Sr,Mg4 Sn1 Sr3,ternary,unstable (new!) | 0.281 eV/atom,✓,Mg4 Sn1 Sr3,"Sr4MgSn3, Mg5Sn3, Sr3Mg4Sn","Mg5Sn3, Sr2Mg3Sn2, Sr2MgSn2, Sr2MgSn4, Sr3Mg2Sn, Sr3Mg4Sn, Sr4MgSn3, SrMg4Sn, SrMgSn2, SrMgSn3, SrMgSn4",score_buffer→query_structures→query_structures→select_for_evaluation→generate_structures→score_buffer→select_for_evaluation→generate_structures→score_buffer→select_for_evaluation,"Sr3Mg4Sn has the best oracle score (-0.1943) in the buffer. This is a new Mg-rich composition that hasn't been evaluated yet, following the diversity …","**Actions Taken:** 1. Scored buffer with oracle scorer to identify promising candidates 2. Queried structure details for top compositions (SrMg3Sn2, S…","*   **Implement Hard Deduplication Constraints:** Enforce a system-level limit of 2 queries per unique stoichiometry to prevent fixation on ratios like `Sr2MgSn4` and force broader chemical space coverage.
*   **Enforce Strict Energy Filtering:** Discard any candidate with predicted `e_above_hull` > 0.05 eV/atom before oracle submission to eliminate the >50% of queries wasted on unstable structures.
*   **Diversify Composition Sampling:** Utilize temperature-scaled sampling to prioritize under-explored Mg-rich and Sr-rich compositions, moving away from the over-sampled 1:2:1 clusters.
*   **Pre-Query Novelty Verification:** Cross-reference generated structures against the known database immediately upon generation to prevent wasting queries on rediscovered phases.",,
Mg-Sn-Sr,3,35,Mg-Sn-Sr,Mg1 Sn3 Sr2,ternary,★ stable (new!) | 0.083 eV/atom,,,,"Sr2MgSn3, SrMg2Sn3, SrMgSn3, SrMgSn5",score_buffer→query_structures→select_for_evaluation→query_structures→select_for_evaluation→query_structures→select_for_evaluation→query_structures→select_for_evaluation→query_structures,"Sr2MgSn3 is proven stable (0.0913 eV/atom). 4 structures in buffer, only 1 evaluated. Selecting structure index 1 for oracle evaluation within max 2 q…","SELECTED: Sr1Mg3Sn1 (reduced: SrMg3Sn, 5 sites, chemeleon): oracle=-inf. SrMg3Sn is proven stable (0.0881 eV/atom). 2 structures in buffer, only 1 eva…","*   **Implement Hard Deduplication Constraints:** Enforce a system-level limit of 2 queries per unique stoichiometry to prevent fixation on ratios like `Sr2MgSn4` and force broader chemical space coverage.
*   **Enforce Strict Energy Filtering:** Discard any candidate with predicted `e_above_hull` > 0.05 eV/atom before oracle submission to eliminate the >50% of queries wasted on unstable structures.
*   **Diversify Composition Sampling:** Utilize temperature-scaled sampling to prioritize under-explored Mg-rich and Sr-rich compositions, moving away from the over-sampled 1:2:1 clusters.
*   **Pre-Query Novelty Verification:** Cross-reference generated structures against the known database immediately upon generation to prevent wasting queries on rediscovered phases.",,
Mg-Sn-Sr,3,36,Mg-Sn-Sr,Mg2 Sn1 Sr3,ternary,unstable (new!) | 0.116 eV/atom,,,,Sr3Mg2Sn,list_compositions→score_buffer→select_for_evaluation→finish,"Composition has oracle score -0.0181 (below 0.05 threshold), not yet queried in evaluation history, follows diversification strategy from prior reflec…",Selected Sr3Mg2Sn (structure index 0) for oracle evaluation with oracle-predicted e_above_hull = -0.0181 eV/atom. This selection follows all prior ref…,"*   **Implement Hard Deduplication Constraints:** Enforce a system-level limit of 2 queries per unique stoichiometry to prevent fixation on ratios like `Sr2MgSn4` and force broader chemical space coverage.
*   **Enforce Strict Energy Filtering:** Discard any candidate with predicted `e_above_hull` > 0.05 eV/atom before oracle submission to eliminate the >50% of queries wasted on unstable structures.
*   **Diversify Composition Sampling:** Utilize temperature-scaled sampling to prioritize under-explored Mg-rich and Sr-rich compositions, moving away from the over-sampled 1:2:1 clusters.
*   **Pre-Query Novelty Verification:** Cross-reference generated structures against the known database immediately upon generation to prevent wasting queries on rediscovered phases.",,
Mg-Sn-Sr,3,37,Mg-Sn-Sr,Mg1 Sn2 Sr5,ternary,★ stable (new!) | 0.100 eV/atom,✓,Mg1 Sn2 Sr5,,Sr5MgSn2,score_buffer→list_compositions→query_structures→query_structures→query_structures→select_for_evaluation→finish,Unevaluated Sr-rich composition following diversification guidance from prior reflections; oracle scorer gave -inf so selecting for ground-truth evalu…,"Selected Sr5MgSn2 (structure index 0, 8 sites) for oracle evaluation. This Sr-rich composition was unevaluated in the 20 previous queries and follows …","*   **Implement Hard Deduplication Constraints:** Enforce a system-level limit of 2 queries per unique stoichiometry to prevent fixation on ratios like `Sr2MgSn4` and force broader chemical space coverage.
*   **Enforce Strict Energy Filtering:** Discard any candidate with predicted `e_above_hull` > 0.05 eV/atom before oracle submission to eliminate the >50% of queries wasted on unstable structures.
*   **Diversify Composition Sampling:** Utilize temperature-scaled sampling to prioritize under-explored Mg-rich and Sr-rich compositions, moving away from the over-sampled 1:2:1 clusters.
*   **Pre-Query Novelty Verification:** Cross-reference generated structures against the known database immediately upon generation to prevent wasting queries on rediscovered phases.",,
Mg-Sn-Sr,3,38,Mg-Sn-Sr,Mg2 Sn1 Sr4,ternary,unstable (new!) | 0.113 eV/atom,,,,"Sr3(MgSn)2, Sr4Mg2Sn, Sr5MgSn, SrMgSn4, SrMgSn6",score_buffer→list_compositions→query_structures→select_for_evaluation→generate_structures→query_structures→select_for_evaluation→query_structures→select_for_evaluation→query_structures,Exploring unqueried composition Sr4Mg2Sn with 2 available structures; diversifying composition sampling per prior reflections,"SELECTED: Sr5Mg1Sn1 (reduced: Sr5MgSn, 7 sites, chemeleon): oracle=-inf. Continuing composition diversification strategy by exploring unqueried Sr-ric…","*   **Implement Hard Deduplication Constraints:** Enforce a system-level limit of 2 queries per unique stoichiometry to prevent fixation on ratios like `Sr2MgSn4` and force broader chemical space coverage.
*   **Enforce Strict Energy Filtering:** Discard any candidate with predicted `e_above_hull` > 0.05 eV/atom before oracle submission to eliminate the >50% of queries wasted on unstable structures.
*   **Diversify Composition Sampling:** Utilize temperature-scaled sampling to prioritize under-explored Mg-rich and Sr-rich compositions, moving away from the over-sampled 1:2:1 clusters.
*   **Pre-Query Novelty Verification:** Cross-reference generated structures against the known database immediately upon generation to prevent wasting queries on rediscovered phases.",,
Mg-Sn-Sr,3,39,Mg-Sn-Sr,Mg3 Sn2 Sr2,ternary,unstable (new!) | 0.107 eV/atom,✓,Mg3 Sn2 Sr2,,"Sr2Mg3Sn, Sr2Mg3Sn2, Sr4MgSn2, SrMgSn4, SrMgSn5",list_compositions→score_buffer→query_structures→query_structures→query_structures→score_buffer→select_for_evaluation→generate_structures→score_buffer→select_for_evaluation,"Under-explored composition with 3 structures in buffer, not yet queried in oracle history (0 queries). Diversifies sampling toward Mg-rich composition…","Actions: Listed 15 buffer compositions by count, scored buffer with oracle scorer, queried structures from SrMg2Sn3/SrMg3Sn2/SrMgSn6/SrMgSn4, generate…","*   **Implement Hard Deduplication Constraints:** Enforce a system-level limit of 2 queries per unique stoichiometry to prevent fixation on ratios like `Sr2MgSn4` and force broader chemical space coverage.
*   **Enforce Strict Energy Filtering:** Discard any candidate with predicted `e_above_hull` > 0.05 eV/atom before oracle submission to eliminate the >50% of queries wasted on unstable structures.
*   **Diversify Composition Sampling:** Utilize temperature-scaled sampling to prioritize under-explored Mg-rich and Sr-rich compositions, moving away from the over-sampled 1:2:1 clusters.
*   **Pre-Query Novelty Verification:** Cross-reference generated structures against the known database immediately upon generation to prevent wasting queries on rediscovered phases.",,
Mg-Sn-Sr,3,40,Mg-Sn-Sr,Mg1 Sn1 Sr2,ternary,★ stable (new!) | 0.069 eV/atom,,,,Sr2MgSn,list_compositions→score_buffer→query_structures→select_for_evaluation→finish,Best predicted stability (-0.0199 eV/atom) below 0.05 threshold; 2nd query for this stoichiometry (at limit per prior reflections); different structur…,"Selected Sr2Mg1Sn1 (reduced: Sr2MgSn, 4 sites) for oracle evaluation. Rationale: Best predicted stability (-0.0199 eV/atom) from oracle scoring, well …","*   **Implement Hard Deduplication Constraints:** Enforce a system-level limit of 2 queries per unique stoichiometry to prevent fixation on ratios like `Sr2MgSn4` and force broader chemical space coverage.
*   **Enforce Strict Energy Filtering:** Discard any candidate with predicted `e_above_hull` > 0.05 eV/atom before oracle submission to eliminate the >50% of queries wasted on unstable structures.
*   **Diversify Composition Sampling:** Utilize temperature-scaled sampling to prioritize under-explored Mg-rich and Sr-rich compositions, moving away from the over-sampled 1:2:1 clusters.
*   **Pre-Query Novelty Verification:** Cross-reference generated structures against the known database immediately upon generation to prevent wasting queries on rediscovered phases.",,
Mg-Sn-Sr,3,41,Mg-Sn-Sr,Mg1 Sn2 Sr4,ternary,unstable (new!) | 0.138 eV/atom,,,,"Sr2Mg3Sn, Sr3(MgSn)2, Sr3MgSn2, Sr4MgSn2, SrMgSn3, SrMgSn4",score_buffer→query_structures→list_compositions→query_structures→select_for_evaluation→generate_structures→list_compositions→query_structures→select_for_evaluation→query_structures,"Exploring unevaluated composition Sr4MgSn2 with 5 structures in buffer; different stoichiometry from already-evaluated Sr4Mg2Sn (entry 11, stable at 0…",Querying Sr3(MgSn)2 composition which has 5 unevaluated structures in buffer. This represents a new stoichiometry region (Sr3Mg2Sn2 reduced formula) t…,"*   **Implement Hard Deduplication Constraints:** Enforce a system-level limit of 2 queries per unique stoichiometry to prevent fixation on ratios like `Sr2MgSn4` and force broader chemical space coverage.
*   **Enforce Strict Energy Filtering:** Discard any candidate with predicted `e_above_hull` > 0.05 eV/atom before oracle submission to eliminate the >50% of queries wasted on unstable structures.
*   **Diversify Composition Sampling:** Utilize temperature-scaled sampling to prioritize under-explored Mg-rich and Sr-rich compositions, moving away from the over-sampled 1:2:1 clusters.
*   **Pre-Query Novelty Verification:** Cross-reference generated structures against the known database immediately upon generation to prevent wasting queries on rediscovered phases.",,
Mg-Sn-Sr,3,42,Mg-Sn-Sr,Mg1 Sn5 Sr1,ternary,★ stable | 0.062 eV/atom,,,,"SrMg2Sn3, SrMgSn3, SrMgSn5",score_buffer→query_structures→query_structures→query_structures→select_for_evaluation→query_structures→select_for_evaluation→query_structures→select_for_evaluation→query_structures,"SrMgSn5 has proven stability potential (1 prior query was STABLE, NOVEL at 0.0617 eV/atom), only 1 query so far (under 2-query limit), and 3 structure…","SELECTED: Sr2Mg2Sn2 (reduced: SrMgSn, 6 sites, chemeleon). Rationale: SrMgSn has proven stability potential (1 prior query was STABLE, NOVEL at 0.0660…","*   **Implement Hard Deduplication Constraints:** Enforce a system-level limit of 2 queries per unique stoichiometry to prevent fixation on ratios like `Sr2MgSn4` and force broader chemical space coverage.
*   **Enforce Strict Energy Filtering:** Discard any candidate with predicted `e_above_hull` > 0.05 eV/atom before oracle submission to eliminate the >50% of queries wasted on unstable structures.
*   **Diversify Composition Sampling:** Utilize temperature-scaled sampling to prioritize under-explored Mg-rich and Sr-rich compositions, moving away from the over-sampled 1:2:1 clusters.
*   **Pre-Query Novelty Verification:** Cross-reference generated structures against the known database immediately upon generation to prevent wasting queries on rediscovered phases.",,
Mg-Sn-Sr,3,43,Mg-Sn-Sr,Mg2 Sn2 Sr3,ternary,★ stable (new!) | 0.062 eV/atom,✓,Mg2 Sn2 Sr3,,"Sr2MgSn2, Sr2MgSn4, Sr3(MgSn)2, Sr4MgSn3, SrMg2Sn3, SrMgSn3",get_buffer_stats→score_buffer→query_structures→select_for_evaluation→generate_structures→list_compositions→query_structures→select_for_evaluation→query_structures→select_for_evaluation,Sr3(MgSn)2 has 6 structures available with 0 previous queries. This is an under-explored composition that needs exploration. Following diversification…,"Actions taken: 1. Retrieved buffer statistics (70 structures, 31 compositions) 2. Scored buffer using oracle scorer 3. Queried SrMg2Sn3 structures (3 …","*   **Implement Hard Deduplication Constraints:** Enforce a system-level limit of 2 queries per unique stoichiometry to prevent fixation on ratios like `Sr2MgSn4` and force broader chemical space coverage.
*   **Enforce Strict Energy Filtering:** Discard any candidate with predicted `e_above_hull` > 0.05 eV/atom before oracle submission to eliminate the >50% of queries wasted on unstable structures.
*   **Diversify Composition Sampling:** Utilize temperature-scaled sampling to prioritize under-explored Mg-rich and Sr-rich compositions, moving away from the over-sampled 1:2:1 clusters.
*   **Pre-Query Novelty Verification:** Cross-reference generated structures against the known database immediately upon generation to prevent wasting queries on rediscovered phases.",,
Mg-Sn-Sr,3,44,Mg-Sn-Sr,Mg1 Sn2 Sr4,ternary,unstable | 0.138 eV/atom,,,,"Sr2MgSn2, Sr4Mg2Sn, Sr4MgSn2",score_buffer→query_structures→select_for_evaluation→list_compositions→score_buffer→query_structures→select_for_evaluation→query_structures→select_for_evaluation→query_structures,Composition has 4 structures with 0 prior queries; follows diversification strategy to explore under-explored Sr-rich compositions,"SELECTED: Sr1Mg1Sn4 (reduced: SrMgSn4, 6 sites, chemeleon): oracle=-inf. Composition has 4 structures with 0 prior queries; follows diversification st…","*   **Implement Hard Deduplication Constraints:** Enforce a system-level limit of 2 queries per unique stoichiometry to prevent fixation on ratios like `Sr2MgSn4` and force broader chemical space coverage.
*   **Enforce Strict Energy Filtering:** Discard any candidate with predicted `e_above_hull` > 0.05 eV/atom before oracle submission to eliminate the >50% of queries wasted on unstable structures.
*   **Diversify Composition Sampling:** Utilize temperature-scaled sampling to prioritize under-explored Mg-rich and Sr-rich compositions, moving away from the over-sampled 1:2:1 clusters.
*   **Pre-Query Novelty Verification:** Cross-reference generated structures against the known database immediately upon generation to prevent wasting queries on rediscovered phases.",,
Mg-Sn-Sr,3,45,Mg-Sn-Sr,Mg3 Sn1 Sr3,ternary,unstable (new!) | 0.132 eV/atom,,,,"Sr3Mg3Sn, SrMgSn3, SrMgSn4, SrMgSn6",score_buffer→query_structures→select_for_evaluation→get_buffer_stats→query_structures→select_for_evaluation→query_structures→select_for_evaluation→query_structures→select_for_evaluation,Exploring under-explored composition Sr3Mg3Sn with 1 unevaluated structure; diversification strategy per prior reflections,"Actions taken: Selected 4 new compositions for oracle evaluation following diversification strategy: 1. SrMgSn3 (index 0) - Mg-rich composition, 3 une…","*   **Implement Hard Deduplication Constraints:** Enforce a system-level limit of 2 queries per unique stoichiometry to prevent fixation on ratios like `Sr2MgSn4` and force broader chemical space coverage.
*   **Enforce Strict Energy Filtering:** Discard any candidate with predicted `e_above_hull` > 0.05 eV/atom before oracle submission to eliminate the >50% of queries wasted on unstable structures.
*   **Diversify Composition Sampling:** Utilize temperature-scaled sampling to prioritize under-explored Mg-rich and Sr-rich compositions, moving away from the over-sampled 1:2:1 clusters.
*   **Pre-Query Novelty Verification:** Cross-reference generated structures against the known database immediately upon generation to prevent wasting queries on rediscovered phases.",,
Mg-Sn-Sr,3,46,Mg-Sn-Sr,Mg1 Sn6 Sr1,ternary,★ stable (new!) | 0.026 eV/atom,✓,Mg1 Sn6 Sr1,,"Sr3MgSn, Sr4MgSn, Sr5MgSn, Sr7MgSn, SrMg2Sn3, SrMgSn6",list_compositions→score_buffer→query_structures→query_structures→select_for_evaluation→select_for_evaluation→select_for_evaluation→select_for_evaluation→select_for_evaluation→select_for_evaluation,Under-explored Sn-rich composition with single structure; diversifying from over-sampled stoichiometries per prior reflections,"Selected 6 structures for oracle evaluation from under-explored compositions: SrMg2Sn3, Sr3MgSn, Sr4MgSn, Sr5MgSn, Sr7MgSn, and SrMgSn6. All selection…","*   **Implement Hard Deduplication Constraints:** Enforce a system-level limit of 2 queries per unique stoichiometry to prevent fixation on ratios like `Sr2MgSn4` and force broader chemical space coverage.
*   **Enforce Strict Energy Filtering:** Discard any candidate with predicted `e_above_hull` > 0.05 eV/atom before oracle submission to eliminate the >50% of queries wasted on unstable structures.
*   **Diversify Composition Sampling:** Utilize temperature-scaled sampling to prioritize under-explored Mg-rich and Sr-rich compositions, moving away from the over-sampled 1:2:1 clusters.
*   **Pre-Query Novelty Verification:** Cross-reference generated structures against the known database immediately upon generation to prevent wasting queries on rediscovered phases.",,
Mg-Sn-Sr,3,47,Mg-Sn-Sr,Mg2 Sn2 Sr1,ternary,★ stable (new!) | 0.000 eV/atom,✓,Mg2 Sn2 Sr1,,Sr(MgSn)2,get_buffer_stats→score_buffer→score_buffer→list_compositions→query_structures→select_for_evaluation→finish,"Under-explored composition with unique structure (diversity=1.0), not yet evaluated, follows max 2 queries per stoichiometry rule","Selected Sr(MgSn)2 (Sr1Mg2Sn2, 5 sites) for oracle evaluation. Rationale: This composition is under-explored (0 prior queries), has a unique structure…","*   **Implement Hard Deduplication Constraints:** Enforce a system-level limit of 2 queries per unique stoichiometry to prevent fixation on ratios like `Sr2MgSn4` and force broader chemical space coverage.
*   **Enforce Strict Energy Filtering:** Discard any candidate with predicted `e_above_hull` > 0.05 eV/atom before oracle submission to eliminate the >50% of queries wasted on unstable structures.
*   **Diversify Composition Sampling:** Utilize temperature-scaled sampling to prioritize under-explored Mg-rich and Sr-rich compositions, moving away from the over-sampled 1:2:1 clusters.
*   **Pre-Query Novelty Verification:** Cross-reference generated structures against the known database immediately upon generation to prevent wasting queries on rediscovered phases.",,
Mg-Sn-Sr,3,48,Mg-Sn,Mg5 Sn3,binary,★ stable (new!) | 0.043 eV/atom,✓,Mg5 Sn3,,"Mg5Sn3, Sr3MgSn, Sr3MgSn3, Sr4MgSn3, SrMg2Sn3",list_compositions→score_buffer→query_structures→query_structures→select_for_evaluation→generate_structures→query_structures→select_for_evaluation→query_structures→select_for_evaluation,Under-explored composition not in evaluation history; high diversity score (1.0); follows diversification guidance from prior reflections; potential f…,"Actions taken: Listed buffer compositions (58 structures, 24 compositions), scored with oracle scorer (all -inf), queried under-explored compositions …","*   **Implement Hard Deduplication Constraints:** Enforce a system-level limit of 2 queries per unique stoichiometry to prevent fixation on ratios like `Sr2MgSn4` and force broader chemical space coverage.
*   **Enforce Strict Energy Filtering:** Discard any candidate with predicted `e_above_hull` > 0.05 eV/atom before oracle submission to eliminate the >50% of queries wasted on unstable structures.
*   **Diversify Composition Sampling:** Utilize temperature-scaled sampling to prioritize under-explored Mg-rich and Sr-rich compositions, moving away from the over-sampled 1:2:1 clusters.
*   **Pre-Query Novelty Verification:** Cross-reference generated structures against the known database immediately upon generation to prevent wasting queries on rediscovered phases.",,
Mg-Sn-Sr,3,49,Mg-Sn-Sr,Mg1 Sn3 Sr2,ternary,★ stable (new!) | 0.047 eV/atom,,,,"Sr2Mg3Sn, Sr2MgSn3, Sr3(MgSn)2, SrMg3Sn2",score_buffer→list_compositions→query_structures→select_for_evaluation→query_structures→select_for_evaluation→query_structures→select_for_evaluation→query_structures→select_for_evaluation,"Sr2MgSn3 already showed stability with structure 0 (e_above_hull=0.0835, NOVEL). This composition has 3 structures in buffer and appears to have only …",Selected 4 structures for oracle evaluation following exploitation strategy on promising compositions: 1. **SrMg3Sn2 (index 1)** - Already showed stab…,"*   **Implement Hard Deduplication Constraints:** Enforce a system-level limit of 2 queries per unique stoichiometry to prevent fixation on ratios like `Sr2MgSn4` and force broader chemical space coverage.
*   **Enforce Strict Energy Filtering:** Discard any candidate with predicted `e_above_hull` > 0.05 eV/atom before oracle submission to eliminate the >50% of queries wasted on unstable structures.
*   **Diversify Composition Sampling:** Utilize temperature-scaled sampling to prioritize under-explored Mg-rich and Sr-rich compositions, moving away from the over-sampled 1:2:1 clusters.
*   **Pre-Query Novelty Verification:** Cross-reference generated structures against the known database immediately upon generation to prevent wasting queries on rediscovered phases.",,"*   **Enforce Hard Deduplication:** Implement a system-level block preventing more than one query per unique stoichiometry to eliminate redundancy (e.g., stop querying `Sr2MgSn3` after the first attempt).
*   **Mandatory Pre-Query Novelty Check:** Cross-reference all generated candidates against the known stable database *before* oracle submission to avoid wasting queries on rediscovered phases like `Mg2Sn2Sr1`.
*   **Strict Energy Pre-Filter:** Discard any candidate with predicted `e_above_hull` > 0.05 eV/atom immediately to prevent budget waste on clearly unstable structures (>50% of this episode).
*   **Diversify Composition Sampling:** Avoid clustering around 1:2:1 ratios; use temperature-scaled sampling to actively explore under-sampled Mg-rich and Sr-rich regions."
Mg-Sn-Sr,4,0,Mg-Sn-Sr,Mg2 Sn1 Sr3,ternary,unstable (new!) | 0.116 eV/atom,✓,Mg2 Sn1 Sr3,"SrMg3Sn, Sr2MgSn, Sr3Mg2Sn, SrMgSn2, SrMg3Sn2, Sr3MgSn, SrMg4Sn, Sr2Mg3Sn2, Sr4MgSn, Sr4Mg2Sn, SrMg2Sn3, Sr2MgSn3","Mg2Sn3Sr, Mg2SnSr3, Mg3Sn2Sr, Mg3Sn2Sr2, Mg3SnSr, Mg4SnSr, MgSn2Sr, MgSn3Sr2, MgSnSr2, MgSnSr3, Sr2MgSn, Sr3Mg2Sn, Sr3MgSn, Sr4Mg2Sn, Sr4MgSn",generate_structures→score_buffer→query_structures→select_for_evaluation→query_structures→select_for_evaluation→query_structures→select_for_evaluation→generate_structures→score_buffer,"Third best oracle score (-0.0181 eV/atom), novel composition not in known stable list, systematic evaluation of high-scoring candidates below 0.05 eV/…",Querying structures for SrMg4Sn (best oracle score -0.0852 eV/atom) to select the top candidate for oracle evaluation. This composition is novel (not …,"*   **Enforce Hard Deduplication:** Implement a system-level block preventing more than one query per unique stoichiometry to eliminate redundancy (e.g., stop querying `Sr2MgSn3` after the first attempt).
*   **Mandatory Pre-Query Novelty Check:** Cross-reference all generated candidates against the known stable database *before* oracle submission to avoid wasting queries on rediscovered phases like `Mg2Sn2Sr1`.
*   **Strict Energy Pre-Filter:** Discard any candidate with predicted `e_above_hull` > 0.05 eV/atom immediately to prevent budget waste on clearly unstable structures (>50% of this episode).
*   **Diversify Composition Sampling:** Avoid clustering around 1:2:1 ratios; use temperature-scaled sampling to actively explore under-sampled Mg-rich and Sr-rich regions.","The buffer is empty and we have no evaluations yet. Based on prior reflections from Episodes 1-3, I need to:
1. Generate diverse compositions (Mg-rich and Sr-rich, not just 1:2:1 clusters)
2. Include different unit cell sizes for the same reduced formula
3. Avoid over-sampling any single stoichiometry

I'll start by generating structures using the chemeleon generator with a diverse set of compositions to populate the buffer. This will give us candidates to score and evaluate. I'll include ternary compositions with varying Mg:Sn:Sr ratios to ensure broad chemical space coverage.",
Mg-Sn-Sr,4,1,Mg-Sn-Sr,Mg1 Sn1 Sr4,ternary,unstable (new!) | 0.142 eV/atom,✓,Mg1 Sn1 Sr4,,Sr4MgSn,list_compositions→score_buffer→query_structures→select_for_evaluation→finish,Predicted e_above_hull=-0.0203 eV/atom is within 0.05 pre-filter threshold and 0.1 stability tolerance. Novel ternary composition not in known stable …,"Selected Sr4MgSn (structure index 0, 6 sites, chemeleon) for oracle evaluation. This composition has predicted e_above_hull=-0.0203 eV/atom, meeting b…","*   **Enforce Hard Deduplication:** Implement a system-level block preventing more than one query per unique stoichiometry to eliminate redundancy (e.g., stop querying `Sr2MgSn3` after the first attempt).
*   **Mandatory Pre-Query Novelty Check:** Cross-reference all generated candidates against the known stable database *before* oracle submission to avoid wasting queries on rediscovered phases like `Mg2Sn2Sr1`.
*   **Strict Energy Pre-Filter:** Discard any candidate with predicted `e_above_hull` > 0.05 eV/atom immediately to prevent budget waste on clearly unstable structures (>50% of this episode).
*   **Diversify Composition Sampling:** Avoid clustering around 1:2:1 ratios; use temperature-scaled sampling to actively explore under-sampled Mg-rich and Sr-rich regions.",,
Mg-Sn-Sr,4,2,Mg-Sn-Sr,Mg4 Sn1 Sr2,ternary,unstable (new!) | 0.171 eV/atom,✓,Mg4 Sn1 Sr2,"SrMg2Sn, Sr2Mg3Sn, Sr2Mg4Sn","Mg3SrSn2, Sr2Mg3Sn, Sr2Mg4Sn, Sr2MgSn, Sr3MgSn, SrMg2Sn, SrMg4Sn, SrMgSn2",score_buffer→query_structures→select_for_evaluation→generate_structures→score_buffer→query_structures→select_for_evaluation→query_structures→select_for_evaluation→query_structures,"Second-best predicted stability in buffer at -0.0404 eV/atom, below 0.05 eV/atom pre-filter threshold. Sr-rich composition diversifies from problemati…","Selected Sr2MgSn1 (reduced: Sr2MgSn, 4 sites, chemeleon) with oracle=-0.0178 eV/atom. This is the fourth candidate meeting our strict 0.05 eV/atom pre…","*   **Enforce Hard Deduplication:** Implement a system-level block preventing more than one query per unique stoichiometry to eliminate redundancy (e.g., stop querying `Sr2MgSn3` after the first attempt).
*   **Mandatory Pre-Query Novelty Check:** Cross-reference all generated candidates against the known stable database *before* oracle submission to avoid wasting queries on rediscovered phases like `Mg2Sn2Sr1`.
*   **Strict Energy Pre-Filter:** Discard any candidate with predicted `e_above_hull` > 0.05 eV/atom immediately to prevent budget waste on clearly unstable structures (>50% of this episode).
*   **Diversify Composition Sampling:** Avoid clustering around 1:2:1 ratios; use temperature-scaled sampling to actively explore under-sampled Mg-rich and Sr-rich regions.",,
Mg-Sn-Sr,4,3,Mg-Sn-Sr,Mg4 Sn1 Sr1,ternary,unstable (new!) | 0.218 eV/atom,✓,Mg4 Sn1 Sr1,"SrMgSn4, SrMgSn3","Mg3SnSr, MgSn3Sr, Sr2MgSn, Sr3MgSn, Sr4MgSn, SrMg4Sn, SrMgSn4",score_buffer→query_structures→select_for_evaluation→generate_structures→score_buffer→query_structures→select_for_evaluation→score_buffer→query_structures→select_for_evaluation,"Best predicted stability with e_above_hull=-0.0854 eV/atom, well below 0.05 threshold from prior reflections. SrMg4Sn is a Mg-rich composition that di…",Action taken: Continuing the discovery cycle after selecting SrMg4Sn for oracle evaluation. Buffer has 15 structures across 12 compositions. Most comp…,"*   **Enforce Hard Deduplication:** Implement a system-level block preventing more than one query per unique stoichiometry to eliminate redundancy (e.g., stop querying `Sr2MgSn3` after the first attempt).
*   **Mandatory Pre-Query Novelty Check:** Cross-reference all generated candidates against the known stable database *before* oracle submission to avoid wasting queries on rediscovered phases like `Mg2Sn2Sr1`.
*   **Strict Energy Pre-Filter:** Discard any candidate with predicted `e_above_hull` > 0.05 eV/atom immediately to prevent budget waste on clearly unstable structures (>50% of this episode).
*   **Diversify Composition Sampling:** Avoid clustering around 1:2:1 ratios; use temperature-scaled sampling to actively explore under-sampled Mg-rich and Sr-rich regions.",,
Mg-Sn-Sr,4,4,Mg-Sn-Sr,Mg1 Sn2 Sr3,ternary,unstable (new!) | 0.185 eV/atom,✓,Mg1 Sn2 Sr3,"Sr2MgSn2, Sr3MgSn2","Sr2MgSn, Sr2MgSn2, Sr3MgSn2, SrMg2Sn, SrMg3Sn, SrMg4Sn",score_buffer→query_structures→select_for_evaluation→generate_structures→score_buffer→query_structures→select_for_evaluation→query_structures→select_for_evaluation→query_structures,"Best oracle score (-0.0492 eV/atom) passes 0.05 eV/atom pre-filter; composition not in known_stable_materials list, likely novel",Selected SrMg2Sn (structure index 2) for oracle evaluation. This composition has the best predicted stability (-0.1203 eV/atom) among all candidates i…,"*   **Enforce Hard Deduplication:** Implement a system-level block preventing more than one query per unique stoichiometry to eliminate redundancy (e.g., stop querying `Sr2MgSn3` after the first attempt).
*   **Mandatory Pre-Query Novelty Check:** Cross-reference all generated candidates against the known stable database *before* oracle submission to avoid wasting queries on rediscovered phases like `Mg2Sn2Sr1`.
*   **Strict Energy Pre-Filter:** Discard any candidate with predicted `e_above_hull` > 0.05 eV/atom immediately to prevent budget waste on clearly unstable structures (>50% of this episode).
*   **Diversify Composition Sampling:** Avoid clustering around 1:2:1 ratios; use temperature-scaled sampling to actively explore under-sampled Mg-rich and Sr-rich regions.",,
Mg-Sn-Sr,4,5,Mg-Sn-Sr,Mg1 Sn2 Sr3,ternary,unstable | 0.185 eV/atom,,,"SrMgSn, Sr2Sn, SrSn, Mg2Sn, Sr3Sn, Sr3Sn2, SrMg2, MgSn2, Sr5Sn3, Sr3Sn5","Mg2Sn, Mg3Sn, MgSn, MgSn2, Sr2MgSn, Sr2Sn, Sr3MgSn2, Sr3Sn, Sr3Sn2, Sr3Sn5, Sr5Sn3, SrMg2, SrMg2Sn, SrMgSn, SrSn, SrSn3",list_compositions→generate_structures→score_buffer→query_structures→select_for_evaluation→generate_structures→score_buffer→query_structures→select_for_evaluation→generate_structures,"Best oracle score (-0.0491 eV/atom) among all scored structures, well below 0.05 eV/atom pre-filter threshold and stability_tolerance of 0.1 eV/atom. …","Actions taken: 1. Generated 8 new structures for binary compositions (MgSn, MgSn2, SrSn3, Sr5Sn3, Sr3Sn5, SrMg2) targeting known stable phase regions …","*   **Enforce Hard Deduplication:** Implement a system-level block preventing more than one query per unique stoichiometry to eliminate redundancy (e.g., stop querying `Sr2MgSn3` after the first attempt).
*   **Mandatory Pre-Query Novelty Check:** Cross-reference all generated candidates against the known stable database *before* oracle submission to avoid wasting queries on rediscovered phases like `Mg2Sn2Sr1`.
*   **Strict Energy Pre-Filter:** Discard any candidate with predicted `e_above_hull` > 0.05 eV/atom immediately to prevent budget waste on clearly unstable structures (>50% of this episode).
*   **Diversify Composition Sampling:** Avoid clustering around 1:2:1 ratios; use temperature-scaled sampling to actively explore under-sampled Mg-rich and Sr-rich regions.",,
Mg-Sn-Sr,4,6,Mg-Sn-Sr,Mg1 Sn1 Sr3,ternary,unstable (new!) | 0.341 eV/atom,✓,Mg1 Sn1 Sr3,,"Sr2Mg3Sn, Sr2Mg3Sn2, Sr2MgSn2, Sr3MgSn, Sr4Mg2Sn, SrMg2Sn, SrMg2Sn3, SrMg3Sn, SrMg3Sn2",score_buffer→query_structures→query_structures→select_for_evaluation→generate_structures→score_buffer→query_structures→select_for_evaluation→generate_structures→score_buffer,"Best predicted oracle score (-0.2623) among all novel compositions, well below 0.05 eV/atom pre-filter threshold, not in known stable materials list",Querying structures for SrMg3Sn composition to identify the best candidate for oracle evaluation. This composition shows the best predicted oracle sco…,"*   **Enforce Hard Deduplication:** Implement a system-level block preventing more than one query per unique stoichiometry to eliminate redundancy (e.g., stop querying `Sr2MgSn3` after the first attempt).
*   **Mandatory Pre-Query Novelty Check:** Cross-reference all generated candidates against the known stable database *before* oracle submission to avoid wasting queries on rediscovered phases like `Mg2Sn2Sr1`.
*   **Strict Energy Pre-Filter:** Discard any candidate with predicted `e_above_hull` > 0.05 eV/atom immediately to prevent budget waste on clearly unstable structures (>50% of this episode).
*   **Diversify Composition Sampling:** Avoid clustering around 1:2:1 ratios; use temperature-scaled sampling to actively explore under-sampled Mg-rich and Sr-rich regions.",,
Mg-Sn-Sr,4,7,Mg-Sn-Sr,Mg3 Sn1 Sr1,ternary,unstable (new!) | 0.183 eV/atom,✓,Mg3 Sn1 Sr1,,SrMg3Sn,score_buffer→query_structures→select_for_evaluation→finish,"Novel composition with best predicted oracle score (-0.0790), not in known stable materials list, high potential for stable discovery","Actions taken: (1) Scored all 56 buffer structures with oracle scorer to identify stability predictions, (2) Filtered candidates by novelty (excluding…","*   **Enforce Hard Deduplication:** Implement a system-level block preventing more than one query per unique stoichiometry to eliminate redundancy (e.g., stop querying `Sr2MgSn3` after the first attempt).
*   **Mandatory Pre-Query Novelty Check:** Cross-reference all generated candidates against the known stable database *before* oracle submission to avoid wasting queries on rediscovered phases like `Mg2Sn2Sr1`.
*   **Strict Energy Pre-Filter:** Discard any candidate with predicted `e_above_hull` > 0.05 eV/atom immediately to prevent budget waste on clearly unstable structures (>50% of this episode).
*   **Diversify Composition Sampling:** Avoid clustering around 1:2:1 ratios; use temperature-scaled sampling to actively explore under-sampled Mg-rich and Sr-rich regions.",,
Mg-Sn-Sr,4,8,Sn-Sr,Sn1 Sr3,binary,unstable (new!) | 0.130 eV/atom,✓,Sn1 Sr3,,Sr3Sn,score_buffer→query_structures→select_for_evaluation→finish,"Best predicted stability (-0.0365 eV/atom), novel composition (not in known stable list), single structure avoids redundancy",Actions taken: (1) Scored 55 buffer structures with oracle scorer to identify candidates with lowest predicted e_above_hull; (2) Queried structures fo…,"*   **Enforce Hard Deduplication:** Implement a system-level block preventing more than one query per unique stoichiometry to eliminate redundancy (e.g., stop querying `Sr2MgSn3` after the first attempt).
*   **Mandatory Pre-Query Novelty Check:** Cross-reference all generated candidates against the known stable database *before* oracle submission to avoid wasting queries on rediscovered phases like `Mg2Sn2Sr1`.
*   **Strict Energy Pre-Filter:** Discard any candidate with predicted `e_above_hull` > 0.05 eV/atom immediately to prevent budget waste on clearly unstable structures (>50% of this episode).
*   **Diversify Composition Sampling:** Avoid clustering around 1:2:1 ratios; use temperature-scaled sampling to actively explore under-sampled Mg-rich and Sr-rich regions.",,
Mg-Sn-Sr,4,9,Mg-Sn-Sr,Mg1 Sn1 Sr2,ternary,★ stable (new!) | 0.099 eV/atom,✓,Mg1 Sn1 Sr2,,Sr2MgSn,list_compositions→score_buffer→query_structures→select_for_evaluation→finish,"Best oracle score (-0.0201) among novel composition Sr2MgSn, below 0.05 eV/atom pre-filter threshold, not in known stable materials list","Selected Sr2MgSn (structure index 2, 4 sites, chemeleon) for oracle evaluation. Rationale: (1) Novel composition - not in known stable materials list,…","*   **Enforce Hard Deduplication:** Implement a system-level block preventing more than one query per unique stoichiometry to eliminate redundancy (e.g., stop querying `Sr2MgSn3` after the first attempt).
*   **Mandatory Pre-Query Novelty Check:** Cross-reference all generated candidates against the known stable database *before* oracle submission to avoid wasting queries on rediscovered phases like `Mg2Sn2Sr1`.
*   **Strict Energy Pre-Filter:** Discard any candidate with predicted `e_above_hull` > 0.05 eV/atom immediately to prevent budget waste on clearly unstable structures (>50% of this episode).
*   **Diversify Composition Sampling:** Avoid clustering around 1:2:1 ratios; use temperature-scaled sampling to actively explore under-sampled Mg-rich and Sr-rich regions.",,
Mg-Sn-Sr,4,10,Mg-Sn-Sr,Mg2 Sn1 Sr4,ternary,unstable (new!) | 0.117 eV/atom,✓,Mg2 Sn1 Sr4,,"Sr4Mg2Sn, SrMg2Sn",score_buffer→query_structures→select_for_evaluation→get_buffer_stats→query_structures→select_for_evaluation→finish,"Best un-evaluated composition with oracle score -0.0144, predicted stable, different stoichiometry from already-evaluated compositions",Actions taken: 1. Scored buffer with oracle scorer to identify stable candidates 2. Queried structures for top-scoring un-evaluated compositions 3. Se…,"*   **Enforce Hard Deduplication:** Implement a system-level block preventing more than one query per unique stoichiometry to eliminate redundancy (e.g., stop querying `Sr2MgSn3` after the first attempt).
*   **Mandatory Pre-Query Novelty Check:** Cross-reference all generated candidates against the known stable database *before* oracle submission to avoid wasting queries on rediscovered phases like `Mg2Sn2Sr1`.
*   **Strict Energy Pre-Filter:** Discard any candidate with predicted `e_above_hull` > 0.05 eV/atom immediately to prevent budget waste on clearly unstable structures (>50% of this episode).
*   **Diversify Composition Sampling:** Avoid clustering around 1:2:1 ratios; use temperature-scaled sampling to actively explore under-sampled Mg-rich and Sr-rich regions.",,
Mg-Sn-Sr,4,11,Mg-Sn-Sr,Mg2 Sn1 Sr1,ternary,unstable (new!) | 0.174 eV/atom,✓,Mg2 Sn1 Sr1,,"Sr2Mg3Sn2, Sr3MgSn, Sr3MgSn2, Sr4Mg2Sn, SrMg2Sn, SrMg3Sn, SrMg3Sn2, SrMgSn, SrMgSn3",list_compositions→score_buffer→query_structures→select_for_evaluation→generate_structures→score_buffer→list_compositions→query_structures→query_structures→generate_structures,"Novel composition with predicted oracle score -0.0186 (< 0.05 threshold), not in known stable materials list, follows energy pre-filtering and novelty…","SELECTED: Sr1Mg3Sn1 (reduced: SrMg3Sn, 5 sites, chemeleon): oracle=-inf. Novel ternary composition NOT in known stable materials list, has 6 structure…","*   **Enforce Hard Deduplication:** Implement a system-level block preventing more than one query per unique stoichiometry to eliminate redundancy (e.g., stop querying `Sr2MgSn3` after the first attempt).
*   **Mandatory Pre-Query Novelty Check:** Cross-reference all generated candidates against the known stable database *before* oracle submission to avoid wasting queries on rediscovered phases like `Mg2Sn2Sr1`.
*   **Strict Energy Pre-Filter:** Discard any candidate with predicted `e_above_hull` > 0.05 eV/atom immediately to prevent budget waste on clearly unstable structures (>50% of this episode).
*   **Diversify Composition Sampling:** Avoid clustering around 1:2:1 ratios; use temperature-scaled sampling to actively explore under-sampled Mg-rich and Sr-rich regions.",,
Mg-Sn-Sr,4,12,Mg-Sn-Sr,Mg3 Sn1 Sr2,ternary,unstable (new!) | 0.101 eV/atom,✓,Mg3 Sn1 Sr2,,Sr2Mg3Sn,score_buffer→list_compositions→query_structures→query_structures→select_for_evaluation→finish,"Novel composition not yet evaluated, not in known stable materials list, diversifying beyond over-explored 1:2:1 ratios","Selected Sr2Mg3Sn (structure index 0, 6 sites) for oracle evaluation. Rationale: Novel composition not previously evaluated, not in known stable mater…","*   **Enforce Hard Deduplication:** Implement a system-level block preventing more than one query per unique stoichiometry to eliminate redundancy (e.g., stop querying `Sr2MgSn3` after the first attempt).
*   **Mandatory Pre-Query Novelty Check:** Cross-reference all generated candidates against the known stable database *before* oracle submission to avoid wasting queries on rediscovered phases like `Mg2Sn2Sr1`.
*   **Strict Energy Pre-Filter:** Discard any candidate with predicted `e_above_hull` > 0.05 eV/atom immediately to prevent budget waste on clearly unstable structures (>50% of this episode).
*   **Diversify Composition Sampling:** Avoid clustering around 1:2:1 ratios; use temperature-scaled sampling to actively explore under-sampled Mg-rich and Sr-rich regions.",,
Mg-Sn-Sr,4,13,Mg-Sn-Sr,Mg2 Sn3 Sr1,ternary,★ stable (new!) | 0.028 eV/atom,✓,Mg2 Sn3 Sr1,,SrMg2Sn3,list_compositions→score_buffer→query_structures→query_structures→score_buffer→generate_structures→score_buffer→query_structures→select_for_evaluation→finish,"Ternary composition not in known stable list, 14 structures available, under-explored Mg-rich region","Generated 10 new structures for SrMg2Sn3 composition, bringing buffer to 66 structures across 23 compositions. Selected Sr1Mg2Sn3 (index 0, 6 sites, c…","*   **Enforce Hard Deduplication:** Implement a system-level block preventing more than one query per unique stoichiometry to eliminate redundancy (e.g., stop querying `Sr2MgSn3` after the first attempt).
*   **Mandatory Pre-Query Novelty Check:** Cross-reference all generated candidates against the known stable database *before* oracle submission to avoid wasting queries on rediscovered phases like `Mg2Sn2Sr1`.
*   **Strict Energy Pre-Filter:** Discard any candidate with predicted `e_above_hull` > 0.05 eV/atom immediately to prevent budget waste on clearly unstable structures (>50% of this episode).
*   **Diversify Composition Sampling:** Avoid clustering around 1:2:1 ratios; use temperature-scaled sampling to actively explore under-sampled Mg-rich and Sr-rich regions.",,
Mg-Sn-Sr,4,14,Mg-Sn-Sr,Mg3 Sn2 Sr2,ternary,unstable (new!) | 0.107 eV/atom,✓,Mg3 Sn2 Sr2,,"Mg2Sn, Sr2Mg3Sn2, Sr2Sn, SrMg2Sn, SrMg3Sn, SrMg3Sn2, SrSn",score_buffer→list_compositions→query_structures→select_for_evaluation→generate_structures→list_compositions→query_structures→select_for_evaluation→query_structures→select_for_evaluation,Novel composition not in known stable materials list. 4 structures available with -inf oracle scores. 1:2:3 stoichiometry diversifies from over-sample…,"Actions taken: (1) Scored 65 buffer structures with oracle scorer, (2) Listed compositions to identify distribution, (3) Generated 6 new structures fr…","*   **Enforce Hard Deduplication:** Implement a system-level block preventing more than one query per unique stoichiometry to eliminate redundancy (e.g., stop querying `Sr2MgSn3` after the first attempt).
*   **Mandatory Pre-Query Novelty Check:** Cross-reference all generated candidates against the known stable database *before* oracle submission to avoid wasting queries on rediscovered phases like `Mg2Sn2Sr1`.
*   **Strict Energy Pre-Filter:** Discard any candidate with predicted `e_above_hull` > 0.05 eV/atom immediately to prevent budget waste on clearly unstable structures (>50% of this episode).
*   **Diversify Composition Sampling:** Avoid clustering around 1:2:1 ratios; use temperature-scaled sampling to actively explore under-sampled Mg-rich and Sr-rich regions.",,
Mg-Sn-Sr,4,15,Mg-Sn-Sr,Mg2 Sn1 Sr1,ternary,unstable (new!) | 0.271 eV/atom,,,"Sr3MgSn3, Sr5Sn","Mg3Sn1, Mg4Sn1Sr1, Mg5Sn1, MgSn3, Sr2Mg3Sn2, Sr2MgSn, Sr3Mg2Sn, Sr3MgSn, Sr3MgSn3, Sr3Sn1, Sr4Mg1Sn1, Sr4MgSn, Sr5Sn1, Sr5Sn3, SrMg2Sn, SrMg3Sn2, SrMgSn2, SrMgSn3, SrMgSn4, SrSn3",score_buffer→query_structures→select_for_evaluation→generate_structures→score_buffer→query_structures→select_for_evaluation→generate_structures→score_buffer→generate_structures,"Best predicted oracle score (-0.1205) well below 0.05 threshold, composition not yet evaluated in history, highest priority novel discovery candidate",Action Summary: 1. Scored 78 buffer structures with oracle scorer to identify candidates with predictions 2. Two structures already selected this epis…,"*   **Enforce Hard Deduplication:** Implement a system-level block preventing more than one query per unique stoichiometry to eliminate redundancy (e.g., stop querying `Sr2MgSn3` after the first attempt).
*   **Mandatory Pre-Query Novelty Check:** Cross-reference all generated candidates against the known stable database *before* oracle submission to avoid wasting queries on rediscovered phases like `Mg2Sn2Sr1`.
*   **Strict Energy Pre-Filter:** Discard any candidate with predicted `e_above_hull` > 0.05 eV/atom immediately to prevent budget waste on clearly unstable structures (>50% of this episode).
*   **Diversify Composition Sampling:** Avoid clustering around 1:2:1 ratios; use temperature-scaled sampling to actively explore under-sampled Mg-rich and Sr-rich regions.",,
Mg-Sn-Sr,4,16,Sn-Sr,Sn3 Sr5,binary,unstable (new!) | 0.141 eV/atom,✓,Sn3 Sr5,,"Sr2MgSn2, Sr3MgSn, Sr4Mg2Sn, Sr5Sn3, SrMg3Sn, SrMg3Sn2",get_buffer_stats→score_buffer→query_structures→select_for_evaluation→list_compositions→score_buffer→score_buffer→generate_structures→score_buffer→query_structures,"Best oracle score (-0.0050) among all compositions, below 0.05 threshold, not yet evaluated in history",Selected Sr2MgSn2 (structure index 0) for oracle evaluation. This composition has the best available oracle score (-0.0290 eV/atom) among unevaluated …,"*   **Enforce Hard Deduplication:** Implement a system-level block preventing more than one query per unique stoichiometry to eliminate redundancy (e.g., stop querying `Sr2MgSn3` after the first attempt).
*   **Mandatory Pre-Query Novelty Check:** Cross-reference all generated candidates against the known stable database *before* oracle submission to avoid wasting queries on rediscovered phases like `Mg2Sn2Sr1`.
*   **Strict Energy Pre-Filter:** Discard any candidate with predicted `e_above_hull` > 0.05 eV/atom immediately to prevent budget waste on clearly unstable structures (>50% of this episode).
*   **Diversify Composition Sampling:** Avoid clustering around 1:2:1 ratios; use temperature-scaled sampling to actively explore under-sampled Mg-rich and Sr-rich regions.",,
Mg-Sn-Sr,4,17,Mg-Sn-Sr,Mg1 Sn1 Sr3,ternary,unstable (new!) | 0.184 eV/atom,,,,"Sr2MgSn2, Sr3MgSn, SrMg2Sn",score_buffer→query_structures→select_for_evaluation→query_structures→select_for_evaluation→query_structures→select_for_evaluation→list_compositions→query_structures→score_buffer,"Best predicted oracle score (-0.0848) among Sr3MgSn structures, not in known stable list, passes strict energy pre-filter (<0.05 eV threshold)","SELECTED: Sr3Mg1Sn1 (reduced: Sr3MgSn, 5 sites, chemeleon), structure_index=0. Rationale: Best remaining unevaluated structure with valid oracle score…","*   **Enforce Hard Deduplication:** Implement a system-level block preventing more than one query per unique stoichiometry to eliminate redundancy (e.g., stop querying `Sr2MgSn3` after the first attempt).
*   **Mandatory Pre-Query Novelty Check:** Cross-reference all generated candidates against the known stable database *before* oracle submission to avoid wasting queries on rediscovered phases like `Mg2Sn2Sr1`.
*   **Strict Energy Pre-Filter:** Discard any candidate with predicted `e_above_hull` > 0.05 eV/atom immediately to prevent budget waste on clearly unstable structures (>50% of this episode).
*   **Diversify Composition Sampling:** Avoid clustering around 1:2:1 ratios; use temperature-scaled sampling to actively explore under-sampled Mg-rich and Sr-rich regions.",,
Mg-Sn-Sr,4,18,Mg-Sn-Sr,Mg1 Sn2 Sr2,ternary,★ stable (new!) | 0.083 eV/atom,✓,Mg1 Sn2 Sr2,,"Sr2MgSn2, Sr2MgSn3, Sr3MgSn3, Sr5Sn, SrMg2Sn, SrMgSn3, SrMgSn4",score_buffer→query_structures→select_for_evaluation→generate_structures→score_buffer→query_structures→select_for_evaluation→generate_structures→score_buffer→query_structures,"Novel composition not in evaluation history, 6 structures available for sampling, diversifying beyond over-explored ratios per prior reflections","Selected SrMgSn4 (Sr1Mg1Sn4, 6 sites, chemeleon) with predicted oracle score -0.0174 eV/atom for evaluation. This composition has the best predicted s…","*   **Enforce Hard Deduplication:** Implement a system-level block preventing more than one query per unique stoichiometry to eliminate redundancy (e.g., stop querying `Sr2MgSn3` after the first attempt).
*   **Mandatory Pre-Query Novelty Check:** Cross-reference all generated candidates against the known stable database *before* oracle submission to avoid wasting queries on rediscovered phases like `Mg2Sn2Sr1`.
*   **Strict Energy Pre-Filter:** Discard any candidate with predicted `e_above_hull` > 0.05 eV/atom immediately to prevent budget waste on clearly unstable structures (>50% of this episode).
*   **Diversify Composition Sampling:** Avoid clustering around 1:2:1 ratios; use temperature-scaled sampling to actively explore under-sampled Mg-rich and Sr-rich regions.",,
Mg-Sn-Sr,4,19,Mg-Sn-Sr,Mg1 Sn4 Sr1,ternary,unstable (new!) | 0.188 eV/atom,✓,Mg1 Sn4 Sr1,,SrMgSn4,get_buffer_stats→score_buffer→query_structures→select_for_evaluation→finish,Best predicted stability (-0.0174 eV/atom) among unexplored compositions; follows lessons on energy pre-filtering and composition diversification,"**Actions Taken:** 1. Retrieved buffer statistics (100 structures, 27 compositions) 2. Scored buffer with oracle scorer to identify stability predicti…","*   **Enforce Hard Deduplication:** Implement a system-level block preventing more than one query per unique stoichiometry to eliminate redundancy (e.g., stop querying `Sr2MgSn3` after the first attempt).
*   **Mandatory Pre-Query Novelty Check:** Cross-reference all generated candidates against the known stable database *before* oracle submission to avoid wasting queries on rediscovered phases like `Mg2Sn2Sr1`.
*   **Strict Energy Pre-Filter:** Discard any candidate with predicted `e_above_hull` > 0.05 eV/atom immediately to prevent budget waste on clearly unstable structures (>50% of this episode).
*   **Diversify Composition Sampling:** Avoid clustering around 1:2:1 ratios; use temperature-scaled sampling to actively explore under-sampled Mg-rich and Sr-rich regions.",,
Mg-Sn-Sr,4,20,Mg-Sn-Sr,Mg1 Sn1 Sr3,ternary,unstable (new!) | 0.147 eV/atom,,,,Sr3MgSn,score_buffer→query_structures→select_for_evaluation→finish,Predicted oracle score -0.0103 < 0.05 threshold; different stoichiometry from over-sampled 1:2:1 clusters; previous Sr3MgSn structures were unstable b…,Scored 99 buffer structures with oracle scorer. Identified Sr3MgSn as promising composition with predicted score -0.0103 eV/atom. Queried structures f…,"*   **Enforce Hard Deduplication:** Implement a system-level block preventing more than one query per unique stoichiometry to eliminate redundancy (e.g., stop querying `Sr2MgSn3` after the first attempt).
*   **Mandatory Pre-Query Novelty Check:** Cross-reference all generated candidates against the known stable database *before* oracle submission to avoid wasting queries on rediscovered phases like `Mg2Sn2Sr1`.
*   **Strict Energy Pre-Filter:** Discard any candidate with predicted `e_above_hull` > 0.05 eV/atom immediately to prevent budget waste on clearly unstable structures (>50% of this episode).
*   **Diversify Composition Sampling:** Avoid clustering around 1:2:1 ratios; use temperature-scaled sampling to actively explore under-sampled Mg-rich and Sr-rich regions.",,
Mg-Sn-Sr,4,21,Mg-Sn-Sr,Mg3 Sn1 Sr1,ternary,★ stable (new!) | 0.088 eV/atom,,,,"Sr5Sn, SrMg3Sn",list_compositions→query_structures→select_for_evaluation→query_structures→score_buffer→select_for_evaluation→get_buffer_stats→finish,"Novel composition (not in known stable list), 8 structures available for exploration, diversifying beyond 1:2:1 ratios, within hard deduplication limi…","Completed 2 oracle selections in this episode: 1. **Sr5Sn (structure index 1)**: Novel composition with oracle=-0.0237 eV/atom, well below 0.05 eV/ato…","*   **Enforce Hard Deduplication:** Implement a system-level block preventing more than one query per unique stoichiometry to eliminate redundancy (e.g., stop querying `Sr2MgSn3` after the first attempt).
*   **Mandatory Pre-Query Novelty Check:** Cross-reference all generated candidates against the known stable database *before* oracle submission to avoid wasting queries on rediscovered phases like `Mg2Sn2Sr1`.
*   **Strict Energy Pre-Filter:** Discard any candidate with predicted `e_above_hull` > 0.05 eV/atom immediately to prevent budget waste on clearly unstable structures (>50% of this episode).
*   **Diversify Composition Sampling:** Avoid clustering around 1:2:1 ratios; use temperature-scaled sampling to actively explore under-sampled Mg-rich and Sr-rich regions.",,
Mg-Sn-Sr,4,22,Mg-Sn-Sr,Mg3 Sn2 Sr1,ternary,★ stable (new!) | 0.009 eV/atom,✓,Mg3 Sn2 Sr1,,SrMg3Sn2,score_buffer→list_compositions→query_structures→select_for_evaluation→finish,"Under-explored composition with 8 structures, no prior oracle evaluations. Diversifying from over-evaluated compositions like Sr3MgSn.","Selected SrMg3Sn2 (structure index 0, 6 sites) for oracle evaluation. Rationale: This composition has 8 structures in the buffer but zero prior oracle…","*   **Enforce Hard Deduplication:** Implement a system-level block preventing more than one query per unique stoichiometry to eliminate redundancy (e.g., stop querying `Sr2MgSn3` after the first attempt).
*   **Mandatory Pre-Query Novelty Check:** Cross-reference all generated candidates against the known stable database *before* oracle submission to avoid wasting queries on rediscovered phases like `Mg2Sn2Sr1`.
*   **Strict Energy Pre-Filter:** Discard any candidate with predicted `e_above_hull` > 0.05 eV/atom immediately to prevent budget waste on clearly unstable structures (>50% of this episode).
*   **Diversify Composition Sampling:** Avoid clustering around 1:2:1 ratios; use temperature-scaled sampling to actively explore under-sampled Mg-rich and Sr-rich regions.",,
Mg-Sn-Sr,4,23,Mg-Sn-Sr,Mg1 Sn1 Sr4,ternary,unstable (new!) | 0.134 eV/atom,,,"Sr(MgSn)3, SrMg5Sn, SrMgSn5","Sr3Sn5, Sr4MgSn, Sr5Sn, Sr5Sn3, SrMg3Sn3, SrMg5Sn, SrMgSn, SrMgSn3, SrMgSn4, SrMgSn5, SrSn",score_buffer→query_structures→query_structures→query_structures→select_for_evaluation→generate_structures→score_buffer→query_structures→select_for_evaluation→generate_structures,First evaluation of Sr4MgSn composition; oracle score -0.0243 suggests e_above_hull < 0.05 threshold; Sr-rich composition diversifies from 1:2:1 clust…,1. Score buffer with oracle scorer to identify candidates with predicted e_above_hull < 0.05 eV/atom 2. Query top-scoring composition (likely SrMgSn o…,"*   **Enforce Hard Deduplication:** Implement a system-level block preventing more than one query per unique stoichiometry to eliminate redundancy (e.g., stop querying `Sr2MgSn3` after the first attempt).
*   **Mandatory Pre-Query Novelty Check:** Cross-reference all generated candidates against the known stable database *before* oracle submission to avoid wasting queries on rediscovered phases like `Mg2Sn2Sr1`.
*   **Strict Energy Pre-Filter:** Discard any candidate with predicted `e_above_hull` > 0.05 eV/atom immediately to prevent budget waste on clearly unstable structures (>50% of this episode).
*   **Diversify Composition Sampling:** Avoid clustering around 1:2:1 ratios; use temperature-scaled sampling to actively explore under-sampled Mg-rich and Sr-rich regions.",,
Mg-Sn-Sr,4,24,Mg-Sn-Sr,Mg5 Sn1 Sr1,ternary,unstable (new!) | 0.181 eV/atom,✓,Mg5 Sn1 Sr1,,SrMg5Sn,get_buffer_stats→list_compositions→query_structures→score_buffer→query_structures→select_for_evaluation→finish,"Best oracle score (-0.0916 eV/atom) among unscored compositions, not in known stable materials list, no prior queries for this stoichiometry, Mg-rich …","Actions taken: (1) Analyzed buffer statistics (101 structures, 30 compositions), (2) Reviewed evaluation history (5 STABLE, NOVEL discoveries), (3) Ap…","*   **Enforce Hard Deduplication:** Implement a system-level block preventing more than one query per unique stoichiometry to eliminate redundancy (e.g., stop querying `Sr2MgSn3` after the first attempt).
*   **Mandatory Pre-Query Novelty Check:** Cross-reference all generated candidates against the known stable database *before* oracle submission to avoid wasting queries on rediscovered phases like `Mg2Sn2Sr1`.
*   **Strict Energy Pre-Filter:** Discard any candidate with predicted `e_above_hull` > 0.05 eV/atom immediately to prevent budget waste on clearly unstable structures (>50% of this episode).
*   **Diversify Composition Sampling:** Avoid clustering around 1:2:1 ratios; use temperature-scaled sampling to actively explore under-sampled Mg-rich and Sr-rich regions.",,
Mg-Sn-Sr,4,25,Mg-Sn-Sr,Mg1 Sn3 Sr2,ternary,★ stable (new!) | 0.083 eV/atom,✓,Mg1 Sn3 Sr2,,"Sr2MgSn3, Sr3MgSn3, SrMg3Sn2, SrMgSn3",score_buffer→query_structures→select_for_evaluation→query_structures→query_structures→select_for_evaluation→query_structures→select_for_evaluation→query_structures→select_for_evaluation,Sr2MgSn3 has 5 structures available; not in known stable list; diversifying composition sampling; following hard deduplication constraint,"**Actions Taken:** 1. Scored buffer structures using oracle scorer (all showed -inf, indicating unevaluated) 2. Queried 4 compositions to identify str…","*   **Enforce Hard Deduplication:** Implement a system-level block preventing more than one query per unique stoichiometry to eliminate redundancy (e.g., stop querying `Sr2MgSn3` after the first attempt).
*   **Mandatory Pre-Query Novelty Check:** Cross-reference all generated candidates against the known stable database *before* oracle submission to avoid wasting queries on rediscovered phases like `Mg2Sn2Sr1`.
*   **Strict Energy Pre-Filter:** Discard any candidate with predicted `e_above_hull` > 0.05 eV/atom immediately to prevent budget waste on clearly unstable structures (>50% of this episode).
*   **Diversify Composition Sampling:** Avoid clustering around 1:2:1 ratios; use temperature-scaled sampling to actively explore under-sampled Mg-rich and Sr-rich regions.",,
Mg-Sn-Sr,4,26,Mg-Sn-Sr,Mg1 Sn2 Sr3,ternary,unstable (new!) | 0.102 eV/atom,,,,"Sr3MgSn2, Sr3Sn2, Sr3Sn5, Sr5Sn3, SrMgSn5",list_compositions→score_buffer→query_structures→query_structures→generate_structures→score_buffer→query_structures→select_for_evaluation→finish,"New composition with predicted e_above_hull=-0.0173 eV/atom (passes strict <0.05 filter), under-explored (only 2 structures), diversifies beyond over-…","Actions taken: 1. Listed compositions to assess buffer distribution (29 compositions, top being SrMg2Sn3 with 13 structures) 2. Scored buffer with ora…","*   **Enforce Hard Deduplication:** Implement a system-level block preventing more than one query per unique stoichiometry to eliminate redundancy (e.g., stop querying `Sr2MgSn3` after the first attempt).
*   **Mandatory Pre-Query Novelty Check:** Cross-reference all generated candidates against the known stable database *before* oracle submission to avoid wasting queries on rediscovered phases like `Mg2Sn2Sr1`.
*   **Strict Energy Pre-Filter:** Discard any candidate with predicted `e_above_hull` > 0.05 eV/atom immediately to prevent budget waste on clearly unstable structures (>50% of this episode).
*   **Diversify Composition Sampling:** Avoid clustering around 1:2:1 ratios; use temperature-scaled sampling to actively explore under-sampled Mg-rich and Sr-rich regions.",,
Mg-Sn-Sr,4,27,Sn-Sr,Sn1 Sr5,binary,unstable (new!) | 0.113 eV/atom,✓,Sn1 Sr5,"SrMg5Sn2, Sr2MgSn5","Sr2MgSn5, Sr5Sn, SrMg5Sn2, SrMgSn, SrMgSn5",list_compositions→score_buffer→query_structures→generate_structures→score_buffer→query_structures→select_for_evaluation→finish,"Under-explored Sr-rich composition not previously evaluated; oracle score -0.0242 suggests e_above_hull < 0.05, meeting strict energy pre-filtering cr…","Selected Sr5Sn1 (reduced formula: Sr5Sn, 6 sites, chemeleon) for oracle evaluation. Rationale: (1) Novel composition - Sr5Sn has not been evaluated in…","*   **Enforce Hard Deduplication:** Implement a system-level block preventing more than one query per unique stoichiometry to eliminate redundancy (e.g., stop querying `Sr2MgSn3` after the first attempt).
*   **Mandatory Pre-Query Novelty Check:** Cross-reference all generated candidates against the known stable database *before* oracle submission to avoid wasting queries on rediscovered phases like `Mg2Sn2Sr1`.
*   **Strict Energy Pre-Filter:** Discard any candidate with predicted `e_above_hull` > 0.05 eV/atom immediately to prevent budget waste on clearly unstable structures (>50% of this episode).
*   **Diversify Composition Sampling:** Avoid clustering around 1:2:1 ratios; use temperature-scaled sampling to actively explore under-sampled Mg-rich and Sr-rich regions.",,
Mg-Sn-Sr,4,28,Mg-Sn-Sr,Mg1 Sn2 Sr1,ternary,★ stable (new!) | 0.068 eV/atom,✓,Mg1 Sn2 Sr1,,"Sr2Sn, SrMgSn, SrMgSn2, SrSn",score_buffer→query_structures→select_for_evaluation→get_buffer_stats→query_structures→select_for_evaluation→query_structures→select_for_evaluation→query_structures→select_for_evaluation,"Unexplored composition SrMgSn2 with 3 structures in buffer. Different stoichiometry from previously selected compositions (SrMgSn, Sr2Sn, SrSn). Follo…","Four unexplored compositions selected for oracle evaluation: SrMgSn (structure 0), Sr2Sn (structure 0), SrSn (structure 0), and SrMgSn2 (structure 0).…","*   **Enforce Hard Deduplication:** Implement a system-level block preventing more than one query per unique stoichiometry to eliminate redundancy (e.g., stop querying `Sr2MgSn3` after the first attempt).
*   **Mandatory Pre-Query Novelty Check:** Cross-reference all generated candidates against the known stable database *before* oracle submission to avoid wasting queries on rediscovered phases like `Mg2Sn2Sr1`.
*   **Strict Energy Pre-Filter:** Discard any candidate with predicted `e_above_hull` > 0.05 eV/atom immediately to prevent budget waste on clearly unstable structures (>50% of this episode).
*   **Diversify Composition Sampling:** Avoid clustering around 1:2:1 ratios; use temperature-scaled sampling to actively explore under-sampled Mg-rich and Sr-rich regions.",,
Mg-Sn-Sr,4,29,Mg-Sn-Sr,Mg1 Sn5 Sr1,ternary,★ stable (new!) | 0.062 eV/atom,✓,Mg1 Sn5 Sr1,,"SrMgSn3, SrMgSn4, SrMgSn5",get_buffer_stats→score_buffer→list_compositions→query_structures→select_for_evaluation→query_structures→select_for_evaluation→query_structures→select_for_evaluation→query_structures,"SrMgSn5 has 5 structures, not yet evaluated in history. Diversifies beyond over-explored 1:2:1 ratios per prior reflections. First query for this stoi…","Selected SrMg3Sn2 (structure index 0) for oracle evaluation. This composition has 6 structures in buffer, was previously queried once with stable resu…","*   **Enforce Hard Deduplication:** Implement a system-level block preventing more than one query per unique stoichiometry to eliminate redundancy (e.g., stop querying `Sr2MgSn3` after the first attempt).
*   **Mandatory Pre-Query Novelty Check:** Cross-reference all generated candidates against the known stable database *before* oracle submission to avoid wasting queries on rediscovered phases like `Mg2Sn2Sr1`.
*   **Strict Energy Pre-Filter:** Discard any candidate with predicted `e_above_hull` > 0.05 eV/atom immediately to prevent budget waste on clearly unstable structures (>50% of this episode).
*   **Diversify Composition Sampling:** Avoid clustering around 1:2:1 ratios; use temperature-scaled sampling to actively explore under-sampled Mg-rich and Sr-rich regions.",,
Mg-Sn-Sr,4,30,Mg-Sn-Sr,Mg1 Sn1 Sr2,ternary,★ stable (new!) | 0.069 eV/atom,,,,Sr2MgSn,score_buffer→query_structures→select_for_evaluation→finish,Best predicted oracle score (-0.0197) well below 0.05 threshold; composition not yet evaluated in oracle history; diversifies beyond over-sampled 1:2:…,"Actions taken: (1) score_buffer with oracle scorer to rank 106 structures by predicted stability, (2) query_structures for Sr2MgSn composition to view…","*   **Enforce Hard Deduplication:** Implement a system-level block preventing more than one query per unique stoichiometry to eliminate redundancy (e.g., stop querying `Sr2MgSn3` after the first attempt).
*   **Mandatory Pre-Query Novelty Check:** Cross-reference all generated candidates against the known stable database *before* oracle submission to avoid wasting queries on rediscovered phases like `Mg2Sn2Sr1`.
*   **Strict Energy Pre-Filter:** Discard any candidate with predicted `e_above_hull` > 0.05 eV/atom immediately to prevent budget waste on clearly unstable structures (>50% of this episode).
*   **Diversify Composition Sampling:** Avoid clustering around 1:2:1 ratios; use temperature-scaled sampling to actively explore under-sampled Mg-rich and Sr-rich regions.",,
Mg-Sn-Sr,4,31,Mg-Sn-Sr,Mg1 Sn1 Sr2,ternary,★ stable | 0.069 eV/atom,,,,Sr2MgSn,score_buffer→query_structures→query_structures→select_for_evaluation→finish,Novel composition with negative oracle scores (-0.0200) indicating predicted stability; not previously evaluated; respects hard deduplication constrai…,"Selected Sr2MgSn (structure index 1, 4 sites, chemeleon) for oracle evaluation with predicted oracle score of -0.0200. This composition was chosen bec…","*   **Enforce Hard Deduplication:** Implement a system-level block preventing more than one query per unique stoichiometry to eliminate redundancy (e.g., stop querying `Sr2MgSn3` after the first attempt).
*   **Mandatory Pre-Query Novelty Check:** Cross-reference all generated candidates against the known stable database *before* oracle submission to avoid wasting queries on rediscovered phases like `Mg2Sn2Sr1`.
*   **Strict Energy Pre-Filter:** Discard any candidate with predicted `e_above_hull` > 0.05 eV/atom immediately to prevent budget waste on clearly unstable structures (>50% of this episode).
*   **Diversify Composition Sampling:** Avoid clustering around 1:2:1 ratios; use temperature-scaled sampling to actively explore under-sampled Mg-rich and Sr-rich regions.",,
Mg-Sn-Sr,4,32,Sn-Sr,Sn1 Sr1,binary,★ stable (new!) | 0.093 eV/atom,✓,Sn1 Sr1,,"Sr3Sn2, SrMg5Sn2, SrMgSn3, SrSn",score_buffer→query_structures→select_for_evaluation→query_structures→select_for_evaluation→get_buffer_stats→query_structures→select_for_evaluation→query_structures→select_for_evaluation,Novel composition not yet evaluated in history; Sr-Sn binary diversifies exploration away from ternary Mg-Sn-Sr compositions; follows hard deduplicati…,Selected Sr4Mg2Sn (structure index 0) for oracle evaluation. This novel composition has not been evaluated in the history and diversifies exploration …,"*   **Enforce Hard Deduplication:** Implement a system-level block preventing more than one query per unique stoichiometry to eliminate redundancy (e.g., stop querying `Sr2MgSn3` after the first attempt).
*   **Mandatory Pre-Query Novelty Check:** Cross-reference all generated candidates against the known stable database *before* oracle submission to avoid wasting queries on rediscovered phases like `Mg2Sn2Sr1`.
*   **Strict Energy Pre-Filter:** Discard any candidate with predicted `e_above_hull` > 0.05 eV/atom immediately to prevent budget waste on clearly unstable structures (>50% of this episode).
*   **Diversify Composition Sampling:** Avoid clustering around 1:2:1 ratios; use temperature-scaled sampling to actively explore under-sampled Mg-rich and Sr-rich regions.",,
Mg-Sn-Sr,4,33,Mg-Sn-Sr,Mg1 Sn3 Sr1,ternary,★ stable (new!) | 0.092 eV/atom,✓,Mg1 Sn3 Sr1,,SrMgSn3,score_buffer→list_compositions→query_structures→query_structures→select_for_evaluation→finish,"Under-explored composition with 5 structures, 0 prior evaluations. Diversifies from over-sampled 1:2:1 ratios. Following deduplication constraint (max…","Action: Queried buffer structures for under-explored compositions (SrMgSn3, SrMg3Sn). Selected SrMgSn3 structure index 0 (5 sites, chemeleon) for orac…","*   **Enforce Hard Deduplication:** Implement a system-level block preventing more than one query per unique stoichiometry to eliminate redundancy (e.g., stop querying `Sr2MgSn3` after the first attempt).
*   **Mandatory Pre-Query Novelty Check:** Cross-reference all generated candidates against the known stable database *before* oracle submission to avoid wasting queries on rediscovered phases like `Mg2Sn2Sr1`.
*   **Strict Energy Pre-Filter:** Discard any candidate with predicted `e_above_hull` > 0.05 eV/atom immediately to prevent budget waste on clearly unstable structures (>50% of this episode).
*   **Diversify Composition Sampling:** Avoid clustering around 1:2:1 ratios; use temperature-scaled sampling to actively explore under-sampled Mg-rich and Sr-rich regions.",,
Mg-Sn-Sr,4,34,Sn-Sr,Sn5 Sr3,binary,★ stable (new!) | 0.082 eV/atom,✓,Sn5 Sr3,,"Sr3Sn5, Sr4Mg2Sn, SrMg2Sn3",score_buffer→list_compositions→query_structures→query_structures→select_for_evaluation→query_structures→query_structures→select_for_evaluation→query_structures→select_for_evaluation,"Exploring unexplored Sr-rich composition Sr3Sn5 with 4 available structures, none evaluated yet. Diversifying from previously sampled compositions to …","Three structures were selected for oracle evaluation in this episode: SrMg2Sn3 (index 0), Sr4Mg2Sn (index 0), and Sr3Sn5 (index 0). All three composit…","*   **Enforce Hard Deduplication:** Implement a system-level block preventing more than one query per unique stoichiometry to eliminate redundancy (e.g., stop querying `Sr2MgSn3` after the first attempt).
*   **Mandatory Pre-Query Novelty Check:** Cross-reference all generated candidates against the known stable database *before* oracle submission to avoid wasting queries on rediscovered phases like `Mg2Sn2Sr1`.
*   **Strict Energy Pre-Filter:** Discard any candidate with predicted `e_above_hull` > 0.05 eV/atom immediately to prevent budget waste on clearly unstable structures (>50% of this episode).
*   **Diversify Composition Sampling:** Avoid clustering around 1:2:1 ratios; use temperature-scaled sampling to actively explore under-sampled Mg-rich and Sr-rich regions.",,
Mg-Sn-Sr,4,35,Mg-Sn-Sr,Mg3 Sn2 Sr2,ternary,unstable | 0.107 eV/atom,,,,"Sr2Mg3Sn2, SrMgSn",list_compositions→query_structures→score_buffer→select_for_evaluation→query_structures→score_buffer→select_for_evaluation→query_structures→query_structures→score_buffer,Exploring under-sampled Sr2Mg3Sn2 composition with 3 unexplored structures; diversifying from over-sampled 1:2:1 clusters per prior reflections,"SELECTED: Sr1Mg2Sn3 (reduced: SrMg2Sn3, 6 sites, chemeleon): oracle=-inf. Exploring under-sampled SrMg2Sn3 composition with 12 unexplored structures; …","*   **Enforce Hard Deduplication:** Implement a system-level block preventing more than one query per unique stoichiometry to eliminate redundancy (e.g., stop querying `Sr2MgSn3` after the first attempt).
*   **Mandatory Pre-Query Novelty Check:** Cross-reference all generated candidates against the known stable database *before* oracle submission to avoid wasting queries on rediscovered phases like `Mg2Sn2Sr1`.
*   **Strict Energy Pre-Filter:** Discard any candidate with predicted `e_above_hull` > 0.05 eV/atom immediately to prevent budget waste on clearly unstable structures (>50% of this episode).
*   **Diversify Composition Sampling:** Avoid clustering around 1:2:1 ratios; use temperature-scaled sampling to actively explore under-sampled Mg-rich and Sr-rich regions.",,
Mg-Sn-Sr,4,36,Sn-Sr,Sn1 Sr5,binary,unstable | 0.113 eV/atom,,,,Sr5Sn,score_buffer→query_structures→select_for_evaluation→finish,"Sr5Sn previously evaluated at 0.1129 eV (unstable), but new oracle score -0.0244 suggests better stability. Not in known_stable_materials, potential n…","Selected Sr5Sn1 (reduced formula: Sr5Sn, 6 sites, chemeleon, structure index 0) for oracle evaluation. Rationale: Previous evaluation showed 0.1129 eV…","*   **Enforce Hard Deduplication:** Implement a system-level block preventing more than one query per unique stoichiometry to eliminate redundancy (e.g., stop querying `Sr2MgSn3` after the first attempt).
*   **Mandatory Pre-Query Novelty Check:** Cross-reference all generated candidates against the known stable database *before* oracle submission to avoid wasting queries on rediscovered phases like `Mg2Sn2Sr1`.
*   **Strict Energy Pre-Filter:** Discard any candidate with predicted `e_above_hull` > 0.05 eV/atom immediately to prevent budget waste on clearly unstable structures (>50% of this episode).
*   **Diversify Composition Sampling:** Avoid clustering around 1:2:1 ratios; use temperature-scaled sampling to actively explore under-sampled Mg-rich and Sr-rich regions.",,
Mg-Sn-Sr,4,37,Mg-Sn-Sr,Mg1 Sn1 Sr1,ternary,unstable (new!) | 0.129 eV/atom,✓,Mg1 Sn1 Sr1,,"Sr3MgSn3, SrMg2Sn3, SrMgSn, SrMgSn3",list_compositions→score_buffer→query_structures→select_for_evaluation→query_structures→select_for_evaluation→query_structures→select_for_evaluation→query_structures→select_for_evaluation,"First evaluation of SrMgSn - 4 structures available, not yet evaluated, not in known stable materials list. Diversifying composition sampling per prio…","Selected 4 novel compositions for oracle evaluation: (1) SrMg2Sn3 [index 0, 6 sites], (2) Sr3MgSn3 [index 0, 7 sites], (3) SrMgSn3 [index 0, 5 sites],…","*   **Enforce Hard Deduplication:** Implement a system-level block preventing more than one query per unique stoichiometry to eliminate redundancy (e.g., stop querying `Sr2MgSn3` after the first attempt).
*   **Mandatory Pre-Query Novelty Check:** Cross-reference all generated candidates against the known stable database *before* oracle submission to avoid wasting queries on rediscovered phases like `Mg2Sn2Sr1`.
*   **Strict Energy Pre-Filter:** Discard any candidate with predicted `e_above_hull` > 0.05 eV/atom immediately to prevent budget waste on clearly unstable structures (>50% of this episode).
*   **Diversify Composition Sampling:** Avoid clustering around 1:2:1 ratios; use temperature-scaled sampling to actively explore under-sampled Mg-rich and Sr-rich regions.",,
Mg-Sn-Sr,4,38,Mg-Sn-Sr,Mg2 Sn3 Sr1,ternary,★ stable (new!) | 0.046 eV/atom,,,,SrMg2Sn3,score_buffer→list_compositions→query_structures→select_for_evaluation→finish,"Unexplored composition with 11 structures in buffer, no prior oracle evaluations for this stoichiometry. Diversifying beyond previously evaluated comp…","Actions taken: (1) Scored buffer with oracle scorer to identify candidate rankings, (2) Listed all 31 compositions to identify unexplored candidates, …","*   **Enforce Hard Deduplication:** Implement a system-level block preventing more than one query per unique stoichiometry to eliminate redundancy (e.g., stop querying `Sr2MgSn3` after the first attempt).
*   **Mandatory Pre-Query Novelty Check:** Cross-reference all generated candidates against the known stable database *before* oracle submission to avoid wasting queries on rediscovered phases like `Mg2Sn2Sr1`.
*   **Strict Energy Pre-Filter:** Discard any candidate with predicted `e_above_hull` > 0.05 eV/atom immediately to prevent budget waste on clearly unstable structures (>50% of this episode).
*   **Diversify Composition Sampling:** Avoid clustering around 1:2:1 ratios; use temperature-scaled sampling to actively explore under-sampled Mg-rich and Sr-rich regions.",,
Mg-Sn-Sr,4,39,Mg-Sn-Sr,Mg1 Sn3 Sr3,ternary,★ stable (new!) | 0.092 eV/atom,✓,Mg1 Sn3 Sr3,,"Sr2MgSn2, Sr2MgSn5, Sr3MgSn3",list_compositions→score_buffer→query_structures→select_for_evaluation→query_structures→query_structures→select_for_evaluation→query_structures→select_for_evaluation→query_structures,"New composition not yet evaluated in history, 3 structures available, diversifying chemical space exploration","Selected Sr4Mg2Sn1 (reduced: Sr4Mg2Sn, 7 sites, chemeleon) structure index 0 for oracle evaluation. This composition has not been evaluated in the his…","*   **Enforce Hard Deduplication:** Implement a system-level block preventing more than one query per unique stoichiometry to eliminate redundancy (e.g., stop querying `Sr2MgSn3` after the first attempt).
*   **Mandatory Pre-Query Novelty Check:** Cross-reference all generated candidates against the known stable database *before* oracle submission to avoid wasting queries on rediscovered phases like `Mg2Sn2Sr1`.
*   **Strict Energy Pre-Filter:** Discard any candidate with predicted `e_above_hull` > 0.05 eV/atom immediately to prevent budget waste on clearly unstable structures (>50% of this episode).
*   **Diversify Composition Sampling:** Avoid clustering around 1:2:1 ratios; use temperature-scaled sampling to actively explore under-sampled Mg-rich and Sr-rich regions.",,
Mg-Sn-Sr,4,40,Mg-Sn-Sr,Mg1 Sn2 Sr2,ternary,★ stable | 0.083 eV/atom,,,,Sr2MgSn2,score_buffer→list_compositions→query_structures→select_for_evaluation→finish,"Unevaluated composition with 4 structures in buffer, not in known stable materials list, good candidate for novel discovery","Selected Sr2MgSn2 (structure index 0, 5 sites) for oracle evaluation. This composition was chosen because: (1) it has 4 structures available in the bu…","*   **Enforce Hard Deduplication:** Implement a system-level block preventing more than one query per unique stoichiometry to eliminate redundancy (e.g., stop querying `Sr2MgSn3` after the first attempt).
*   **Mandatory Pre-Query Novelty Check:** Cross-reference all generated candidates against the known stable database *before* oracle submission to avoid wasting queries on rediscovered phases like `Mg2Sn2Sr1`.
*   **Strict Energy Pre-Filter:** Discard any candidate with predicted `e_above_hull` > 0.05 eV/atom immediately to prevent budget waste on clearly unstable structures (>50% of this episode).
*   **Diversify Composition Sampling:** Avoid clustering around 1:2:1 ratios; use temperature-scaled sampling to actively explore under-sampled Mg-rich and Sr-rich regions.",,
Mg-Sn-Sr,4,41,Mg-Sn-Sr,Mg1 Sn4 Sr1,ternary,★ stable (new!) | 0.070 eV/atom,,,,"SrMg2Sn3, SrMg3Sn, SrMgSn4",list_compositions→query_structures→select_for_evaluation→list_compositions→query_structures→select_for_evaluation→query_structures→select_for_evaluation→list_compositions→query_structures,"Third evaluation - SrMgSn4 has 4 structures, not tested in evaluation history, diversifies from over-sampled 1:2:1 ratios","Selected Sr4Mg2Sn (Sr4Mg2Sn1, 7 sites, chemeleon) structure index 0 for oracle evaluation. This composition has 3 structures available, has not been t…","*   **Enforce Hard Deduplication:** Implement a system-level block preventing more than one query per unique stoichiometry to eliminate redundancy (e.g., stop querying `Sr2MgSn3` after the first attempt).
*   **Mandatory Pre-Query Novelty Check:** Cross-reference all generated candidates against the known stable database *before* oracle submission to avoid wasting queries on rediscovered phases like `Mg2Sn2Sr1`.
*   **Strict Energy Pre-Filter:** Discard any candidate with predicted `e_above_hull` > 0.05 eV/atom immediately to prevent budget waste on clearly unstable structures (>50% of this episode).
*   **Diversify Composition Sampling:** Avoid clustering around 1:2:1 ratios; use temperature-scaled sampling to actively explore under-sampled Mg-rich and Sr-rich regions.",,
Mg-Sn-Sr,4,42,Mg-Sn-Sr,Mg1 Sn5 Sr2,ternary,★ stable (new!) | 0.036 eV/atom,✓,Mg1 Sn5 Sr2,SrMgSn6,"Sr2MgSn5, Sr3MgSn2, SrMg3Sn, SrMg4Sn, SrMgSn6",list_compositions→score_buffer→query_structures→query_structures→select_for_evaluation→generate_structures→list_compositions→query_structures→select_for_evaluation→query_structures,"Exploring new composition Sr2MgSn5 with 4 structures in buffer, not previously evaluated. Diversifies toward Sr-rich compositions following hard dedup…","SELECTED: Sr4Mg2Sn1 (reduced: Sr4Mg2Sn, 7 sites, chemeleon): oracle=-inf. Selected structure index 0 from composition Sr4Mg2Sn which has 3 structures …","*   **Enforce Hard Deduplication:** Implement a system-level block preventing more than one query per unique stoichiometry to eliminate redundancy (e.g., stop querying `Sr2MgSn3` after the first attempt).
*   **Mandatory Pre-Query Novelty Check:** Cross-reference all generated candidates against the known stable database *before* oracle submission to avoid wasting queries on rediscovered phases like `Mg2Sn2Sr1`.
*   **Strict Energy Pre-Filter:** Discard any candidate with predicted `e_above_hull` > 0.05 eV/atom immediately to prevent budget waste on clearly unstable structures (>50% of this episode).
*   **Diversify Composition Sampling:** Avoid clustering around 1:2:1 ratios; use temperature-scaled sampling to actively explore under-sampled Mg-rich and Sr-rich regions.",,
Mg-Sn-Sr,4,43,Sn-Sr,Sn1 Sr2,binary,★ stable (new!) | 0.027 eV/atom,✓,Sn1 Sr2,,Sr2Sn,get_buffer_stats→score_buffer→list_compositions→query_structures→query_structures→score_buffer→query_structures→select_for_evaluation→finish,Sr2Sn is in known_stable_materials but not yet evaluated in trajectory - novel discovery opportunity with 3 structures available in buffer,"**Actions Taken:** 1. Reviewed evaluation history (20 entries, 12 novel stable structures found) 2. Scored buffer with oracle scorer (83 structures ac…","*   **Enforce Hard Deduplication:** Implement a system-level block preventing more than one query per unique stoichiometry to eliminate redundancy (e.g., stop querying `Sr2MgSn3` after the first attempt).
*   **Mandatory Pre-Query Novelty Check:** Cross-reference all generated candidates against the known stable database *before* oracle submission to avoid wasting queries on rediscovered phases like `Mg2Sn2Sr1`.
*   **Strict Energy Pre-Filter:** Discard any candidate with predicted `e_above_hull` > 0.05 eV/atom immediately to prevent budget waste on clearly unstable structures (>50% of this episode).
*   **Diversify Composition Sampling:** Avoid clustering around 1:2:1 ratios; use temperature-scaled sampling to actively explore under-sampled Mg-rich and Sr-rich regions.",,
Mg-Sn-Sr,4,44,Mg-Sn,Mg2 Sn1,binary,★ stable (new!) | 0.088 eV/atom,✓,Mg2 Sn1,,"Mg2Sn, MgSn, MgSn2, Sr3Sn, Sr5Sn3, SrMg2",get_buffer_stats→score_buffer→list_compositions→query_structures→generate_structures→score_buffer→query_structures→select_for_evaluation→generate_structures→score_buffer,Known stable material not yet evaluated for novelty in this episode; following strategy to target under-explored compositions matching known stable ma…,Querying Sr5Sn3 structures to select the best candidate for oracle evaluation. Sr5Sn3 is a known stable material with 2 structures showing excellent p…,"*   **Enforce Hard Deduplication:** Implement a system-level block preventing more than one query per unique stoichiometry to eliminate redundancy (e.g., stop querying `Sr2MgSn3` after the first attempt).
*   **Mandatory Pre-Query Novelty Check:** Cross-reference all generated candidates against the known stable database *before* oracle submission to avoid wasting queries on rediscovered phases like `Mg2Sn2Sr1`.
*   **Strict Energy Pre-Filter:** Discard any candidate with predicted `e_above_hull` > 0.05 eV/atom immediately to prevent budget waste on clearly unstable structures (>50% of this episode).
*   **Diversify Composition Sampling:** Avoid clustering around 1:2:1 ratios; use temperature-scaled sampling to actively explore under-sampled Mg-rich and Sr-rich regions.",,
Mg-Sn-Sr,4,45,Mg-Sn-Sr,Mg3 Sn2 Sr1,ternary,★ stable | 0.009 eV/atom,,,,SrMg3Sn2,score_buffer→list_compositions→query_structures→query_structures→select_for_evaluation→finish,"Diversifying composition sampling - SrMg3Sn2 has 6 structures with no oracle evaluations yet, follows hard deduplication constraint (max 1-2 queries p…","Actions taken: (1) Scored buffer with oracle scorer to identify promising candidates, (2) Listed compositions to assess exploration status, (3) Querie…","*   **Enforce Hard Deduplication:** Implement a system-level block preventing more than one query per unique stoichiometry to eliminate redundancy (e.g., stop querying `Sr2MgSn3` after the first attempt).
*   **Mandatory Pre-Query Novelty Check:** Cross-reference all generated candidates against the known stable database *before* oracle submission to avoid wasting queries on rediscovered phases like `Mg2Sn2Sr1`.
*   **Strict Energy Pre-Filter:** Discard any candidate with predicted `e_above_hull` > 0.05 eV/atom immediately to prevent budget waste on clearly unstable structures (>50% of this episode).
*   **Diversify Composition Sampling:** Avoid clustering around 1:2:1 ratios; use temperature-scaled sampling to actively explore under-sampled Mg-rich and Sr-rich regions.",,
Mg-Sn-Sr,4,46,Mg-Sn-Sr,Mg3 Sn1 Sr1,ternary,★ stable | 0.088 eV/atom,,,,SrMg3Sn,get_buffer_stats→list_compositions→score_buffer→query_structures→query_structures→select_for_evaluation→finish,Exploring unexplored composition SrMg3Sn with 5 structures available. First structure selected for oracle evaluation to determine stability of this co…,"Actions taken: get_buffer_stats, list_compositions, score_buffer, query_structures (Sr2MgSn, SrMg3Sn), select_for_evaluation. Final selection: SrMg3Sn…","*   **Enforce Hard Deduplication:** Implement a system-level block preventing more than one query per unique stoichiometry to eliminate redundancy (e.g., stop querying `Sr2MgSn3` after the first attempt).
*   **Mandatory Pre-Query Novelty Check:** Cross-reference all generated candidates against the known stable database *before* oracle submission to avoid wasting queries on rediscovered phases like `Mg2Sn2Sr1`.
*   **Strict Energy Pre-Filter:** Discard any candidate with predicted `e_above_hull` > 0.05 eV/atom immediately to prevent budget waste on clearly unstable structures (>50% of this episode).
*   **Diversify Composition Sampling:** Avoid clustering around 1:2:1 ratios; use temperature-scaled sampling to actively explore under-sampled Mg-rich and Sr-rich regions.",,
Mg-Sn-Sr,4,47,Mg-Sn-Sr,Mg2 Sn1 Sr4,ternary,unstable (new!) | 0.137 eV/atom,,,,"Sr3MgSn, Sr3MgSn2, Sr3MgSn3, Sr4Mg2Sn, Sr4MgSn, SrMg5Sn2, SrMgSn6",score_buffer→query_structures→query_structures→generate_structures→score_buffer→query_structures→select_for_evaluation→generate_structures→score_buffer→query_structures,"Under-explored composition not in known stable materials, has 4 structures available, oracle scores are -inf so selecting first structure for evaluati…","Selected Sr3MgSn structure index 0 (5 sites, chemeleon) for oracle evaluation. This composition has excellent predicted stability (-0.1214 eV/atom), i…","*   **Enforce Hard Deduplication:** Implement a system-level block preventing more than one query per unique stoichiometry to eliminate redundancy (e.g., stop querying `Sr2MgSn3` after the first attempt).
*   **Mandatory Pre-Query Novelty Check:** Cross-reference all generated candidates against the known stable database *before* oracle submission to avoid wasting queries on rediscovered phases like `Mg2Sn2Sr1`.
*   **Strict Energy Pre-Filter:** Discard any candidate with predicted `e_above_hull` > 0.05 eV/atom immediately to prevent budget waste on clearly unstable structures (>50% of this episode).
*   **Diversify Composition Sampling:** Avoid clustering around 1:2:1 ratios; use temperature-scaled sampling to actively explore under-sampled Mg-rich and Sr-rich regions.",,
Mg-Sn-Sr,4,48,Mg-Sn-Sr,Mg1 Sn6 Sr1,ternary,★ stable (new!) | 0.026 eV/atom,✓,Mg1 Sn6 Sr1,,"Sr2MgSn3, SrMg2, SrMg5Sn2, SrMgSn6",list_compositions→score_buffer→query_structures→query_structures→query_structures→query_structures→select_for_evaluation→select_for_evaluation→select_for_evaluation→select_for_evaluation,"Novel composition not in known stable materials, diversifying beyond 1:2:1 ratio patterns, 4 structures available for exploration","Actions taken: Selected 4 novel compositions (SrMg2, Sr2MgSn3, SrMg5Sn2, SrMgSn6) for oracle evaluation from the buffer of 87 remaining structures. Fi…","*   **Enforce Hard Deduplication:** Implement a system-level block preventing more than one query per unique stoichiometry to eliminate redundancy (e.g., stop querying `Sr2MgSn3` after the first attempt).
*   **Mandatory Pre-Query Novelty Check:** Cross-reference all generated candidates against the known stable database *before* oracle submission to avoid wasting queries on rediscovered phases like `Mg2Sn2Sr1`.
*   **Strict Energy Pre-Filter:** Discard any candidate with predicted `e_above_hull` > 0.05 eV/atom immediately to prevent budget waste on clearly unstable structures (>50% of this episode).
*   **Diversify Composition Sampling:** Avoid clustering around 1:2:1 ratios; use temperature-scaled sampling to actively explore under-sampled Mg-rich and Sr-rich regions.",,
Mg-Sn-Sr,4,49,Mg-Sn-Sr,Mg1 Sn1 Sr3,ternary,unstable (new!) | 0.228 eV/atom,,,,Sr3MgSn,list_compositions→score_buffer→query_structures→select_for_evaluation→finish,"Best predicted energy (-0.1214 eV/atom), below 0.05 threshold, novel composition not in evaluation history or known stable materials list","Actions taken: (1) Listed buffer compositions to understand distribution (87 structures, 31 compositions), (2) Scored all buffer structures with oracl…","*   **Enforce Hard Deduplication:** Implement a system-level block preventing more than one query per unique stoichiometry to eliminate redundancy (e.g., stop querying `Sr2MgSn3` after the first attempt).
*   **Mandatory Pre-Query Novelty Check:** Cross-reference all generated candidates against the known stable database *before* oracle submission to avoid wasting queries on rediscovered phases like `Mg2Sn2Sr1`.
*   **Strict Energy Pre-Filter:** Discard any candidate with predicted `e_above_hull` > 0.05 eV/atom immediately to prevent budget waste on clearly unstable structures (>50% of this episode).
*   **Diversify Composition Sampling:** Avoid clustering around 1:2:1 ratios; use temperature-scaled sampling to actively explore under-sampled Mg-rich and Sr-rich regions.",,"*   **Enforce Strict Energy Cutoff:** Discard any candidate with predicted `e_above_hull` > 0.03 eV/atom before oracle submission; 60% of this episode's budget was wasted on structures > 0.1 eV/atom.
*   **Validate Novelty Against External DB:** The trajectory marked 11 items ""NOVEL"" but outcome was 0. Cross-reference all reduced formulas against the Materials Project/OQMD database *before* generation to prevent rediscovering known binaries like `Sr2Sn`.
*   **Implement Stoichiometry Hard Block:** Prevent querying the same reduced formula more than once. Item 1 and 2 were identical `Sr2MgSn` compositions, wasting 2 queries on one stoichiometry.
*   **Prioritize Ternary Exploration:** Shift focus away from binary endpoints (e.g., `Mg2Sn`, `Sr2Sn`) which are well-characterized, towards complex ternary ratios to find true novel phases."
